Date,Home,Away,HomeScore,AwayScore,Winner,Points,GoalDiff,GoalsFor,GoalsAgainst
2023-10-10,PIT,CHI,2,4,CHI,0,-2,2,4
2023-10-11,CAR,OTT,5,3,CAR,2,2,5,3
2023-10-11,TOR,MTL,6,5,TOR,2,1,6,5
2023-10-11,BOS,CHI,3,1,BOS,2,2,3,1
2023-10-11,CGY,WPG,5,3,CGY,2,2,5,3
2023-10-11,LAK,COL,2,5,COL,0,-3,2,5
2023-10-11,VAN,EDM,8,1,VAN,2,7,8,1
2023-10-12,BUF,NYR,1,5,NYR,0,-4,1,5
2023-10-12,NJD,DET,4,3,NJD,2,1,4,3
2023-10-12,DAL,STL,2,1,DAL,2,1,2,1
2023-10-12,MIN,FLA,2,0,MIN,2,2,2,0
2023-10-12,SJS,VGK,1,4,VGK,0,-3,1,4
2023-10-13,WSH,PIT,0,4,PIT,0,-4,0,4
2023-10-14,OTT,PHI,5,2,OTT,2,3,5,2
2023-10-14,WPG,FLA,6,4,WPG,2,2,6,4
2023-10-14,BOS,NSH,3,2,BOS,2,1,3,2
2023-10-14,MTL,CHI,3,2,MTL,2,1,3,2
2023-10-14,PIT,CGY,5,2,PIT,2,3,5,2
2023-10-14,TOR,MIN,7,4,TOR,2,3,7,4
2023-10-14,NYI,BUF,3,2,NYI,2,1,3,2
2023-10-14,EDM,VAN,3,4,VAN,0,-1,3,4
2023-10-14,SJS,COL,1,2,COL,0,-1,1,2
2023-10-14,VGK,ANA,4,1,VGK,2,3,4,1
2023-10-14,LAK,CAR,5,6,CAR,0,-1,5,6
2023-10-15,ANA,CAR,6,3,ANA,2,3,6,3
2023-10-16,NJD,FLA,3,4,FLA,0,-1,3,4
2023-10-16,TOR,CHI,1,4,CHI,0,-3,1,4
2023-10-16,WSH,CGY,3,2,WSH,2,1,3,2
2023-10-17,PHI,VAN,2,0,PHI,2,2,2,0
2023-10-17,MTL,MIN,2,5,MIN,0,-3,2,5
2023-10-17,NSH,EDM,1,6,EDM,0,-5,1,6
2023-10-17,WPG,LAK,1,5,LAK,0,-4,1,5
2023-10-17,SJS,CAR,3,6,CAR,0,-3,3,6
2023-10-17,VGK,DAL,3,2,VGK,2,1,3,2
2023-10-18,OTT,WSH,6,1,OTT,2,5,6,1
2023-10-18,DET,PIT,6,3,DET,2,3,6,3
2023-10-19,BUF,CGY,3,4,CGY,0,-1,3,4
2023-10-19,FLA,TOR,3,1,FLA,2,2,3,1
2023-10-19,NYR,NSH,1,4,NSH,0,-3,1,4
2023-10-19,PHI,EDM,4,1,PHI,2,3,4,1
2023-10-19,MIN,LAK,3,7,LAK,0,-4,3,7
2023-10-19,WPG,VGK,3,5,VGK,0,-2,3,5
2023-10-19,ANA,DAL,2,3,DAL,0,-1,2,3
2023-10-19,COL,CHI,4,0,COL,2,4,4,0
2023-10-19,SJS,BOS,1,3,BOS,0,-2,1,3
2023-10-20,NYI,NJD,4,5,NJD,0,-1,4,5
2023-10-21,OTT,DET,2,5,DET,0,-3,2,5
2023-10-21,BUF,NYI,3,1,BUF,2,2,3,1
2023-10-21,FLA,VAN,3,5,VAN,0,-2,3,5
2023-10-21,MTL,WSH,3,2,MTL,2,1,3,2
2023-10-21,CHI,VGK,3,5,VGK,0,-2,3,5
2023-10-21,DAL,PHI,5,4,DAL,2,1,5,4
2023-10-21,NSH,SJS,5,1,NSH,2,4,5,1
2023-10-21,STL,PIT,4,2,STL,2,2,4,2
2023-10-21,COL,CAR,6,4,COL,2,2,6,4
2023-10-21,EDM,WPG,2,3,WPG,0,-1,2,3
2023-10-21,LAK,BOS,2,4,BOS,0,-2,2,4
2023-10-22,DET,CGY,6,2,DET,2,4,6,2
2023-10-22,ANA,BOS,1,3,BOS,0,-2,1,3
2023-10-23,BUF,MTL,1,3,MTL,0,-2,1,3
2023-10-24,WSH,TOR,1,4,TOR,0,-3,1,4
2023-10-24,OTT,BUF,4,6,BUF,0,-2,4,6
2023-10-24,MTL,NJD,2,5,NJD,0,-3,2,5
2023-10-24,PIT,DAL,1,4,DAL,0,-3,1,4
2023-10-24,FLA,SJS,3,1,FLA,2,2,3,1
2023-10-24,NYI,COL,4,7,COL,0,-3,4,7
2023-10-24,CHI,BOS,0,3,BOS,0,-3,0,3
2023-10-24,WPG,STL,4,2,WPG,2,2,4,2
2023-10-24,MIN,EDM,7,4,MIN,2,3,7,4
2023-10-24,NSH,VAN,2,3,VAN,0,-1,2,3
2023-10-24,CGY,NYR,1,3,NYR,0,-2,1,3
2023-10-24,VGK,PHI,3,2,VGK,2,1,3,2
2023-10-25,NJD,WSH,4,6,WSH,0,-2,4,6
2023-10-26,BOS,ANA,3,4,ANA,0,-1,3,4
2023-10-26,DET,WPG,1,4,WPG,0,-3,1,4
2023-10-26,PIT,COL,4,0,PIT,2,4,4,0
2023-10-26,PHI,MIN,6,2,PHI,2,4,6,2
2023-10-26,NYI,OTT,3,2,NYI,2,1,3,2
2023-10-26,DAL,TOR,1,4,TOR,0,-3,1,4
2023-10-26,CGY,STL,0,3,STL,0,-3,0,3
2023-10-26,EDM,NYR,0,3,NYR,0,-3,0,3
2023-10-27,VGK,CHI,3,4,CHI,0,-1,3,4
2023-10-27,CAR,SJS,3,0,CAR,2,3,3,0
2023-10-27,NJD,BUF,5,4,NJD,2,1,5,4
2023-10-27,WSH,MIN,3,2,WSH,2,1,3,2
2023-10-27,VAN,STL,5,0,VAN,2,5,5,0
2023-10-28,PHI,ANA,4,7,ANA,0,-3,4,7
2023-10-28,BOS,DET,4,1,BOS,2,3,4,1
2023-10-28,MTL,WPG,4,3,MTL,2,1,4,3
2023-10-28,NSH,TOR,3,2,NSH,2,1,3,2
2023-10-28,PIT,OTT,2,5,OTT,0,-3,2,5
2023-10-28,VAN,NYR,3,4,NYR,0,-1,3,4
2023-10-28,LAK,VGK,3,4,VGK,0,-1,3,4
2023-10-29,BUF,COL,4,0,BUF,2,4,4,0
2023-10-29,NJD,MIN,4,3,NJD,2,1,4,3
2023-10-29,WSH,SJS,3,1,WSH,2,2,3,1
2023-10-29,EDM,CGY,5,2,EDM,2,3,5,2
2023-10-30,BOS,FLA,3,2,BOS,2,1,3,2
2023-10-30,PHI,CAR,2,3,CAR,0,-1,2,3
2023-10-30,PIT,ANA,3,4,ANA,0,-1,3,4
2023-10-30,NYI,DET,3,4,DET,0,-1,3,4
2023-10-30,WPG,NYR,2,3,NYR,0,-1,2,3
2023-10-30,VGK,MTL,3,2,VGK,2,1,3,2
2023-10-31,TOR,LAK,1,4,LAK,0,-3,1,4
2023-10-31,VAN,NSH,5,2,VAN,2,3,5,2
2023-11-01,PHI,BUF,2,5,BUF,0,-3,2,5
2023-11-01,CGY,DAL,3,4,DAL,0,-1,3,4
2023-11-01,COL,STL,4,1,COL,2,3,4,1
2023-11-02,DET,FLA,0,2,FLA,0,-2,0,2
2023-11-02,NYR,CAR,2,1,NYR,2,1,2,1
2023-11-02,OTT,LAK,2,3,LAK,0,-1,2,3
2023-11-02,WSH,NYI,0,3,NYI,0,-3,0,3
2023-11-02,BOS,TOR,3,2,BOS,2,1,3,2
2023-11-02,MIN,NJD,3,5,NJD,0,-2,3,5
2023-11-02,EDM,DAL,3,4,DAL,0,-1,3,4
2023-11-02,VGK,WPG,5,2,VGK,2,3,5,2
2023-11-02,SJS,VAN,1,10,VAN,0,-9,1,10
2023-11-03,BUF,PHI,1,5,PHI,0,-4,1,5
2023-11-03,STL,NJD,4,1,STL,2,3,4,1
2023-11-04,EDM,NSH,2,5,NSH,0,-3,2,5
2023-11-04,DET,BOS,5,4,DET,2,1,5,4
2023-11-04,STL,MTL,6,3,STL,2,3,6,3
2023-11-04,TOR,BUF,4,6,BUF,0,-2,4,6
2023-11-04,PHI,LAK,0,5,LAK,0,-5,0,5
2023-11-04,NYI,CAR,3,4,CAR,0,-1,3,4
2023-11-04,CHI,FLA,5,2,CHI,2,3,5,2
2023-11-04,MIN,NYR,5,4,MIN,2,1,5,4
2023-11-04,SJS,PIT,2,10,PIT,0,-8,2,10
2023-11-04,VAN,DAL,2,0,VAN,2,2,2,0
2023-11-04,VGK,COL,7,0,VGK,2,7,7,0
2023-11-05,CHI,NJD,2,4,NJD,0,-2,2,4
2023-11-05,ANA,VGK,4,2,ANA,2,2,4,2
2023-11-06,DAL,BOS,2,3,BOS,0,-1,2,3
2023-11-06,VAN,EDM,6,2,VAN,2,4,6,2
2023-11-07,CAR,BUF,3,2,CAR,2,1,3,2
2023-11-07,NYI,MIN,2,4,MIN,0,-2,2,4
2023-11-07,NYR,DET,5,3,NYR,2,2,5,3
2023-11-07,STL,WPG,2,5,WPG,0,-3,2,5
2023-11-07,CGY,NSH,4,2,CGY,2,2,4,2
2023-11-07,ANA,PIT,0,2,PIT,0,-2,0,2
2023-11-07,COL,NJD,6,3,COL,2,3,6,3
2023-11-07,SJS,PHI,2,1,SJS,2,1,2,1
2023-11-08,TOR,OTT,3,6,OTT,0,-3,3,6
2023-11-08,WSH,FLA,3,4,FLA,0,-1,3,4
2023-11-08,VGK,LAK,1,4,LAK,0,-3,1,4
2023-11-09,BOS,NYI,5,2,BOS,2,3,5,2
2023-11-09,DET,MTL,2,3,MTL,0,-1,2,3
2023-11-09,NYR,MIN,4,1,NYR,2,3,4,1
2023-11-09,OTT,VAN,2,5,VAN,0,-3,2,5
2023-11-09,WPG,NSH,6,3,WPG,2,3,6,3
2023-11-09,LAK,PIT,3,4,PIT,0,-1,3,4
2023-11-09,SJS,EDM,3,2,SJS,2,1,3,2
2023-11-10,BUF,MIN,3,2,BUF,2,1,3,2
2023-11-10,FLA,CAR,5,2,FLA,2,3,5,2
2023-11-10,NJD,WSH,2,4,WSH,0,-2,2,4
2023-11-10,TOR,CGY,5,4,TOR,2,1,5,4
2023-11-10,ANA,PHI,3,6,PHI,0,-3,3,6
2023-11-10,VGK,SJS,5,0,VGK,2,5,5,0
2023-11-11,WPG,DAL,2,3,DAL,0,-1,2,3
2023-11-11,MTL,BOS,3,2,MTL,2,1,3,2
2023-11-11,OTT,CGY,4,1,OTT,2,3,4,1
2023-11-11,TOR,VAN,5,2,TOR,2,3,5,2
2023-11-11,NYI,WSH,1,4,WSH,0,-3,1,4
2023-11-11,PIT,BUF,4,0,PIT,2,4,4,0
2023-11-11,COL,STL,2,8,STL,0,-6,2,8
2023-11-11,LAK,PHI,2,4,PHI,0,-2,2,4
2023-11-12,FLA,CHI,4,3,FLA,2,1,4,3
2023-11-12,MIN,DAL,3,8,DAL,0,-5,3,8
2023-11-12,MTL,VAN,2,5,VAN,0,-3,2,5
2023-11-12,ANA,SJS,4,1,ANA,2,3,4,1
2023-11-13,EDM,NYI,4,1,EDM,2,3,4,1
2023-11-14,BUF,BOS,2,5,BOS,0,-3,2,5
2023-11-14,MTL,CGY,1,2,CGY,0,-1,1,2
2023-11-14,WSH,VGK,3,0,WSH,2,3,3,0
2023-11-14,NSH,ANA,2,3,ANA,0,-1,2,3
2023-11-14,WPG,NJD,6,3,WPG,2,3,6,3
2023-11-14,SJS,FLA,3,5,FLA,0,-2,3,5
2023-11-15,CAR,PHI,1,3,PHI,0,-2,1,3
2023-11-15,COL,ANA,8,2,COL,2,6,8,2
2023-11-15,VAN,NYI,4,3,VAN,2,1,4,3
2023-11-16,OTT,DET,5,4,OTT,2,1,5,4
2023-11-16,MTL,VGK,5,6,VGK,0,-1,5,6
2023-11-16,PIT,NJD,2,5,NJD,0,-3,2,5
2023-11-16,CGY,VAN,5,2,CGY,2,3,5,2
2023-11-16,LAK,FLA,2,1,LAK,2,1,2,1
2023-11-16,SJS,STL,5,1,SJS,2,4,5,1
2023-11-17,DET,TOR,2,3,TOR,0,-1,2,3
2023-11-17,WPG,BUF,3,2,WPG,2,1,3,2
2023-11-17,ANA,FLA,1,2,FLA,0,-1,1,2
2023-11-18,OTT,MIN,2,1,OTT,2,1,2,1
2023-11-18,PHI,VGK,4,3,PHI,2,1,4,3
2023-11-18,NSH,CHI,4,2,NSH,2,2,4,2
2023-11-18,BOS,MTL,5,2,BOS,2,3,5,2
2023-11-18,CAR,PIT,4,2,CAR,2,2,4,2
2023-11-18,CGY,NYI,4,5,NYI,0,-1,4,5
2023-11-18,NJD,NYR,3,5,NYR,0,-2,3,5
2023-11-18,DAL,COL,3,6,COL,0,-3,3,6
2023-11-18,LAK,STL,5,1,LAK,2,4,5,1
2023-11-19,MIN,TOR,3,4,TOR,0,-1,3,4
2023-11-19,PIT,VGK,3,0,PIT,2,3,3,0
2023-11-19,CHI,BUF,2,3,BUF,0,-1,2,3
2023-11-19,ANA,STL,1,3,STL,0,-2,1,3
2023-11-20,FLA,EDM,5,3,FLA,2,2,5,3
2023-11-20,DAL,NYR,6,3,DAL,2,3,6,3
2023-11-20,NSH,COL,4,3,NSH,2,1,4,3
2023-11-20,VAN,SJS,3,1,VAN,2,2,3,1
2023-11-22,CAR,EDM,6,3,CAR,2,3,6,3
2023-11-22,DET,NJD,4,0,DET,2,4,4,0
2023-11-22,FLA,BOS,1,3,BOS,0,-2,1,3
2023-11-22,PIT,NYR,0,1,NYR,0,-1,0,1
2023-11-22,WSH,BUF,4,3,WSH,2,1,4,3
2023-11-22,NYI,PHI,3,2,NYI,2,1,3,2
2023-11-22,NSH,CGY,4,2,NSH,2,2,4,2
2023-11-22,DAL,VGK,1,2,VGK,0,-1,1,2
2023-11-22,ANA,MTL,3,4,MTL,0,-1,3,4
2023-11-22,COL,VAN,5,2,COL,2,3,5,2
2023-11-24,BOS,DET,2,5,DET,0,-3,2,5
2023-11-24,PHI,NYR,1,3,NYR,0,-2,1,3
2023-11-24,CHI,TOR,4,3,CHI,2,1,4,3
2023-11-24,STL,NSH,3,8,NSH,0,-5,3,8
2023-11-24,WSH,EDM,0,5,EDM,0,-5,0,5
2023-11-24,ANA,LAK,2,5,LAK,0,-3,2,5
2023-11-24,SJS,MTL,2,3,MTL,0,-1,2,3
2023-11-24,BUF,PIT,3,2,BUF,2,1,3,2
2023-11-24,OTT,NYI,3,5,NYI,0,-2,3,5
2023-11-24,FLA,WPG,0,3,WPG,0,-3,0,3
2023-11-24,DAL,CGY,4,7,CGY,0,-3,4,7
2023-11-24,MIN,COL,2,3,COL,0,-1,2,3
2023-11-25,NYR,BOS,7,4,NYR,2,3,7,4
2023-11-25,LAK,MTL,4,0,LAK,2,4,4,0
2023-11-25,NJD,BUF,7,2,NJD,2,5,7,2
2023-11-25,PIT,TOR,3,2,PIT,2,1,3,2
2023-11-25,NYI,PHI,0,1,PHI,0,-1,0,1
2023-11-25,COL,CGY,3,1,COL,2,2,3,1
2023-11-25,SJS,VAN,4,3,SJS,2,1,4,3
2023-11-26,DET,MIN,4,1,DET,2,3,4,1
2023-11-26,CHI,STL,2,4,STL,0,-2,2,4
2023-11-26,NSH,WPG,3,2,NSH,2,1,3,2
2023-11-26,EDM,ANA,8,2,EDM,2,6,8,2
2023-11-27,NYR,BUF,1,5,BUF,0,-4,1,5
2023-11-27,OTT,FLA,0,5,FLA,0,-5,0,5
2023-11-27,CGY,VGK,2,1,CGY,2,1,2,1
2023-11-27,SJS,WSH,2,1,SJS,2,1,2,1
2023-11-28,NJD,NYI,5,4,NJD,2,1,5,4
2023-11-28,TOR,FLA,2,1,TOR,2,1,2,1
2023-11-28,PHI,CAR,1,4,CAR,0,-3,1,4
2023-11-28,MIN,STL,3,1,MIN,2,2,3,1
2023-11-28,NSH,PIT,3,2,NSH,2,1,3,2
2023-11-28,WPG,DAL,0,2,DAL,0,-2,0,2
2023-11-28,EDM,VGK,5,4,EDM,2,1,5,4
2023-11-28,VAN,ANA,3,1,VAN,2,2,3,1
2023-11-29,NYR,DET,3,2,NYR,2,1,3,2
2023-11-29,LAK,WSH,1,2,WSH,0,-1,1,2
2023-11-30,BOS,SJS,3,0,BOS,2,3,3,0
2023-11-30,DET,CHI,5,1,DET,2,4,5,1
2023-11-30,MTL,FLA,1,5,FLA,0,-4,1,5
2023-11-30,PHI,NJD,3,4,NJD,0,-1,3,4
2023-11-30,CAR,NYI,4,5,NYI,0,-1,4,5
2023-11-30,NSH,MIN,1,6,MIN,0,-5,1,6
2023-11-30,STL,BUF,6,4,STL,2,2,6,4
2023-11-30,WPG,EDM,1,3,EDM,0,-2,1,3
2023-11-30,CGY,DAL,4,3,CGY,2,1,4,3
2023-11-30,ANA,WSH,4,5,WSH,0,-1,4,5
2023-11-30,VAN,VGK,1,4,VGK,0,-3,1,4
2023-12-01,NJD,SJS,3,6,SJS,0,-3,3,6
2023-12-02,WPG,CHI,3,1,WPG,2,2,3,1
2023-12-02,NSH,NYR,3,4,NYR,0,-1,3,4
2023-12-02,FLA,NYI,3,4,NYI,0,-1,3,4
2023-12-02,CAR,BUF,6,2,CAR,2,4,6,2
2023-12-02,MTL,DET,4,5,DET,0,-1,4,5
2023-12-02,PIT,PHI,3,4,PHI,0,-1,3,4
2023-12-02,TOR,BOS,3,4,BOS,0,-1,3,4
2023-12-02,ANA,COL,4,3,ANA,2,1,4,3
2023-12-02,CGY,VAN,3,4,VAN,0,-1,3,4
2023-12-02,VGK,WSH,4,1,VGK,2,3,4,1
2023-12-03,MIN,CHI,4,1,MIN,2,3,4,1
2023-12-03,NYR,SJS,6,5,NYR,2,1,6,5
2023-12-03,BUF,NSH,1,2,NSH,0,-1,1,2
2023-12-03,LAK,COL,4,1,LAK,2,3,4,1
2023-12-04,PHI,PIT,2,1,PHI,2,1,2,1
2023-12-04,WPG,CAR,2,1,WPG,2,1,2,1
2023-12-04,VGK,STL,1,2,STL,0,-1,1,2
2023-12-05,OTT,NYR,6,2,OTT,2,4,6,2
2023-12-05,BUF,DET,3,5,DET,0,-2,3,5
2023-12-05,NYI,SJS,4,5,SJS,0,-1,4,5
2023-12-05,CHI,NSH,3,4,NSH,0,-1,3,4
2023-12-05,CGY,MIN,2,5,MIN,0,-3,2,5
2023-12-05,COL,ANA,3,2,COL,2,1,3,2
2023-12-05,VAN,NJD,5,6,NJD,0,-1,5,6
2023-12-06,FLA,DAL,5,4,FLA,2,1,5,4
2023-12-06,STL,VGK,3,6,VGK,0,-3,3,6
2023-12-06,EDM,CAR,6,1,EDM,2,5,6,1
2023-12-07,BOS,BUF,1,3,BUF,0,-2,1,3
2023-12-07,DET,SJS,5,6,SJS,0,-1,5,6
2023-12-07,MTL,LAK,0,4,LAK,0,-4,0,4
2023-12-07,OTT,TOR,3,4,TOR,0,-1,3,4
2023-12-07,WSH,DAL,4,5,DAL,0,-1,4,5
2023-12-07,CHI,ANA,1,0,CHI,2,1,1,0
2023-12-07,CGY,CAR,3,2,CGY,2,1,3,2
2023-12-07,COL,WPG,2,4,WPG,0,-2,2,4
2023-12-07,VAN,MIN,2,0,VAN,2,2,2,0
2023-12-08,FLA,PIT,3,1,FLA,2,2,3,1
2023-12-08,EDM,MIN,4,3,EDM,2,1,4,3
2023-12-09,CGY,NJD,2,4,NJD,0,-2,2,4
2023-12-09,DAL,VGK,1,6,VGK,0,-5,1,6
2023-12-09,BUF,MTL,2,3,MTL,0,-1,2,3
2023-12-09,DET,OTT,1,5,OTT,0,-4,1,5
2023-12-09,TOR,NSH,4,0,TOR,2,4,4,0
2023-12-09,WSH,NYR,4,0,WSH,2,4,4,0
2023-12-09,NYI,LAK,3,2,NYI,2,1,3,2
2023-12-09,CHI,STL,3,1,CHI,2,2,3,1
2023-12-09,COL,PHI,2,5,PHI,0,-3,2,5
2023-12-09,VAN,CAR,4,3,VAN,2,1,4,3
2023-12-10,EDM,NJD,4,1,EDM,2,3,4,1
2023-12-10,CHI,WSH,2,4,WSH,0,-2,2,4
2023-12-10,MTL,NSH,1,2,NSH,0,-1,1,2
2023-12-10,NYR,LAK,4,1,NYR,2,3,4,1
2023-12-10,ANA,WPG,2,4,WPG,0,-2,2,4
2023-12-10,VGK,SJS,5,4,VGK,2,1,5,4
2023-12-11,NYI,TOR,4,3,NYI,2,1,4,3
2023-12-11,DAL,DET,6,3,DAL,2,3,6,3
2023-12-11,COL,CGY,6,5,COL,2,1,6,5
2023-12-12,NYR,TOR,3,7,TOR,0,-4,3,7
2023-12-12,OTT,CAR,1,4,CAR,0,-3,1,4
2023-12-12,STL,DET,4,6,DET,0,-2,4,6
2023-12-12,NSH,PHI,3,2,NSH,2,1,3,2
2023-12-12,EDM,CHI,4,1,EDM,2,3,4,1
2023-12-12,VGK,CGY,5,4,VGK,2,1,5,4
2023-12-12,SJS,WPG,2,1,SJS,2,1,2,1
2023-12-13,MTL,PIT,3,4,PIT,0,-1,3,4
2023-12-13,NJD,BOS,2,1,NJD,2,1,2,1
2023-12-13,NYI,ANA,4,3,NYI,2,1,4,3
2023-12-13,COL,BUF,5,1,COL,2,4,5,1
2023-12-13,LAK,WPG,2,5,WPG,0,-3,2,5
2023-12-14,PHI,WSH,4,3,PHI,2,1,4,3
2023-12-14,DET,CAR,1,2,CAR,0,-1,1,2
2023-12-14,MIN,CGY,3,2,MIN,2,1,3,2
2023-12-14,STL,OTT,4,2,STL,2,2,4,2
2023-12-14,VAN,FLA,4,0,VAN,2,4,4,0
2023-12-15,NYR,ANA,5,1,NYR,2,4,5,1
2023-12-15,CAR,NSH,5,6,NSH,0,-1,5,6
2023-12-15,NYI,BOS,4,5,BOS,0,-1,4,5
2023-12-15,DAL,OTT,5,4,DAL,2,1,5,4
2023-12-15,VGK,BUF,2,5,BUF,0,-3,2,5
2023-12-16,MIN,VAN,2,1,MIN,2,1,2,1
2023-12-16,BOS,NYR,1,2,NYR,0,-1,1,2
2023-12-16,MTL,NYI,5,3,MTL,2,2,5,3
2023-12-16,PHI,DET,1,0,PHI,2,1,1,0
2023-12-16,TOR,PIT,7,0,TOR,2,7,7,0
2023-12-16,WPG,COL,6,2,WPG,2,4,6,2
2023-12-16,NSH,WSH,3,1,NSH,2,2,3,1
2023-12-16,STL,DAL,4,3,STL,2,1,4,3
2023-12-16,EDM,FLA,1,5,FLA,0,-4,1,5
2023-12-17,CHI,VAN,3,4,VAN,0,-1,3,4
2023-12-17,CAR,WSH,1,2,WSH,0,-1,1,2
2023-12-17,NJD,ANA,1,5,ANA,0,-4,1,5
2023-12-17,COL,SJS,6,2,COL,2,4,6,2
2023-12-17,VGK,OTT,6,3,VGK,2,3,6,3
2023-12-18,DET,ANA,3,4,ANA,0,-1,3,4
2023-12-18,PIT,MIN,4,3,PIT,2,1,4,3
2023-12-18,WPG,MTL,2,3,MTL,0,-1,2,3
2023-12-18,CGY,FLA,3,1,CGY,2,2,3,1
2023-12-19,BOS,MIN,3,4,MIN,0,-1,3,4
2023-12-19,CAR,VGK,6,3,CAR,2,3,6,3
2023-12-19,NJD,PHI,2,3,PHI,0,-1,2,3
2023-12-19,TOR,NYR,2,5,NYR,0,-3,2,5
2023-12-19,NYI,EDM,3,1,NYI,2,2,3,1
2023-12-19,NSH,VAN,2,5,VAN,0,-3,2,5
2023-12-19,CHI,COL,3,2,CHI,2,1,3,2
2023-12-19,SJS,LAK,1,4,LAK,0,-3,1,4
2023-12-20,WPG,DET,5,2,WPG,2,3,5,2
2023-12-20,WSH,NYI,3,2,WSH,2,1,3,2
2023-12-21,BUF,TOR,9,3,BUF,2,6,9,3
2023-12-21,FLA,STL,1,4,STL,0,-3,1,4
2023-12-21,PHI,NSH,2,4,NSH,0,-2,2,4
2023-12-21,PIT,CAR,2,1,PIT,2,1,2,1
2023-12-21,NJD,EDM,3,6,EDM,0,-3,3,6
2023-12-21,DAL,VAN,4,3,DAL,2,1,4,3
2023-12-21,MIN,MTL,4,3,MIN,2,1,4,3
2023-12-21,COL,OTT,6,4,COL,2,2,6,4
2023-12-21,ANA,CGY,0,3,CGY,0,-3,0,3
2023-12-22,DET,PHI,7,6,DET,2,1,7,6
2023-12-22,NYR,EDM,3,4,EDM,0,-1,3,4
2023-12-22,WPG,BOS,5,1,WPG,2,4,5,1
2023-12-22,CHI,MTL,2,5,MTL,0,-3,2,5
2023-12-23,NSH,DAL,2,3,DAL,0,-1,2,3
2023-12-23,FLA,VGK,4,2,FLA,2,2,4,2
2023-12-23,MIN,BOS,3,2,MIN,2,1,3,2
2023-12-23,NJD,DET,3,2,NJD,2,1,3,2
2023-12-23,OTT,PIT,5,4,OTT,2,1,5,4
2023-12-23,CAR,NYI,4,5,NYI,0,-1,4,5
2023-12-23,NYR,BUF,4,3,NYR,2,1,4,3
2023-12-23,STL,CHI,7,5,STL,2,2,7,5
2023-12-23,LAK,CGY,5,3,LAK,2,2,5,3
2023-12-23,VAN,SJS,7,4,VAN,2,3,7,4
2023-12-27,NYR,WSH,5,1,NYR,2,4,5,1
2023-12-27,TOR,OTT,2,4,OTT,0,-2,2,4
2023-12-27,BUF,BOS,1,4,BOS,0,-3,1,4
2023-12-27,NYI,PIT,0,7,PIT,0,-7,0,7
2023-12-27,MIN,DET,6,3,MIN,2,3,6,3
2023-12-27,NSH,CAR,2,5,CAR,0,-3,2,5
2023-12-27,STL,DAL,2,1,STL,2,1,2,1
2023-12-27,CHI,WPG,2,1,CHI,2,1,2,1
2023-12-27,ANA,VGK,5,2,ANA,2,3,5,2
2023-12-27,LAK,SJS,5,1,LAK,2,4,5,1
2023-12-28,CAR,MTL,5,3,CAR,2,2,5,3
2023-12-28,VAN,PHI,1,4,PHI,0,-3,1,4
2023-12-28,VGK,LAK,3,2,VGK,2,1,3,2
2023-12-28,SJS,EDM,0,5,EDM,0,-5,0,5
2023-12-29,DET,NSH,5,4,DET,2,1,5,4
2023-12-29,FLA,NYR,4,3,FLA,2,1,4,3
2023-12-29,OTT,NJD,2,6,NJD,0,-4,2,6
2023-12-29,NYI,WSH,5,1,NYI,2,4,5,1
2023-12-29,DAL,CHI,5,4,DAL,2,1,5,4
2023-12-29,STL,COL,1,2,COL,0,-1,1,2
2023-12-30,WPG,MIN,4,2,WPG,2,2,4,2
2023-12-30,BOS,NJD,5,2,BOS,2,3,5,2
2023-12-30,FLA,MTL,4,1,FLA,2,3,4,1
2023-12-30,PIT,STL,4,2,PIT,2,2,4,2
2023-12-30,TOR,CAR,2,3,CAR,0,-1,2,3
2023-12-30,WSH,NSH,2,3,NSH,0,-1,2,3
2023-12-30,LAK,EDM,2,3,EDM,0,-1,2,3
2023-12-31,MIN,WPG,2,3,WPG,0,-1,2,3
2023-12-31,DET,BOS,3,5,BOS,0,-2,3,5
2023-12-31,OTT,BUF,5,1,OTT,2,4,5,1
2023-12-31,PIT,NYI,3,1,PIT,2,2,3,1
2023-12-31,ANA,EDM,2,7,EDM,0,-5,2,7
2023-12-31,CGY,PHI,4,3,CGY,2,1,4,3
2023-12-31,COL,SJS,3,1,COL,2,2,3,1
2023-12-31,DAL,CHI,8,1,DAL,2,7,8,1
2024-01-02,NYR,CAR,1,6,CAR,0,-5,1,6
2024-01-02,PIT,WSH,3,4,WSH,0,-1,3,4
2024-01-02,DAL,MTL,3,4,MTL,0,-1,3,4
2024-01-02,MIN,CGY,1,3,CGY,0,-2,1,3
2024-01-02,NSH,CHI,3,0,NSH,2,3,3,0
2024-01-02,COL,NYI,5,4,COL,2,1,5,4
2024-01-02,EDM,PHI,5,2,EDM,2,3,5,2
2024-01-02,VAN,OTT,6,3,VAN,2,3,6,3
2024-01-02,LAK,TOR,0,3,TOR,0,-3,0,3
2024-01-02,SJS,DET,3,5,DET,0,-2,3,5
2024-01-03,WSH,NJD,3,6,NJD,0,-3,3,6
2024-01-03,ANA,TOR,1,2,TOR,0,-1,1,2
2024-01-04,BOS,PIT,5,6,PIT,0,-1,5,6
2024-01-04,MTL,BUF,1,6,BUF,0,-5,1,6
2024-01-04,NYR,CHI,4,1,NYR,2,3,4,1
2024-01-04,DAL,COL,4,5,COL,0,-1,4,5
2024-01-04,NSH,CGY,3,6,CGY,0,-3,3,6
2024-01-04,STL,VAN,2,1,STL,2,1,2,1
2024-01-04,VGK,FLA,1,4,FLA,0,-3,1,4
2024-01-04,LAK,DET,3,4,DET,0,-1,3,4
2024-01-04,SJS,WPG,1,2,WPG,0,-1,1,2
2024-01-05,NJD,CHI,4,2,NJD,2,2,4,2
2024-01-05,WSH,CAR,2,6,CAR,0,-4,2,6
2024-01-05,ANA,WPG,1,3,WPG,0,-2,1,3
2024-01-06,PHI,CGY,3,2,PHI,2,1,3,2
2024-01-06,COL,FLA,4,8,FLA,0,-4,4,8
2024-01-06,MTL,NYR,4,3,MTL,2,1,4,3
2024-01-06,NJD,VAN,4,6,VAN,0,-2,4,6
2024-01-06,PIT,BUF,1,3,BUF,0,-2,1,3
2024-01-06,SJS,TOR,1,4,TOR,0,-3,1,4
2024-01-06,CAR,STL,1,2,STL,0,-1,1,2
2024-01-06,DAL,NSH,3,4,NSH,0,-1,3,4
2024-01-06,EDM,OTT,3,1,EDM,2,2,3,1
2024-01-06,VGK,NYI,5,2,VGK,2,3,5,2
2024-01-07,CHI,CGY,4,3,CHI,2,1,4,3
2024-01-07,WSH,LAK,4,3,WSH,2,1,4,3
2024-01-07,ANA,DET,2,3,DET,0,-1,2,3
2024-01-08,NYR,VAN,3,6,VAN,0,-3,3,6
2024-01-08,PHI,PIT,1,4,PIT,0,-3,1,4
2024-01-08,MIN,DAL,0,4,DAL,0,-4,0,4
2024-01-08,COL,BOS,4,3,COL,2,1,4,3
2024-01-09,TOR,SJS,7,1,TOR,2,6,7,1
2024-01-09,NYI,VAN,2,5,VAN,0,-3,2,5
2024-01-09,NSH,ANA,3,5,ANA,0,-2,3,5
2024-01-09,STL,FLA,1,5,FLA,0,-4,1,5
2024-01-09,CHI,EDM,1,2,EDM,0,-1,1,2
2024-01-09,CGY,OTT,6,3,CGY,2,3,6,3
2024-01-10,PHI,MTL,3,2,PHI,2,1,3,2
2024-01-10,DAL,MIN,7,2,DAL,2,5,7,2
2024-01-10,COL,VGK,3,0,COL,2,3,3,0
2024-01-11,BUF,OTT,5,3,BUF,2,2,5,3
2024-01-11,CAR,ANA,6,3,CAR,2,3,6,3
2024-01-11,DET,EDM,2,3,EDM,0,-1,2,3
2024-01-11,FLA,LAK,3,2,FLA,2,1,3,2
2024-01-11,MTL,SJS,2,3,SJS,0,-1,2,3
2024-01-11,PIT,VAN,3,4,VAN,0,-1,3,4
2024-01-11,NYI,TOR,4,3,NYI,2,1,4,3
2024-01-11,STL,NYR,5,2,STL,2,3,5,2
2024-01-11,WPG,CHI,2,1,WPG,2,1,2,1
2024-01-11,VGK,BOS,2,1,VGK,2,1,2,1
2024-01-12,DAL,NSH,3,6,NSH,0,-3,3,6
2024-01-12,MIN,PHI,3,4,PHI,0,-1,3,4
2024-01-13,WSH,NYR,3,2,WSH,2,1,3,2
2024-01-13,BUF,VAN,0,1,VAN,0,-1,0,1
2024-01-13,OTT,SJS,5,4,OTT,2,1,5,4
2024-01-13,FLA,NJD,1,4,NJD,0,-3,1,4
2024-01-13,CAR,PIT,3,2,CAR,2,1,3,2
2024-01-13,DET,LAK,5,3,DET,2,2,5,3
2024-01-13,MTL,EDM,1,2,EDM,0,-1,1,2
2024-01-13,TOR,COL,3,5,COL,0,-2,3,5
2024-01-13,WPG,PHI,0,2,PHI,0,-2,0,2
2024-01-13,CHI,DAL,1,3,DAL,0,-2,1,3
2024-01-13,NSH,NYI,3,1,NSH,2,2,3,1
2024-01-13,STL,BOS,3,4,BOS,0,-1,3,4
2024-01-13,VGK,CGY,1,3,CGY,0,-2,1,3
2024-01-14,NYR,WSH,2,1,NYR,2,1,2,1
2024-01-14,TOR,DET,2,4,DET,0,-2,2,4
2024-01-15,BUF,SJS,3,0,BUF,2,3,3,0
2024-01-15,BOS,NJD,3,0,BOS,2,3,3,0
2024-01-15,FLA,ANA,4,5,ANA,0,-1,4,5
2024-01-15,CAR,LAK,2,5,LAK,0,-3,2,5
2024-01-15,MIN,NYI,5,0,MIN,2,5,5,0
2024-01-15,VGK,NSH,4,1,VGK,2,3,4,1
2024-01-15,MTL,COL,4,3,MTL,2,1,4,3
2024-01-15,STL,PHI,2,4,PHI,0,-2,2,4
2024-01-16,OTT,COL,4,7,COL,0,-3,4,7
2024-01-16,WSH,ANA,2,0,WSH,2,2,2,0
2024-01-16,DAL,LAK,5,1,DAL,2,4,5,1
2024-01-16,WPG,NYI,4,2,WPG,2,2,4,2
2024-01-16,CHI,SJS,2,1,CHI,2,1,2,1
2024-01-16,EDM,TOR,4,2,EDM,2,2,4,2
2024-01-17,FLA,DET,2,3,DET,0,-1,2,3
2024-01-17,NJD,MTL,2,3,MTL,0,-1,2,3
2024-01-18,BUF,CHI,3,0,BUF,2,3,3,0
2024-01-18,BOS,COL,5,2,BOS,2,3,5,2
2024-01-18,OTT,MTL,6,2,OTT,2,4,6,2
2024-01-18,PHI,DAL,5,1,PHI,2,4,5,1
2024-01-18,WSH,STL,5,2,WSH,2,3,5,2
2024-01-18,CGY,TOR,3,4,TOR,0,-1,3,4
2024-01-18,LAK,NSH,1,2,NSH,0,-1,1,2
2024-01-18,VGK,NYR,5,1,VGK,2,4,5,1
2024-01-19,CAR,DET,4,2,CAR,2,2,4,2
2024-01-19,FLA,MIN,4,6,MIN,0,-2,4,6
2024-01-19,CHI,NYI,4,3,CHI,2,1,4,3
2024-01-20,PHI,COL,4,7,COL,0,-3,4,7
2024-01-20,OTT,WPG,1,2,WPG,0,-1,1,2
2024-01-20,BOS,MTL,9,4,BOS,2,5,9,4
2024-01-20,NJD,DAL,2,6,DAL,0,-4,2,6
2024-01-20,VAN,TOR,6,4,VAN,2,2,6,4
2024-01-20,STL,WSH,3,0,STL,2,3,3,0
2024-01-20,CGY,EDM,1,3,EDM,0,-2,1,3
2024-01-20,SJS,ANA,5,3,SJS,2,2,5,3
2024-01-20,VGK,PIT,3,2,VGK,2,1,3,2
2024-01-20,LAK,NYR,2,1,LAK,2,1,2,1
2024-01-21,PHI,OTT,3,5,OTT,0,-2,3,5
2024-01-21,CAR,MIN,2,5,MIN,0,-3,2,5
2024-01-21,NYI,DAL,3,2,NYI,2,1,3,2
2024-01-21,ANA,NYR,2,5,NYR,0,-3,2,5
2024-01-22,BOS,WPG,4,1,BOS,2,3,4,1
2024-01-22,NJD,VGK,6,5,NJD,2,1,6,5
2024-01-22,NSH,FLA,1,4,FLA,0,-3,1,4
2024-01-22,VAN,CHI,2,0,VAN,2,2,2,0
2024-01-22,LAK,SJS,3,4,SJS,0,-1,3,4
2024-01-23,DET,DAL,4,5,DAL,0,-1,4,5
2024-01-23,MTL,OTT,1,4,OTT,0,-3,1,4
2024-01-23,NYI,VGK,2,3,VGK,0,-1,2,3
2024-01-23,MIN,WSH,5,3,MIN,2,2,5,3
2024-01-23,CGY,STL,3,4,STL,0,-1,3,4
2024-01-23,ANA,BUF,4,2,ANA,2,2,4,2
2024-01-23,SJS,NYR,3,2,SJS,2,1,3,2
2024-01-24,TOR,WPG,1,0,TOR,2,1,1,0
2024-01-24,BOS,CAR,2,3,CAR,0,-1,2,3
2024-01-24,COL,WSH,6,2,COL,2,4,6,2
2024-01-24,VAN,STL,3,4,STL,0,-1,3,4
2024-01-24,LAK,BUF,3,5,BUF,0,-2,3,5
2024-01-25,DET,PHI,3,0,DET,2,3,3,0
2024-01-25,MTL,NYI,4,3,MTL,2,1,4,3
2024-01-25,OTT,BOS,2,3,BOS,0,-1,2,3
2024-01-25,CAR,NJD,3,2,CAR,2,1,3,2
2024-01-25,DAL,ANA,4,3,DAL,2,1,4,3
2024-01-25,MIN,NSH,2,3,NSH,0,-1,2,3
2024-01-25,EDM,CHI,3,0,EDM,2,3,3,0
2024-01-26,NYR,VGK,2,5,VGK,0,-3,2,5
2024-01-26,PIT,FLA,2,3,FLA,0,-1,2,3
2024-01-26,COL,LAK,5,1,COL,2,4,5,1
2024-01-27,PHI,BOS,2,6,BOS,0,-4,2,6
2024-01-27,DAL,WSH,5,4,DAL,2,1,5,4
2024-01-27,EDM,NSH,4,1,EDM,2,3,4,1
2024-01-27,SJS,BUF,2,5,BUF,0,-3,2,5
2024-01-27,OTT,NYR,2,7,NYR,0,-5,2,7
2024-01-27,PIT,MTL,3,2,PIT,2,1,3,2
2024-01-27,WPG,TOR,2,4,TOR,0,-2,2,4
2024-01-27,NYI,FLA,2,3,FLA,0,-1,2,3
2024-01-27,DET,VGK,5,2,DET,2,3,5,2
2024-01-27,MIN,ANA,2,3,ANA,0,-1,2,3
2024-01-27,CGY,CHI,1,0,CGY,2,1,1,0
2024-01-28,STL,LAK,4,3,STL,2,1,4,3
2024-01-29,OTT,NSH,4,3,OTT,2,1,4,3
2024-01-31,DET,OTT,2,3,OTT,0,-1,2,3
2024-01-31,NSH,LAK,2,4,LAK,0,-2,2,4
2024-01-31,ANA,SJS,3,2,ANA,2,1,3,2
2024-02-05,NYR,COL,2,1,NYR,2,1,2,1
2024-02-05,TOR,NYI,2,3,NYI,0,-1,2,3
2024-02-06,BOS,CGY,1,4,CGY,0,-3,1,4
2024-02-06,BUF,DAL,1,2,DAL,0,-1,1,2
2024-02-06,CAR,VAN,2,3,VAN,0,-1,2,3
2024-02-06,FLA,PHI,1,2,PHI,0,-1,1,2
2024-02-06,PIT,WPG,3,0,PIT,2,3,3,0
2024-02-06,WSH,MTL,2,5,MTL,0,-3,2,5
2024-02-06,NJD,COL,5,3,NJD,2,2,5,3
2024-02-06,VGK,EDM,3,1,VGK,2,2,3,1
2024-02-07,TOR,DAL,5,4,TOR,2,1,5,4
2024-02-07,CHI,MIN,1,2,MIN,0,-1,1,2
2024-02-08,BOS,VAN,4,0,BOS,2,4,4,0
2024-02-08,FLA,WSH,4,2,FLA,2,2,4,2
2024-02-08,NJD,CGY,3,5,CGY,0,-2,3,5
2024-02-08,PHI,WPG,4,1,PHI,2,3,4,1
2024-02-08,CAR,COL,5,2,CAR,2,3,5,2
2024-02-09,MIN,PIT,3,2,MIN,2,1,3,2
2024-02-09,CHI,NYR,3,4,NYR,0,-1,3,4
2024-02-09,ANA,EDM,3,5,EDM,0,-2,3,5
2024-02-10,BUF,STL,1,3,STL,0,-2,1,3
2024-02-10,DET,VAN,4,3,DET,2,1,4,3
2024-02-10,MTL,DAL,2,3,DAL,0,-1,2,3
2024-02-10,NYI,CGY,2,5,CGY,0,-3,2,5
2024-02-10,BOS,WSH,0,3,WSH,0,-3,0,3
2024-02-10,FLA,COL,4,0,FLA,2,4,4,0
2024-02-10,CAR,NJD,1,0,CAR,2,1,1,0
2024-02-10,OTT,TOR,5,3,OTT,2,2,5,3
2024-02-10,WPG,PIT,2,1,WPG,2,1,2,1
2024-02-10,LAK,EDM,4,0,LAK,2,4,4,0
2024-02-11,MTL,STL,2,7,STL,0,-5,2,7
2024-02-11,WSH,VAN,2,3,VAN,0,-1,2,3
2024-02-12,NYR,CGY,2,0,NYR,2,2,2,0
2024-02-12,VGK,MIN,3,5,MIN,0,-2,3,5
2024-02-13,BUF,LAK,7,0,BUF,2,7,7,0
2024-02-13,MTL,ANA,5,0,MTL,2,5,5,0
2024-02-13,TOR,STL,4,1,TOR,2,3,4,1
2024-02-13,WSH,COL,3,6,COL,0,-3,3,6
2024-02-13,DAL,CAR,4,2,DAL,2,2,4,2
2024-02-13,NSH,NJD,2,4,NJD,0,-2,2,4
2024-02-13,CHI,VAN,2,4,VAN,0,-2,2,4
2024-02-13,EDM,DET,8,4,EDM,2,4,8,4
2024-02-14,PIT,FLA,2,5,FLA,0,-3,2,5
2024-02-14,WPG,SJS,1,0,WPG,2,1,1,0
2024-02-15,BUF,FLA,0,4,FLA,0,-4,0,4
2024-02-15,NJD,LAK,1,2,LAK,0,-1,1,2
2024-02-15,NYR,MTL,7,4,NYR,2,3,7,4
2024-02-15,OTT,ANA,1,5,ANA,0,-4,1,5
2024-02-15,TOR,PHI,4,3,TOR,2,1,4,3
2024-02-15,STL,EDM,6,3,STL,2,3,6,3
2024-02-15,NSH,DAL,2,9,DAL,0,-7,2,9
2024-02-15,CHI,PIT,1,4,PIT,0,-3,1,4
2024-02-15,CGY,SJS,3,6,SJS,0,-3,3,6
2024-02-15,VAN,DET,4,1,VAN,2,3,4,1
2024-02-17,BOS,LAK,4,5,LAK,0,-1,4,5
2024-02-17,DAL,EDM,3,4,EDM,0,-1,3,4
2024-02-17,CHI,OTT,3,2,CHI,2,1,3,2
2024-02-17,CGY,DET,0,5,DET,0,-5,0,5
2024-02-17,MIN,BUF,2,3,BUF,0,-1,2,3
2024-02-17,STL,NSH,2,5,NSH,0,-3,2,5
2024-02-17,MTL,WSH,3,4,WSH,0,-1,3,4
2024-02-17,TOR,ANA,9,2,TOR,2,7,9,2
2024-02-17,NJD,PHI,6,3,NJD,2,3,6,3
2024-02-17,VAN,WPG,2,4,WPG,0,-2,2,4
2024-02-17,VGK,CAR,1,3,CAR,0,-2,1,3
2024-02-18,NYI,NYR,5,6,NYR,0,-1,5,6
2024-02-18,PIT,LAK,1,2,LAK,0,-1,1,2
2024-02-19,BUF,ANA,3,4,ANA,0,-1,3,4
2024-02-19,BOS,DAL,4,3,BOS,2,1,4,3
2024-02-19,STL,TOR,2,4,TOR,0,-2,2,4
2024-02-19,MIN,VAN,10,7,MIN,2,3,10,7
2024-02-19,CGY,WPG,6,3,CGY,2,3,6,3
2024-02-19,SJS,VGK,0,4,VGK,0,-4,0,4
2024-02-19,CAR,CHI,6,3,CAR,2,3,6,3
2024-02-20,FLA,OTT,3,2,FLA,2,1,3,2
2024-02-20,NYR,DAL,3,1,NYR,2,2,3,1
2024-02-20,PIT,NYI,4,5,NYI,0,-1,4,5
2024-02-20,WSH,NJD,6,2,WSH,2,4,6,2
2024-02-20,WPG,MIN,6,3,WPG,2,3,6,3
2024-02-20,COL,VAN,3,1,COL,2,2,3,1
2024-02-20,VGK,NSH,3,5,NSH,0,-2,3,5
2024-02-21,MTL,BUF,2,3,BUF,0,-1,2,3
2024-02-21,CHI,PHI,1,3,PHI,0,-2,1,3
2024-02-21,EDM,BOS,5,6,BOS,0,-1,5,6
2024-02-22,CAR,FLA,1,0,CAR,2,1,1,0
2024-02-22,DET,COL,2,1,DET,2,1,2,1
2024-02-22,NJD,NYR,1,5,NYR,0,-4,1,5
2024-02-22,OTT,DAL,4,1,OTT,2,3,4,1
2024-02-22,PIT,MTL,4,1,PIT,2,3,4,1
2024-02-22,STL,NYI,4,0,STL,2,4,4,0
2024-02-22,CGY,BOS,3,2,CGY,2,1,3,2
2024-02-22,VGK,TOR,3,7,TOR,0,-4,3,7
2024-02-22,LAK,NSH,1,4,NSH,0,-3,1,4
2024-02-23,CHI,WPG,2,3,WPG,0,-1,2,3
2024-02-23,EDM,MIN,2,4,MIN,0,-2,2,4
2024-02-24,DET,STL,6,1,DET,2,5,6,1
2024-02-24,NJD,MTL,4,3,NJD,2,1,4,3
2024-02-24,PHI,NYR,1,2,NYR,0,-1,1,2
2024-02-24,FLA,WSH,3,2,FLA,2,1,3,2
2024-02-24,COL,TOR,3,4,TOR,0,-1,3,4
2024-02-24,OTT,VGK,4,3,OTT,2,1,4,3
2024-02-24,VAN,BOS,3,2,VAN,2,1,3,2
2024-02-24,CAR,DAL,1,2,DAL,0,-1,1,2
2024-02-24,EDM,CGY,3,6,CGY,0,-3,3,6
2024-02-24,SJS,NSH,2,4,NSH,0,-2,2,4
2024-02-24,LAK,ANA,3,2,LAK,2,1,3,2
2024-02-25,PIT,PHI,7,6,PIT,2,1,7,6
2024-02-25,BUF,CAR,3,2,BUF,2,1,3,2
2024-02-25,CHI,DET,2,3,DET,0,-1,2,3
2024-02-25,ANA,NSH,2,4,NSH,0,-2,2,4
2024-02-26,WSH,OTT,6,3,WSH,2,3,6,3
2024-02-26,DAL,NYI,2,3,NYI,0,-1,2,3
2024-02-26,EDM,LAK,4,2,EDM,2,2,4,2
2024-02-27,DET,WSH,8,3,DET,2,5,8,3
2024-02-27,FLA,BUF,3,2,FLA,2,1,3,2
2024-02-27,TOR,VGK,2,6,VGK,0,-4,2,6
2024-02-27,MIN,CAR,2,3,CAR,0,-1,2,3
2024-02-27,NSH,OTT,4,1,NSH,2,3,4,1
2024-02-27,WPG,STL,4,2,WPG,2,2,4,2
2024-02-27,CGY,LAK,4,2,CGY,2,2,4,2
2024-02-27,COL,DAL,5,1,COL,2,4,5,1
2024-02-27,VAN,PIT,3,4,PIT,0,-1,3,4
2024-02-27,SJS,NJD,2,7,NJD,0,-5,2,7
2024-02-28,EDM,STL,3,2,EDM,2,1,3,2
2024-02-29,BOS,VGK,5,4,BOS,2,1,5,4
2024-02-29,DET,NYI,3,5,NYI,0,-2,3,5
2024-02-29,FLA,MTL,4,3,FLA,2,1,4,3
2024-02-29,DAL,WPG,4,1,DAL,2,3,4,1
2024-02-29,NSH,MIN,6,1,NSH,2,5,6,1
2024-02-29,CHI,COL,0,5,COL,0,-5,0,5
2024-02-29,VAN,LAK,1,5,LAK,0,-4,1,5
2024-02-29,SJS,ANA,4,6,ANA,0,-2,4,6
2024-03-01,WSH,PHI,5,2,WSH,2,3,5,2
2024-03-01,ANA,NJD,4,3,ANA,2,1,4,3
2024-03-02,CAR,WPG,3,5,WPG,0,-2,3,5
2024-03-02,DET,FLA,0,4,FLA,0,-4,0,4
2024-03-02,NSH,COL,5,1,NSH,2,4,5,1
2024-03-02,STL,MIN,3,1,STL,2,2,3,1
2024-03-02,BUF,VGK,7,2,BUF,2,5,7,2
2024-03-02,PHI,OTT,4,2,PHI,2,2,4,2
2024-03-02,TOR,NYR,4,3,TOR,2,1,4,3
2024-03-02,NYI,BOS,5,1,NYI,2,4,5,1
2024-03-02,DAL,SJS,3,2,DAL,2,1,3,2
2024-03-02,CGY,PIT,4,3,CGY,2,1,4,3
2024-03-03,LAK,NJD,5,1,LAK,2,4,5,1
2024-03-03,BUF,WPG,2,5,WPG,0,-3,2,5
2024-03-03,MIN,SJS,4,3,MIN,2,1,4,3
2024-03-03,ANA,VAN,1,2,VAN,0,-1,1,2
2024-03-03,EDM,PIT,6,1,EDM,2,5,6,1
2024-03-04,NYR,FLA,2,4,FLA,0,-2,2,4
2024-03-04,PHI,STL,1,2,STL,0,-1,1,2
2024-03-04,TOR,BOS,1,4,BOS,0,-3,1,4
2024-03-04,COL,CHI,5,0,COL,2,5,5,0
2024-03-05,NJD,FLA,3,5,FLA,0,-2,3,5
2024-03-05,BOS,EDM,1,2,EDM,0,-1,1,2
2024-03-05,NYI,STL,4,2,NYI,2,2,4,2
2024-03-05,NSH,MTL,3,4,MTL,0,-1,3,4
2024-03-05,LAK,VAN,1,2,VAN,0,-1,1,2
2024-03-05,SJS,DAL,6,7,DAL,0,-1,6,7
2024-03-06,TOR,BUF,2,1,TOR,2,1,2,1
2024-03-06,COL,DET,7,2,COL,2,5,7,2
2024-03-06,ANA,OTT,2,1,ANA,2,1,2,1
2024-03-07,BOS,TOR,4,1,BOS,2,3,4,1
2024-03-07,CAR,MTL,4,1,CAR,2,3,4,1
2024-03-07,FLA,PHI,1,2,PHI,0,-1,1,2
2024-03-07,NJD,STL,4,1,NJD,2,3,4,1
2024-03-07,PIT,WSH,0,6,WSH,0,-6,0,6
2024-03-07,NSH,BUF,4,2,NSH,2,2,4,2
2024-03-07,VGK,VAN,1,3,VAN,0,-2,1,3
2024-03-07,LAK,OTT,4,3,LAK,2,1,4,3
2024-03-07,SJS,NYI,2,7,NYI,0,-5,2,7
2024-03-08,COL,MIN,2,1,COL,2,1,2,1
2024-03-08,ANA,DAL,2,6,DAL,0,-4,2,6
2024-03-09,BUF,EDM,3,2,BUF,2,1,3,2
2024-03-09,NJD,CAR,2,4,CAR,0,-2,2,4
2024-03-09,BOS,PIT,5,1,BOS,2,4,5,1
2024-03-09,FLA,CGY,5,1,FLA,2,4,5,1
2024-03-09,MTL,TOR,2,3,TOR,0,-1,2,3
2024-03-09,SJS,OTT,2,1,SJS,2,1,2,1
2024-03-09,WSH,CHI,4,1,WSH,2,3,4,1
2024-03-09,NYR,STL,4,0,NYR,2,4,4,0
2024-03-09,VAN,WPG,5,0,VAN,2,5,5,0
2024-03-09,VGK,DET,5,3,VGK,2,2,5,3
2024-03-09,LAK,DAL,1,4,DAL,0,-3,1,4
2024-03-10,PIT,EDM,0,4,EDM,0,-4,0,4
2024-03-10,MIN,NSH,4,3,MIN,2,1,4,3
2024-03-10,CAR,CGY,7,2,CAR,2,5,7,2
2024-03-10,ANA,NYI,1,6,NYI,0,-5,1,6
2024-03-11,BOS,STL,1,5,STL,0,-4,1,5
2024-03-11,NYR,NJD,3,1,NYR,2,2,3,1
2024-03-11,WPG,WSH,3,0,WPG,2,3,3,0
2024-03-11,LAK,NYI,3,0,LAK,2,3,3,0
2024-03-12,BUF,DET,7,3,BUF,2,4,7,3
2024-03-12,CAR,NYR,0,1,NYR,0,-1,0,1
2024-03-12,OTT,PIT,2,1,OTT,2,1,2,1
2024-03-12,PHI,SJS,3,2,PHI,2,1,3,2
2024-03-12,DAL,FLA,3,4,FLA,0,-1,3,4
2024-03-12,CHI,ANA,7,2,CHI,2,5,7,2
2024-03-12,CGY,COL,2,6,COL,0,-4,2,6
2024-03-13,STL,LAK,3,1,STL,2,2,3,1
2024-03-13,WPG,NSH,2,4,NSH,0,-2,2,4
2024-03-13,EDM,WSH,7,2,EDM,2,5,7,2
2024-03-13,VAN,COL,3,4,COL,0,-1,3,4
2024-03-14,BUF,NYI,4,0,BUF,2,4,4,0
2024-03-14,CAR,FLA,4,0,CAR,2,4,4,0
2024-03-14,MTL,BOS,1,2,BOS,0,-1,1,2
2024-03-14,PIT,SJS,6,3,PIT,2,3,6,3
2024-03-14,PHI,TOR,2,6,TOR,0,-4,2,6
2024-03-14,DAL,NJD,2,6,NJD,0,-4,2,6
2024-03-14,MIN,ANA,2,0,MIN,2,2,2,0
2024-03-14,CGY,VGK,4,1,CGY,2,3,4,1
2024-03-15,WPG,ANA,6,0,WPG,2,6,6,0
2024-03-15,CHI,LAK,0,5,LAK,0,-5,0,5
2024-03-16,DET,BUF,4,1,DET,2,3,4,1
2024-03-16,NYI,OTT,3,4,OTT,0,-1,3,4
2024-03-16,PIT,NYR,4,7,NYR,0,-3,4,7
2024-03-16,BOS,PHI,6,5,BOS,2,1,6,5
2024-03-16,CGY,MTL,5,2,CGY,2,3,5,2
2024-03-16,TOR,CAR,4,5,CAR,0,-1,4,5
2024-03-16,DAL,LAK,4,1,DAL,2,3,4,1
2024-03-16,STL,MIN,3,2,STL,2,1,3,2
2024-03-16,EDM,COL,2,3,COL,0,-1,2,3
2024-03-16,VAN,WSH,1,2,WSH,0,-1,1,2
2024-03-17,NYR,NYI,5,2,NYR,2,3,5,2
2024-03-17,VGK,NJD,3,1,VGK,2,2,3,1
2024-03-17,CHI,SJS,5,2,CHI,2,3,5,2
2024-03-17,OTT,CAR,2,7,CAR,0,-5,2,7
2024-03-17,PIT,DET,6,3,PIT,2,3,6,3
2024-03-17,STL,ANA,4,2,STL,2,2,4,2
2024-03-18,CGY,WSH,2,5,WSH,0,-3,2,5
2024-03-19,BOS,OTT,6,2,BOS,2,4,6,2
2024-03-19,NJD,PIT,5,2,NJD,2,3,5,2
2024-03-19,NYR,WPG,2,4,WPG,0,-2,2,4
2024-03-19,PHI,TOR,4,3,PHI,2,1,4,3
2024-03-19,NYI,CAR,1,4,CAR,0,-3,1,4
2024-03-19,NSH,SJS,8,2,NSH,2,6,8,2
2024-03-19,STL,COL,3,4,COL,0,-1,3,4
2024-03-19,EDM,MTL,3,2,EDM,2,1,3,2
2024-03-19,ANA,MIN,0,4,MIN,0,-4,0,4
2024-03-19,LAK,CHI,6,2,LAK,2,4,6,2
2024-03-19,VAN,BUF,3,2,VAN,2,1,3,2
2024-03-20,WSH,TOR,3,7,TOR,0,-4,3,7
2024-03-20,LAK,MIN,6,0,LAK,2,6,6,0
2024-03-21,BOS,NYR,2,5,NYR,0,-3,2,5
2024-03-21,CAR,PHI,3,2,CAR,2,1,3,2
2024-03-21,DET,NYI,6,3,DET,2,3,6,3
2024-03-21,NJD,WPG,4,1,NJD,2,3,4,1
2024-03-21,OTT,STL,2,5,STL,0,-3,2,5
2024-03-21,FLA,NSH,0,3,NSH,0,-3,0,3
2024-03-21,EDM,BUF,8,3,EDM,2,5,8,3
2024-03-21,ANA,CHI,4,0,ANA,2,4,4,0
2024-03-21,VAN,MTL,4,1,VAN,2,3,4,1
2024-03-22,WSH,CAR,7,6,WSH,2,1,7,6
2024-03-22,DAL,PIT,4,2,DAL,2,2,4,2
2024-03-23,NYI,WPG,6,3,NYI,2,3,6,3
2024-03-23,PHI,BOS,3,2,PHI,2,1,3,2
2024-03-23,MIN,STL,4,5,STL,0,-1,4,5
2024-03-23,NSH,DET,1,0,NSH,2,1,1,0
2024-03-23,NJD,OTT,2,5,OTT,0,-3,2,5
2024-03-23,TOR,EDM,6,3,TOR,2,3,6,3
2024-03-23,NYR,FLA,4,3,NYR,2,1,4,3
2024-03-23,VAN,CGY,4,2,VAN,2,2,4,2
2024-03-23,SJS,CHI,4,5,CHI,0,-1,4,5
2024-03-24,WSH,WPG,3,0,WSH,2,3,3,0
2024-03-24,COL,PIT,5,4,COL,2,1,5,4
2024-03-24,NYI,NJD,0,4,NJD,0,-4,0,4
2024-03-24,CAR,TOR,2,1,CAR,2,1,2,1
2024-03-24,OTT,EDM,5,3,OTT,2,2,5,3
2024-03-24,PHI,FLA,1,4,FLA,0,-3,1,4
2024-03-24,CGY,BUF,1,4,BUF,0,-3,1,4
2024-03-25,STL,VGK,1,2,VGK,0,-1,1,2
2024-03-25,VAN,LAK,2,3,LAK,0,-1,2,3
2024-03-26,FLA,BOS,3,4,BOS,0,-1,3,4
2024-03-26,NYR,PHI,6,5,NYR,2,1,6,5
2024-03-26,PIT,CAR,4,1,PIT,2,3,4,1
2024-03-26,WSH,DET,4,3,WSH,2,1,4,3
2024-03-26,TOR,NJD,3,6,NJD,0,-3,3,6
2024-03-26,NSH,VGK,5,4,NSH,2,1,5,4
2024-03-26,WPG,EDM,3,4,EDM,0,-1,3,4
2024-03-26,CHI,CGY,3,1,CHI,2,2,3,1
2024-03-26,COL,MTL,1,2,MTL,0,-1,1,2
2024-03-26,SJS,DAL,3,6,DAL,0,-3,3,6
2024-03-27,BUF,OTT,2,6,OTT,0,-4,2,6
2024-03-28,FLA,NYI,2,3,NYI,0,-1,2,3
2024-03-28,MTL,PHI,4,1,MTL,2,3,4,1
2024-03-28,OTT,CHI,2,0,OTT,2,2,2,0
2024-03-28,TOR,WSH,5,1,TOR,2,4,5,1
2024-03-28,CAR,DET,4,0,CAR,2,4,4,0
2024-03-28,MIN,SJS,3,1,MIN,2,2,3,1
2024-03-28,STL,CGY,5,3,STL,2,2,5,3
2024-03-28,WPG,VGK,1,4,VGK,0,-3,1,4
2024-03-28,COL,NYR,2,3,NYR,0,-1,2,3
2024-03-28,EDM,LAK,4,1,EDM,2,3,4,1
2024-03-28,VAN,DAL,1,3,DAL,0,-2,1,3
2024-03-29,BUF,NJD,5,2,BUF,2,3,5,2
2024-03-30,FLA,DET,3,2,FLA,2,1,3,2
2024-03-30,MIN,VGK,1,2,VGK,0,-1,1,2
2024-03-30,EDM,ANA,6,1,EDM,2,5,6,1
2024-03-30,COL,NSH,7,4,COL,2,3,7,4
2024-03-30,BUF,TOR,0,3,TOR,0,-3,0,3
2024-03-30,MTL,CAR,0,3,CAR,0,-3,0,3
2024-03-30,PHI,CHI,1,5,CHI,0,-4,1,5
2024-03-30,WPG,OTT,2,3,OTT,0,-1,2,3
2024-03-30,WSH,BOS,2,3,BOS,0,-1,2,3
2024-03-30,STL,SJS,0,4,SJS,0,-4,0,4
2024-03-30,CGY,LAK,4,2,CGY,2,2,4,2
2024-03-31,VAN,ANA,3,2,VAN,2,1,3,2
2024-04-01,NYR,PIT,2,5,PIT,0,-3,2,5
2024-04-01,PHI,NYI,3,4,NYI,0,-1,3,4
2024-04-01,TOR,FLA,6,4,TOR,2,2,6,4
2024-04-01,STL,EDM,3,2,STL,2,1,3,2
2024-04-01,WPG,LAK,4,3,WPG,2,1,4,3
2024-04-02,BUF,WSH,6,2,BUF,2,4,6,2
2024-04-02,MTL,FLA,5,3,MTL,2,2,5,3
2024-04-02,NJD,PIT,3,6,PIT,0,-3,3,6
2024-04-02,NYI,CHI,2,1,NYI,2,1,2,1
2024-04-02,MIN,OTT,3,2,MIN,2,1,3,2
2024-04-02,NSH,BOS,0,3,BOS,0,-3,0,3
2024-04-02,CGY,ANA,3,5,ANA,0,-2,3,5
2024-04-02,VGK,VAN,6,3,VGK,2,3,6,3
2024-04-03,NYR,NJD,4,3,NYR,2,1,4,3
2024-04-03,DAL,EDM,5,0,DAL,2,5,5,0
2024-04-04,CAR,BOS,1,4,BOS,0,-3,1,4
2024-04-04,OTT,FLA,0,6,FLA,0,-6,0,6
2024-04-04,WSH,PIT,1,4,PIT,0,-3,1,4
2024-04-04,MIN,COL,2,5,COL,0,-3,2,5
2024-04-04,NSH,STL,6,3,NSH,2,3,6,3
2024-04-04,WPG,CGY,5,2,WPG,2,3,5,2
2024-04-04,SJS,LAK,1,2,LAK,0,-1,1,2
2024-04-05,BUF,PHI,4,2,BUF,2,2,4,2
2024-04-05,CAR,WSH,4,2,CAR,2,2,4,2
2024-04-05,DET,NYR,3,4,NYR,0,-1,3,4
2024-04-05,EDM,COL,6,2,EDM,2,4,6,2
2024-04-06,BOS,FLA,3,2,BOS,2,1,3,2
2024-04-06,CHI,DAL,3,2,CHI,2,1,3,2
2024-04-06,MIN,WPG,2,4,WPG,0,-2,2,4
2024-04-06,SJS,STL,3,2,SJS,2,1,3,2
2024-04-06,MTL,TOR,2,4,TOR,0,-2,2,4
2024-04-06,OTT,NJD,3,4,NJD,0,-1,3,4
2024-04-06,NYI,NSH,2,0,NYI,2,2,2,0
2024-04-06,CGY,EDM,2,4,EDM,0,-2,2,4
2024-04-06,LAK,VAN,6,3,LAK,2,3,6,3
2024-04-07,DET,BUF,3,1,DET,2,2,3,1
2024-04-07,CHI,MIN,0,4,MIN,0,-4,0,4
2024-04-07,WSH,OTT,2,3,OTT,0,-1,2,3
2024-04-07,NJD,NSH,2,3,NSH,0,-1,2,3
2024-04-07,NYR,MTL,5,2,NYR,2,3,5,2
2024-04-07,ANA,STL,5,6,STL,0,-1,5,6
2024-04-07,COL,DAL,4,7,DAL,0,-3,4,7
2024-04-08,TOR,PIT,3,2,TOR,2,1,3,2
2024-04-08,VAN,VGK,4,3,VAN,2,1,4,3
2024-04-09,BOS,CAR,1,4,CAR,0,-3,1,4
2024-04-09,DET,WSH,1,2,WSH,0,-1,1,2
2024-04-09,FLA,OTT,2,0,FLA,2,2,2,0
2024-04-09,MTL,PHI,9,3,MTL,2,6,9,3
2024-04-09,NJD,TOR,2,5,TOR,0,-3,2,5
2024-04-09,NYI,NYR,4,2,NYI,2,2,4,2
2024-04-09,DAL,BUF,3,2,DAL,2,1,3,2
2024-04-09,NSH,WPG,3,4,WPG,0,-1,3,4
2024-04-09,COL,MIN,5,2,COL,2,3,5,2
2024-04-09,ANA,LAK,3,1,ANA,2,2,3,1
2024-04-09,SJS,CGY,2,3,CGY,0,-1,2,3
2024-04-10,STL,CHI,5,2,STL,2,3,5,2
2024-04-10,EDM,VGK,5,1,EDM,2,4,5,1
2024-04-11,BUF,WSH,4,2,BUF,2,2,4,2
2024-04-11,NYR,PHI,1,4,PHI,0,-3,1,4
2024-04-11,PIT,DET,6,5,PIT,2,1,6,5
2024-04-11,TOR,NJD,5,6,NJD,0,-1,5,6
2024-04-11,NYI,MTL,3,2,NYI,2,1,3,2
2024-04-11,DAL,WPG,0,3,WPG,0,-3,0,3
2024-04-11,LAK,CGY,4,1,LAK,2,3,4,1
2024-04-12,STL,CAR,2,5,CAR,0,-3,2,5
2024-04-12,CHI,NSH,1,5,NSH,0,-4,1,5
2024-04-12,ANA,CGY,3,6,CGY,0,-3,3,6
2024-04-12,VGK,MIN,7,2,VGK,2,5,7,2
2024-04-13,NYR,NYI,3,2,NYR,2,1,3,2
2024-04-13,COL,WPG,0,7,WPG,0,-7,0,7
2024-04-13,FLA,BUF,3,2,FLA,2,1,3,2
2024-04-13,PHI,NJD,1,0,PHI,2,1,1,0
2024-04-13,OTT,MTL,5,4,OTT,2,1,5,4
2024-04-13,TOR,DET,4,5,DET,0,-1,4,5
2024-04-13,PIT,BOS,4,6,BOS,0,-2,4,6
2024-04-13,EDM,VAN,1,3,VAN,0,-2,1,3
2024-04-13,LAK,ANA,3,1,LAK,2,2,3,1
2024-04-13,SJS,MIN,2,6,MIN,0,-4,2,6
2024-04-14,VGK,COL,4,3,VGK,2,1,4,3
2024-04-14,CHI,CAR,2,4,CAR,0,-2,2,4
2024-04-15,DET,MTL,5,4,DET,2,1,5,4
2024-04-15,NJD,NYI,1,4,NYI,0,-3,1,4
2024-04-15,PIT,NSH,4,2,PIT,2,2,4,2
2024-04-15,WSH,BOS,2,0,WSH,2,2,2,0
2024-04-15,NYR,OTT,4,0,NYR,2,4,4,0
2024-04-15,EDM,SJS,9,2,EDM,2,7,9,2
2024-04-15,LAK,MIN,1,3,MIN,0,-2,1,3
2024-04-16,BOS,OTT,1,3,OTT,0,-2,1,3
2024-04-16,MTL,DET,4,5,DET,0,-1,4,5
2024-04-16,PHI,WSH,1,2,WSH,0,-1,1,2
2024-04-16,FLA,TOR,5,2,FLA,2,3,5,2
2024-04-16,VGK,CHI,3,1,VGK,2,2,3,1
2024-04-16,VAN,CGY,4,1,VAN,2,3,4,1
2024-04-17,NYI,PIT,5,4,NYI,2,1,5,4
2024-04-17,DAL,STL,2,1,DAL,2,1,2,1
2024-04-18,WPG,VAN,4,2,WPG,2,2,4,2
2024-04-18,CGY,SJS,5,1,CGY,2,4,5,1
2024-04-18,COL,EDM,5,1,COL,2,4,5,1
2024-04-18,VGK,ANA,1,4,ANA,0,-3,1,4
2024-04-18,LAK,CHI,5,4,LAK,2,1,5,4
2024-04-20,CAR,NYI,3,1,CAR,2,2,3,1
2024-04-20,BOS,TOR,5,1,BOS,2,4,5,1
2024-04-21,NYR,WSH,4,1,NYR,2,3,4,1
2024-04-21,WPG,COL,7,6,WPG,2,1,7,6
2024-04-21,VAN,NSH,4,2,VAN,2,2,4,2
2024-04-22,BOS,TOR,2,3,TOR,0,-1,2,3
2024-04-22,CAR,NYI,5,3,CAR,2,2,5,3
2024-04-22,DAL,VGK,3,4,VGK,0,-1,3,4
2024-04-22,EDM,LAK,7,4,EDM,2,3,7,4
2024-04-23,NYR,WSH,4,3,NYR,2,1,4,3
2024-04-23,WPG,COL,2,5,COL,0,-3,2,5
2024-04-23,VAN,NSH,1,4,NSH,0,-3,1,4
2024-04-24,TOR,BOS,2,4,BOS,0,-2,2,4
2024-04-24,DAL,VGK,1,3,VGK,0,-2,1,3
2024-04-24,EDM,LAK,4,5,LAK,0,-1,4,5
2024-04-25,NYI,CAR,2,3,CAR,0,-1,2,3
2024-04-26,WSH,NYR,1,3,NYR,0,-2,1,3
2024-04-26,NSH,VAN,1,2,VAN,0,-1,1,2
2024-04-26,COL,WPG,6,2,COL,2,4,6,2
2024-04-26,LAK,EDM,1,6,EDM,0,-5,1,6
2024-04-27,NYI,CAR,3,2,NYI,2,1,3,2
2024-04-27,TOR,BOS,1,3,BOS,0,-2,1,3
2024-04-27,VGK,DAL,2,3,DAL,0,-1,2,3
2024-04-28,COL,WPG,5,1,COL,2,4,5,1
2024-04-28,NSH,VAN,3,4,VAN,0,-1,3,4
2024-04-28,WSH,NYR,2,4,NYR,0,-2,2,4
2024-04-28,LAK,EDM,0,1,EDM,0,-1,0,1
2024-04-29,VGK,DAL,2,4,DAL,0,-2,2,4
2024-04-30,BOS,TOR,1,2,TOR,0,-1,1,2
2024-04-30,CAR,NYI,6,3,CAR,2,3,6,3
2024-04-30,WPG,COL,3,6,COL,0,-3,3,6
2024-04-30,VAN,NSH,1,2,NSH,0,-1,1,2
2024-05-01,DAL,VGK,3,2,DAL,2,1,3,2
2024-05-01,EDM,LAK,4,3,EDM,2,1,4,3
2024-05-02,TOR,BOS,2,1,TOR,2,1,2,1
2024-05-03,NSH,VAN,0,1,VAN,0,-1,0,1
2024-05-03,VGK,DAL,2,0,VGK,2,2,2,0
2024-05-04,BOS,TOR,2,1,BOS,2,1,2,1
2024-05-05,NYR,CAR,4,3,NYR,2,1,4,3
2024-05-05,DAL,VGK,2,1,DAL,2,1,2,1
2024-05-06,FLA,BOS,1,5,BOS,0,-4,1,5
2024-05-07,NYR,CAR,4,3,NYR,2,1,4,3
2024-05-07,DAL,COL,3,4,COL,0,-1,3,4
2024-05-08,FLA,BOS,6,1,FLA,2,5,6,1
2024-05-08,VAN,EDM,5,4,VAN,2,1,5,4
2024-05-09,CAR,NYR,2,3,NYR,0,-1,2,3
2024-05-09,DAL,COL,5,3,DAL,2,2,5,3
2024-05-10,BOS,FLA,2,6,FLA,0,-4,2,6
2024-05-10,VAN,EDM,3,4,EDM,0,-1,3,4
2024-05-11,CAR,NYR,4,3,CAR,2,1,4,3
2024-05-11,COL,DAL,1,4,DAL,0,-3,1,4
2024-05-12,BOS,FLA,2,3,FLA,0,-1,2,3
2024-05-12,EDM,VAN,3,4,VAN,0,-1,3,4
2024-05-13,NYR,CAR,1,4,CAR,0,-3,1,4
2024-05-13,COL,DAL,1,5,DAL,0,-4,1,5
2024-05-14,FLA,BOS,1,2,BOS,0,-1,1,2
2024-05-14,EDM,VAN,3,2,EDM,2,1,3,2
2024-05-15,DAL,COL,3,5,COL,0,-2,3,5
2024-05-16,CAR,NYR,3,5,NYR,0,-2,3,5
2024-05-16,VAN,EDM,3,2,VAN,2,1,3,2
2024-05-17,BOS,FLA,1,2,FLA,0,-1,1,2
2024-05-17,COL,DAL,1,2,DAL,0,-1,1,2
2024-05-18,EDM,VAN,5,1,EDM,2,4,5,1
2024-05-20,VAN,EDM,2,3,EDM,0,-1,2,3
2024-05-22,NYR,FLA,0,3,FLA,0,-3,0,3
2024-05-23,DAL,EDM,2,3,EDM,0,-1,2,3
2024-05-24,NYR,FLA,2,1,NYR,2,1,2,1
2024-05-25,DAL,EDM,3,1,DAL,2,2,3,1
2024-05-26,FLA,NYR,4,5,NYR,0,-1,4,5
2024-05-27,EDM,DAL,3,5,DAL,0,-2,3,5
2024-05-28,FLA,NYR,3,2,FLA,2,1,3,2
2024-05-29,EDM,DAL,5,2,EDM,2,3,5,2
2024-05-30,NYR,FLA,2,3,FLA,0,-1,2,3
2024-05-31,DAL,EDM,1,3,EDM,0,-2,1,3
2024-06-01,FLA,NYR,2,1,FLA,2,1,2,1
2024-06-02,EDM,DAL,2,1,EDM,2,1,2,1
2024-06-08,FLA,EDM,3,0,FLA,2,3,3,0
2024-06-10,FLA,EDM,4,1,FLA,2,3,4,1
2024-06-13,EDM,FLA,3,4,FLA,0,-1,3,4
2024-06-15,EDM,FLA,8,1,EDM,2,7,8,1
2024-06-18,FLA,EDM,3,5,EDM,0,-2,3,5
2024-06-21,EDM,FLA,5,1,EDM,2,4,5,1
2024-06-24,FLA,EDM,2,1,FLA,2,1,2,1
2024-09-21,BUF,PIT,7,3,BUF,2,4,7,3
2024-09-21,DAL,STL,2,1,DAL,2,1,2,1
2024-09-21,WPG,MIN,2,5,MIN,0,-3,2,5
2024-09-22,FLA,NSH,3,2,FLA,2,1,3,2
2024-09-22,WSH,PHI,2,6,PHI,0,-4,2,6
2024-09-22,BOS,NYR,2,3,NYR,0,-1,2,3
2024-09-22,EDM,WPG,3,2,EDM,2,1,3,2
2024-09-22,NJD,NYI,2,4,NYI,0,-2,2,4
2024-09-22,TOR,OTT,5,6,OTT,0,-1,5,6
2024-09-22,SJS,VGK,2,4,VGK,0,-2,2,4
2024-09-23,MTL,PHI,5,0,MTL,2,5,5,0
2024-09-23,EDM,CGY,3,6,CGY,0,-3,3,6
2024-09-23,COL,DAL,2,3,DAL,0,-1,2,3
2024-09-23,CGY,EDM,6,1,CGY,2,5,6,1
2024-09-24,PIT,BUF,2,3,BUF,0,-1,2,3
2024-09-24,MTL,NJD,3,0,MTL,2,3,3,0
2024-09-24,NYR,NYI,6,4,NYR,2,2,6,4
2024-09-24,OTT,TOR,2,1,OTT,2,1,2,1
2024-09-24,BOS,WSH,4,2,BOS,2,2,4,2
2024-09-24,SJS,ANA,3,4,ANA,0,-1,3,4
2024-09-25,NJD,WSH,3,5,WSH,0,-2,3,5
2024-09-25,CHI,DET,2,4,DET,0,-2,2,4
2024-09-25,WPG,EDM,6,1,WPG,2,5,6,1
2024-09-25,DAL,MIN,5,2,DAL,2,3,5,2
2024-09-25,VAN,CGY,4,3,VAN,2,1,4,3
2024-09-25,VGK,LAK,2,3,LAK,0,-1,2,3
2024-09-26,NYR,BOS,5,2,NYR,2,3,5,2
2024-09-26,OTT,BUF,2,3,BUF,0,-1,2,3
2024-09-26,TOR,MTL,2,1,TOR,2,1,2,1
2024-09-26,PHI,NYI,2,0,PHI,2,2,2,0
2024-09-26,ANA,SJS,2,3,SJS,0,-1,2,3
2024-09-27,CAR,FLA,8,2,CAR,2,6,8,2
2024-09-27,DET,CHI,2,0,DET,2,2,2,0
2024-09-27,NYI,NJD,5,1,NYI,2,4,5,1
2024-09-27,DAL,COL,4,2,DAL,2,2,4,2
2024-09-27,MIN,WPG,8,5,MIN,2,3,8,5
2024-09-28,LAK,ANA,3,2,LAK,2,1,3,2
2024-09-28,FLA,CAR,5,4,FLA,2,1,5,4
2024-09-28,PHI,BOS,3,2,PHI,2,1,3,2
2024-09-28,MTL,TOR,1,2,TOR,0,-1,1,2
2024-09-28,STL,CHI,3,2,STL,2,1,3,2
2024-09-28,CGY,VAN,4,2,CGY,2,2,4,2
2024-09-29,MIN,DAL,2,4,DAL,0,-2,2,4
2024-09-29,OTT,PIT,2,5,PIT,0,-3,2,5
2024-09-30,DET,PIT,1,5,PIT,0,-4,1,5
2024-09-30,BUF,DET,4,3,BUF,2,1,4,3
2024-09-30,NJD,NYR,3,1,NJD,2,2,3,1
2024-09-30,NYI,PHI,4,3,NYI,2,1,4,3
2024-09-30,EDM,VAN,3,2,EDM,2,1,3,2
2024-09-30,ANA,LAK,0,4,LAK,0,-4,0,4
2024-10-01,PIT,DET,1,2,DET,0,-1,1,2
2024-10-01,NYR,NJD,5,4,NYR,2,1,5,4
2024-10-01,MTL,OTT,3,4,OTT,0,-1,3,4
2024-10-01,BOS,PHI,4,1,BOS,2,3,4,1
2024-10-01,MIN,CHI,7,2,MIN,2,5,7,2
2024-10-01,COL,VGK,1,6,VGK,0,-5,1,6
2024-10-02,CAR,NSH,4,6,NSH,0,-2,4,6
2024-10-02,WPG,CGY,5,2,WPG,2,3,5,2
2024-10-03,PHI,NJD,5,4,PHI,2,1,5,4
2024-10-03,DET,TOR,0,2,TOR,0,-2,0,2
2024-10-03,LAK,BOS,4,1,LAK,2,3,4,1
2024-10-03,STL,DAL,4,3,STL,2,1,4,3
2024-10-03,VGK,COL,1,3,COL,0,-2,1,3
2024-10-04,BUF,NJD,1,4,NJD,0,-3,1,4
2024-10-04,NYI,NYR,5,2,NYI,2,3,5,2
2024-10-04,DET,OTT,3,4,OTT,0,-1,3,4
2024-10-04,CHI,MIN,1,6,MIN,0,-5,1,6
2024-10-04,CGY,WPG,2,3,WPG,0,-1,2,3
2024-10-04,SJS,ANA,2,3,ANA,0,-1,2,3
2024-10-04,VAN,EDM,4,1,VAN,2,3,4,1
2024-10-05,NJD,BUF,3,1,NJD,2,2,3,1
2024-10-05,WSH,BOS,2,0,WSH,2,2,2,0
2024-10-05,NSH,CAR,3,5,CAR,0,-2,3,5
2024-10-05,TOR,DET,3,2,TOR,2,1,3,2
2024-10-05,OTT,MTL,4,2,OTT,2,2,4,2
2024-10-05,LAK,FLA,2,4,FLA,0,-2,2,4
2024-10-05,CHI,STL,6,2,CHI,2,4,6,2
2024-10-05,VGK,SJS,5,6,SJS,0,-1,5,6
2024-10-08,FLA,BOS,6,4,FLA,2,2,6,4
2024-10-09,MTL,TOR,1,0,MTL,2,1,1,0
2024-10-09,PIT,NYR,0,6,NYR,0,-6,0,6
2024-10-09,EDM,WPG,0,6,WPG,0,-6,0,6
2024-10-09,VAN,CGY,5,6,CGY,0,-1,5,6
2024-10-09,VGK,COL,8,4,VGK,2,4,8,4
2024-10-10,BOS,MTL,6,4,BOS,2,2,6,4
2024-10-10,BUF,LAK,1,3,LAK,0,-2,1,3
2024-10-10,OTT,FLA,3,1,OTT,2,2,3,1
2024-10-10,NJD,TOR,2,4,TOR,0,-2,2,4
2024-10-10,DET,PIT,3,6,PIT,0,-3,3,6
2024-10-10,NSH,DAL,3,4,DAL,0,-1,3,4
2024-10-10,SJS,STL,4,5,STL,0,-1,4,5
2024-10-11,WPG,CHI,2,1,WPG,2,1,2,1
2024-10-11,VAN,PHI,2,3,PHI,0,-1,2,3
2024-10-11,VGK,STL,4,3,VGK,2,1,4,3
2024-10-12,BOS,LAK,2,1,BOS,2,1,2,1
2024-10-12,BUF,FLA,5,2,BUF,2,3,5,2
2024-10-12,TOR,PIT,4,2,TOR,2,2,4,2
2024-10-12,MTL,OTT,4,1,MTL,2,3,4,1
2024-10-12,DET,NSH,3,0,DET,2,3,3,0
2024-10-12,WSH,NJD,3,5,NJD,0,-2,3,5
2024-10-12,DAL,NYI,3,0,DAL,2,3,3,0
2024-10-12,CGY,PHI,6,3,CGY,2,3,6,3
2024-10-12,EDM,CHI,2,5,CHI,0,-3,2,5
2024-10-12,SJS,ANA,0,2,ANA,0,-2,0,2
2024-10-13,WPG,MIN,2,1,WPG,2,1,2,1
2024-10-13,EDM,CGY,1,4,CGY,0,-3,1,4
2024-10-13,VGK,ANA,3,1,VGK,2,2,3,1
2024-10-14,BOS,FLA,3,4,FLA,0,-1,3,4
2024-10-14,OTT,LAK,8,7,OTT,2,1,8,7
2024-10-14,NYR,DET,4,1,NYR,2,3,4,1
2024-10-14,MTL,PIT,3,6,PIT,0,-3,3,6
2024-10-14,COL,NYI,2,6,NYI,0,-4,2,6
2024-10-15,WSH,VGK,4,2,WSH,2,2,4,2
2024-10-15,CAR,NJD,4,2,CAR,2,2,4,2
2024-10-15,STL,MIN,1,4,MIN,0,-3,1,4
2024-10-15,DAL,SJS,3,2,DAL,2,1,3,2
2024-10-15,CGY,CHI,3,1,CGY,2,2,3,1
2024-10-15,EDM,PHI,4,3,EDM,2,1,4,3
2024-10-16,PIT,BUF,6,5,PIT,2,1,6,5
2024-10-16,TOR,LAK,6,2,TOR,2,4,6,2
2024-10-16,COL,BOS,3,5,BOS,0,-2,3,5
2024-10-17,MTL,LAK,1,4,LAK,0,-3,1,4
2024-10-17,OTT,NJD,1,3,NJD,0,-2,1,3
2024-10-17,FLA,VAN,2,3,VAN,0,-1,2,3
2024-10-17,WSH,DAL,3,2,WSH,2,1,3,2
2024-10-17,DET,NYR,2,5,NYR,0,-3,2,5
2024-10-17,STL,NYI,1,0,STL,2,1,1,0
2024-10-17,NSH,EDM,2,4,EDM,0,-2,2,4
2024-10-17,CHI,SJS,4,2,CHI,2,2,4,2
2024-10-18,PIT,CAR,1,4,CAR,0,-3,1,4
2024-10-18,WPG,SJS,8,3,WPG,2,5,8,3
2024-10-18,COL,ANA,4,3,COL,2,1,4,3
2024-10-19,NSH,DET,2,5,DET,0,-3,2,5
2024-10-19,DAL,EDM,4,1,DAL,2,3,4,1
2024-10-19,FLA,VGK,4,3,FLA,2,1,4,3
2024-10-19,TOR,NYR,1,4,NYR,0,-3,1,4
2024-10-19,NJD,WSH,5,6,WSH,0,-1,5,6
2024-10-19,NYI,MTL,4,3,NYI,2,1,4,3
2024-10-19,PHI,VAN,0,3,VAN,0,-3,0,3
2024-10-19,STL,CAR,4,3,STL,2,1,4,3
2024-10-19,CHI,BUF,2,4,BUF,0,-2,2,4
2024-10-20,WPG,PIT,6,3,WPG,2,3,6,3
2024-10-20,SJS,COL,1,4,COL,0,-3,1,4
2024-10-20,ANA,LAK,1,4,LAK,0,-3,1,4
2024-10-22,PHI,WSH,1,4,WSH,0,-3,1,4
2024-10-22,FLA,MIN,1,5,MIN,0,-4,1,5
2024-10-22,BUF,DAL,4,2,BUF,2,2,4,2
2024-10-22,MTL,NYR,2,7,NYR,0,-5,2,7
2024-10-22,NYI,DET,0,1,DET,0,-1,0,1
2024-10-22,STL,WPG,2,3,WPG,0,-1,2,3
2024-10-22,CHI,VAN,3,6,VAN,0,-3,3,6
2024-10-22,NSH,BOS,4,0,NSH,2,4,4,0
2024-10-22,EDM,CAR,2,3,CAR,0,-1,2,3
2024-10-22,CGY,PIT,4,3,CGY,2,1,4,3
2024-10-22,ANA,SJS,3,1,ANA,2,2,3,1
2024-10-22,VGK,LAK,6,1,VGK,2,5,6,1
2024-10-23,WSH,PHI,6,3,WSH,2,3,6,3
2024-10-24,BOS,DAL,2,5,DAL,0,-3,2,5
2024-10-24,TOR,STL,1,5,STL,0,-4,1,5
2024-10-24,DET,NJD,5,3,DET,2,2,5,3
2024-10-24,NYR,FLA,1,3,FLA,0,-2,1,3
2024-10-24,CGY,CAR,2,4,CAR,0,-2,2,4
2024-10-24,LAK,SJS,3,2,LAK,2,1,3,2
2024-10-25,VGK,OTT,6,4,VGK,2,2,6,4
2024-10-25,NJD,NYI,3,4,NYI,0,-1,3,4
2024-10-25,CHI,NSH,2,3,NSH,0,-1,2,3
2024-10-25,EDM,PIT,4,0,EDM,2,4,4,0
2024-10-26,BUF,DET,5,3,BUF,2,2,5,3
2024-10-26,PHI,MIN,7,5,PHI,2,2,7,5
2024-10-26,BOS,TOR,4,3,BOS,2,1,4,3
2024-10-26,MTL,STL,5,2,MTL,2,3,5,2
2024-10-26,NYR,ANA,2,1,NYR,2,1,2,1
2024-10-26,CGY,WPG,3,5,WPG,0,-2,3,5
2024-10-26,NYI,FLA,3,6,FLA,0,-3,3,6
2024-10-26,DAL,CHI,4,2,DAL,2,2,4,2
2024-10-26,VAN,PIT,4,3,VAN,2,1,4,3
2024-10-26,VGK,SJS,7,3,VGK,2,4,7,3
2024-10-27,DET,EDM,2,3,EDM,0,-1,2,3
2024-10-27,NJD,ANA,6,2,NJD,2,4,6,2
2024-10-27,PHI,MTL,3,4,MTL,0,-1,3,4
2024-10-27,COL,OTT,5,4,COL,2,1,5,4
2024-10-28,BUF,FLA,2,5,FLA,0,-3,2,5
2024-10-28,WPG,TOR,4,6,TOR,0,-2,4,6
2024-10-28,COL,CHI,2,5,CHI,0,-3,2,5
2024-10-28,VAN,CAR,3,4,CAR,0,-1,3,4
2024-10-28,VGK,CGY,5,0,VGK,2,5,5,0
2024-10-29,BOS,PHI,0,2,PHI,0,-2,0,2
2024-10-29,OTT,STL,8,1,OTT,2,7,8,1
2024-10-29,NYI,ANA,1,3,ANA,0,-2,1,3
2024-10-29,PIT,MIN,3,5,MIN,0,-2,3,5
2024-10-29,WSH,NYR,5,3,WSH,2,2,5,3
2024-10-29,SJS,LAK,4,2,SJS,2,2,4,2
2024-10-30,DET,WPG,2,6,WPG,0,-4,2,6
2024-10-30,LAK,VGK,6,3,LAK,2,3,6,3
2024-10-30,VAN,NJD,0,6,NJD,0,-6,0,6
2024-10-31,PHI,STL,2,1,PHI,2,1,2,1
2024-10-31,PIT,ANA,2,1,PIT,2,1,2,1
2024-10-31,WSH,MTL,6,3,WSH,2,3,6,3
2024-10-31,CAR,BOS,8,2,CAR,2,6,8,2
2024-10-31,NSH,EDM,1,5,EDM,0,-4,1,5
2024-10-31,SJS,CHI,3,2,SJS,2,1,3,2
2024-11-01,DAL,FLA,4,6,FLA,0,-2,4,6
2024-11-01,BUF,NYI,3,4,NYI,0,-1,3,4
2024-11-01,NYR,OTT,2,1,NYR,2,1,2,1
2024-11-01,CGY,NJD,3,0,CGY,2,3,3,0
2024-11-02,FLA,DAL,4,2,FLA,2,2,4,2
2024-11-02,PHI,BOS,0,3,BOS,0,-3,0,3
2024-11-02,LAK,CHI,3,4,CHI,0,-1,3,4
2024-11-02,DET,BUF,2,1,DET,2,1,2,1
2024-11-02,PIT,MTL,3,1,PIT,2,2,3,1
2024-11-02,STL,TOR,4,2,STL,2,2,4,2
2024-11-02,NSH,COL,5,2,NSH,2,3,5,2
2024-11-02,SJS,VAN,2,3,VAN,0,-1,2,3
2024-11-03,NYR,NYI,5,2,NYR,2,3,5,2
2024-11-03,CAR,WSH,4,2,CAR,2,2,4,2
2024-11-03,MIN,TOR,2,1,MIN,2,1,2,1
2024-11-03,CGY,EDM,2,4,EDM,0,-2,2,4
2024-11-03,ANA,CHI,2,4,CHI,0,-2,2,4
2024-11-04,NSH,LAK,0,3,LAK,0,-3,0,3
2024-11-04,EDM,NJD,0,3,NJD,0,-3,0,3
2024-11-05,BUF,OTT,5,1,BUF,2,4,5,1
2024-11-05,TOR,BOS,4,0,TOR,2,4,4,0
2024-11-05,MTL,CGY,2,3,CGY,0,-1,2,3
2024-11-05,CAR,PHI,6,4,CAR,2,2,6,4
2024-11-05,NYI,PIT,4,3,NYI,2,1,4,3
2024-11-05,MIN,LAK,1,5,LAK,0,-4,1,5
2024-11-05,ANA,VAN,1,5,VAN,0,-4,1,5
2024-11-06,WSH,NSH,3,2,WSH,2,1,3,2
2024-11-06,CHI,DET,1,4,DET,0,-3,1,4
2024-11-06,EDM,VGK,2,4,VGK,0,-2,2,4
2024-11-07,BOS,CGY,4,3,BOS,2,1,4,3
2024-11-07,OTT,NYI,2,4,NYI,0,-2,2,4
2024-11-07,FLA,NSH,6,2,FLA,2,4,6,2
2024-11-07,NJD,MTL,5,3,NJD,2,2,5,3
2024-11-07,NYR,BUF,1,6,BUF,0,-5,1,6
2024-11-07,CAR,PIT,5,1,CAR,2,4,5,1
2024-11-07,DAL,CHI,3,1,DAL,2,2,3,1
2024-11-07,WPG,COL,1,0,WPG,2,1,1,0
2024-11-07,LAK,VAN,2,4,VAN,0,-2,2,4
2024-11-07,SJS,MIN,2,5,MIN,0,-3,2,5
2024-11-08,TOR,DET,3,1,TOR,2,2,3,1
2024-11-08,WSH,PIT,2,4,PIT,0,-2,2,4
2024-11-08,ANA,MIN,2,5,MIN,0,-3,2,5
2024-11-09,BUF,CGY,3,2,BUF,2,1,3,2
2024-11-09,WPG,DAL,4,1,WPG,2,3,4,1
2024-11-09,FLA,PHI,4,3,FLA,2,1,4,3
2024-11-09,BOS,OTT,2,3,OTT,0,-1,2,3
2024-11-09,TOR,MTL,4,1,TOR,2,3,4,1
2024-11-09,DET,NYR,0,4,NYR,0,-4,0,4
2024-11-09,STL,WSH,1,8,WSH,0,-7,1,8
2024-11-09,NYI,NJD,3,4,NJD,0,-1,3,4
2024-11-09,COL,CAR,6,4,COL,2,2,6,4
2024-11-09,VAN,EDM,3,7,EDM,0,-4,3,7
2024-11-10,NJD,SJS,0,1,SJS,0,-1,0,1
2024-11-10,CHI,MIN,2,1,CHI,2,1,2,1
2024-11-11,BUF,MTL,5,7,MTL,0,-2,5,7
2024-11-11,PHI,SJS,4,3,PHI,2,1,4,3
2024-11-11,PIT,DAL,1,7,DAL,0,-6,1,7
2024-11-11,CGY,LAK,3,1,CGY,2,2,3,1
2024-11-11,COL,NSH,3,2,COL,2,1,3,2
2024-11-11,VGK,CAR,2,5,CAR,0,-3,2,5
2024-11-12,TOR,OTT,0,3,OTT,0,-3,0,3
2024-11-12,NYR,WPG,3,6,WPG,0,-3,3,6
2024-11-12,FLA,NJD,1,4,NJD,0,-3,1,4
2024-11-12,STL,BOS,2,3,BOS,0,-1,2,3
2024-11-12,EDM,NYI,4,3,EDM,2,1,4,3
2024-11-12,VAN,CGY,3,1,VAN,2,2,3,1
2024-11-13,PIT,DET,2,3,DET,0,-1,2,3
2024-11-13,WSH,TOR,3,4,TOR,0,-1,3,4
2024-11-13,COL,LAK,4,2,COL,2,2,4,2
2024-11-13,ANA,VGK,2,3,VGK,0,-1,2,3
2024-11-14,OTT,PHI,4,5,PHI,0,-1,4,5
2024-11-14,FLA,NJD,2,6,NJD,0,-4,2,6
2024-11-14,NYR,SJS,3,2,NYR,2,1,3,2
2024-11-14,BUF,STL,4,3,BUF,2,1,4,3
2024-11-14,DAL,BOS,7,2,DAL,2,5,7,2
2024-11-14,MIN,MTL,3,0,MIN,2,3,3,0
2024-11-14,EDM,NSH,3,2,EDM,2,1,3,2
2024-11-14,VAN,NYI,2,5,NYI,0,-3,2,5
2024-11-15,COL,WSH,2,5,WSH,0,-3,2,5
2024-11-15,CGY,NSH,2,0,CGY,2,2,2,0
2024-11-15,ANA,DET,6,4,ANA,2,2,6,4
2024-11-16,BOS,STL,2,3,STL,0,-1,2,3
2024-11-16,TOR,EDM,4,3,TOR,2,1,4,3
2024-11-16,FLA,WPG,5,0,FLA,2,5,5,0
2024-11-16,PHI,BUF,5,2,PHI,2,3,5,2
2024-11-16,PIT,SJS,4,3,PIT,2,1,4,3
2024-11-16,CAR,OTT,4,0,CAR,2,4,4,0
2024-11-16,MIN,DAL,1,2,DAL,0,-1,1,2
2024-11-16,LAK,DET,4,1,LAK,2,3,4,1
2024-11-16,VAN,CHI,4,1,VAN,2,3,4,1
2024-11-17,CAR,STL,4,1,CAR,2,3,4,1
2024-11-17,VGK,WSH,2,5,WSH,0,-3,2,5
2024-11-17,VAN,NSH,3,5,NSH,0,-2,3,5
2024-11-18,PHI,COL,2,3,COL,0,-1,2,3
2024-11-18,MTL,EDM,3,0,MTL,2,3,3,0
2024-11-18,DAL,ANA,2,4,ANA,0,-2,2,4
2024-11-18,SJS,DET,5,4,SJS,2,1,5,4
2024-11-19,OTT,EDM,2,5,EDM,0,-3,2,5
2024-11-19,STL,MIN,2,4,MIN,0,-2,2,4
2024-11-19,WPG,FLA,6,3,WPG,2,3,6,3
2024-11-19,CHI,ANA,2,3,ANA,0,-1,2,3
2024-11-19,CGY,NYI,2,1,CGY,2,1,2,1
2024-11-19,VAN,NYR,3,4,NYR,0,-1,3,4
2024-11-20,TOR,VGK,3,0,TOR,2,3,3,0
2024-11-20,PHI,CAR,1,4,CAR,0,-3,1,4
2024-11-20,DAL,SJS,5,2,DAL,2,3,5,2
2024-11-20,LAK,BUF,0,1,BUF,0,-1,0,1
2024-11-21,OTT,VGK,2,3,VGK,0,-1,2,3
2024-11-21,DET,NYI,2,1,DET,2,1,2,1
2024-11-21,NJD,CAR,4,2,NJD,2,2,4,2
2024-11-21,WSH,COL,1,2,COL,0,-1,1,2
2024-11-21,STL,SJS,3,2,STL,2,1,3,2
2024-11-21,CHI,FLA,3,1,CHI,2,2,3,1
2024-11-21,CGY,NYR,3,2,CGY,2,1,3,2
2024-11-21,EDM,MIN,3,5,MIN,0,-2,3,5
2024-11-22,PIT,WPG,1,4,WPG,0,-3,1,4
2024-11-22,ANA,BUF,2,3,BUF,0,-1,2,3
2024-11-23,PHI,CHI,3,2,PHI,2,1,3,2
2024-11-23,CGY,MIN,4,3,CGY,2,1,4,3
2024-11-23,FLA,COL,4,7,COL,0,-3,4,7
2024-11-23,MTL,VGK,2,6,VGK,0,-4,2,6
2024-11-23,OTT,VAN,3,4,VAN,0,-1,3,4
2024-11-23,DET,BOS,1,2,BOS,0,-1,1,2
2024-11-23,WSH,NJD,2,3,NJD,0,-1,2,3
2024-11-23,NSH,WPG,4,1,NSH,2,3,4,1
2024-11-23,NYI,STL,3,1,NYI,2,2,3,1
2024-11-23,SJS,BUF,2,4,BUF,0,-2,2,4
2024-11-23,EDM,NYR,6,2,EDM,2,4,6,2
2024-11-25,FLA,WSH,1,4,WSH,0,-3,1,4
2024-11-25,NJD,NSH,5,2,NJD,2,3,5,2
2024-11-25,NYR,STL,2,5,STL,0,-3,2,5
2024-11-25,PHI,VGK,4,5,VGK,0,-1,4,5
2024-11-25,CAR,DAL,6,4,CAR,2,2,6,4
2024-11-25,OTT,CGY,4,3,OTT,2,1,4,3
2024-11-25,NYI,DET,2,4,DET,0,-2,2,4
2024-11-25,MIN,WPG,1,4,WPG,0,-3,1,4
2024-11-25,SJS,LAK,7,2,SJS,2,5,7,2
2024-11-26,BOS,VAN,0,2,VAN,0,-2,0,2
2024-11-27,BUF,MIN,0,1,MIN,0,-1,0,1
2024-11-27,NJD,STL,0,3,STL,0,-3,0,3
2024-11-27,CAR,NYR,4,3,CAR,2,1,4,3
2024-11-27,DET,CGY,2,1,DET,2,1,2,1
2024-11-27,FLA,TOR,5,1,FLA,2,4,5,1
2024-11-27,NYI,BOS,3,6,BOS,0,-3,3,6
2024-11-27,PIT,VAN,5,4,PIT,2,1,5,4
2024-11-27,NSH,PHI,2,3,PHI,0,-1,2,3
2024-11-27,CHI,DAL,6,2,CHI,2,4,6,2
2024-11-27,COL,VGK,2,1,COL,2,1,2,1
2024-11-27,LAK,WPG,4,1,LAK,2,3,4,1
2024-11-27,SJS,OTT,3,4,OTT,0,-1,3,4
2024-11-29,PHI,NYR,3,1,PHI,2,2,3,1
2024-11-29,MIN,CHI,3,2,MIN,2,1,3,2
2024-11-29,BUF,VAN,3,4,VAN,0,-1,3,4
2024-11-29,DET,NJD,4,5,NJD,0,-1,4,5
2024-11-29,WSH,NYI,5,4,WSH,2,1,5,4
2024-11-29,CAR,FLA,3,6,FLA,0,-3,3,6
2024-11-29,ANA,LAK,1,2,LAK,0,-1,1,2
2024-11-29,BOS,PIT,1,2,PIT,0,-1,1,2
2024-11-29,VGK,WPG,4,3,VGK,2,1,4,3
2024-11-29,DAL,COL,5,3,DAL,2,2,5,3
2024-11-30,NYR,MTL,4,3,NYR,2,1,4,3
2024-11-30,FLA,CAR,6,0,FLA,2,6,6,0
2024-11-30,NJD,WSH,5,6,WSH,0,-1,5,6
2024-11-30,PIT,CGY,6,2,PIT,2,4,6,2
2024-11-30,STL,PHI,2,3,PHI,0,-1,2,3
2024-11-30,LAK,OTT,5,2,LAK,2,3,5,2
2024-11-30,NYI,BUF,3,0,NYI,2,3,3,0
2024-11-30,MIN,NSH,3,2,MIN,2,1,3,2
2024-11-30,COL,EDM,1,4,EDM,0,-3,1,4
2024-12-01,DET,VAN,4,5,VAN,0,-1,4,5
2024-12-01,BOS,MTL,6,3,BOS,2,3,6,3
2024-12-01,DAL,WPG,3,1,DAL,2,2,3,1
2024-12-01,ANA,OTT,4,3,ANA,2,1,4,3
2024-12-02,NYR,NJD,1,5,NJD,0,-4,1,5
2024-12-02,TOR,CHI,4,1,TOR,2,3,4,1
2024-12-03,BOS,DET,3,2,BOS,2,1,3,2
2024-12-03,BUF,COL,4,5,COL,0,-1,4,5
2024-12-03,MTL,NYI,2,1,MTL,2,1,2,1
2024-12-03,PIT,FLA,5,4,PIT,2,1,5,4
2024-12-03,WSH,SJS,1,2,SJS,0,-1,1,2
2024-12-03,MIN,VAN,3,2,MIN,2,1,3,2
2024-12-03,WPG,STL,1,4,STL,0,-3,1,4
2024-12-03,VGK,EDM,1,0,VGK,2,1,1,0
2024-12-04,TOR,NSH,3,2,TOR,2,1,3,2
2024-12-04,CHI,BOS,2,4,BOS,0,-2,2,4
2024-12-04,ANA,VGK,1,4,VGK,0,-3,1,4
2024-12-04,LAK,DAL,3,2,LAK,2,1,3,2
2024-12-05,BUF,WPG,2,3,WPG,0,-1,2,3
2024-12-05,MTL,NSH,3,0,MTL,2,3,3,0
2024-12-05,OTT,DET,2,1,OTT,2,1,2,1
2024-12-05,PHI,FLA,5,7,FLA,0,-2,5,7
2024-12-05,CAR,COL,5,3,CAR,2,2,5,3
2024-12-05,CGY,STL,3,4,STL,0,-1,3,4
2024-12-06,TOR,WSH,1,3,WSH,0,-2,1,3
2024-12-06,NYR,PIT,4,2,NYR,2,2,4,2
2024-12-06,VGK,DAL,3,2,VGK,2,1,3,2
2024-12-06,ANA,MIN,1,5,MIN,0,-4,1,5
2024-12-07,BOS,PHI,4,3,BOS,2,1,4,3
2024-12-07,CHI,WPG,2,4,WPG,0,-2,2,4
2024-12-07,NYI,CAR,4,3,NYI,2,1,4,3
2024-12-07,FLA,SJS,3,1,FLA,2,2,3,1
2024-12-07,MTL,WSH,2,4,WSH,0,-2,2,4
2024-12-07,OTT,NSH,3,1,OTT,2,2,3,1
2024-12-07,DET,COL,1,2,COL,0,-1,1,2
2024-12-07,PIT,TOR,5,2,PIT,2,3,5,2
2024-12-07,LAK,MIN,4,1,LAK,2,3,4,1
2024-12-07,EDM,STL,4,2,EDM,2,2,4,2
2024-12-08,OTT,NYI,2,4,NYI,0,-2,2,4
2024-12-08,NJD,COL,0,4,COL,0,-4,0,4
2024-12-08,DAL,CGY,6,2,DAL,2,4,6,2
2024-12-09,BUF,DET,5,6,DET,0,-1,5,6
2024-12-09,NYR,CHI,1,2,CHI,0,-1,1,2
2024-12-09,MTL,ANA,3,2,MTL,2,1,3,2
2024-12-10,NJD,TOR,1,2,TOR,0,-1,1,2
2024-12-10,PIT,COL,2,6,COL,0,-4,2,6
2024-12-10,CAR,SJS,3,2,CAR,2,1,3,2
2024-12-10,NYI,LAK,1,3,LAK,0,-2,1,3
2024-12-10,NSH,CGY,3,4,CGY,0,-1,3,4
2024-12-10,WPG,BOS,8,1,WPG,2,7,8,1
2024-12-10,VAN,STL,3,4,STL,0,-1,3,4
2024-12-11,BUF,NYR,2,3,NYR,0,-1,2,3
2024-12-11,OTT,ANA,5,1,OTT,2,4,5,1
2024-12-12,TOR,ANA,3,2,TOR,2,1,3,2
2024-12-12,MTL,PIT,2,9,PIT,0,-7,2,9
2024-12-12,NJD,LAK,3,1,NJD,2,2,3,1
2024-12-12,PHI,DET,4,1,PHI,2,3,4,1
2024-12-12,NYI,CHI,5,4,NYI,2,1,5,4
2024-12-12,STL,SJS,3,4,SJS,0,-1,3,4
2024-12-12,DAL,NSH,1,4,NSH,0,-3,1,4
2024-12-12,WPG,VGK,2,3,VGK,0,-1,2,3
2024-12-12,MIN,EDM,1,7,EDM,0,-6,1,7
2024-12-12,VAN,FLA,4,0,VAN,2,4,4,0
2024-12-13,CAR,OTT,0,3,OTT,0,-3,0,3
2024-12-14,NJD,CHI,4,1,NJD,2,3,4,1
2024-12-14,NYR,LAK,1,5,LAK,0,-4,1,5
2024-12-14,MIN,PHI,4,1,MIN,2,3,4,1
2024-12-14,EDM,VGK,6,3,EDM,2,3,6,3
2024-12-14,OTT,PIT,3,2,OTT,2,1,3,2
2024-12-14,DET,TOR,4,2,DET,2,2,4,2
2024-12-14,WSH,BUF,4,2,WSH,2,2,4,2
2024-12-14,WPG,MTL,4,2,WPG,2,2,4,2
2024-12-14,DAL,STL,2,1,DAL,2,1,2,1
2024-12-14,COL,NSH,5,2,COL,2,3,5,2
2024-12-14,CGY,FLA,3,0,CGY,2,3,3,0
2024-12-14,VAN,BOS,1,5,BOS,0,-4,1,5
2024-12-15,CHI,NYI,5,3,CHI,2,2,5,3
2024-12-15,TOR,BUF,5,3,TOR,2,2,5,3
2024-12-15,STL,NYR,3,2,STL,2,1,3,2
2024-12-15,MIN,VGK,2,3,VGK,0,-1,2,3
2024-12-16,DAL,WSH,3,1,DAL,2,2,3,1
2024-12-16,EDM,FLA,5,6,FLA,0,-1,5,6
2024-12-16,VAN,COL,3,1,VAN,2,2,3,1
2024-12-17,MTL,BUF,6,1,MTL,2,5,6,1
2024-12-17,PIT,LAK,3,2,PIT,2,1,3,2
2024-12-17,CAR,NYI,4,0,CAR,2,4,4,0
2024-12-17,STL,NJD,1,4,NJD,0,-3,1,4
2024-12-17,NSH,NYR,2,0,NSH,2,2,2,0
2024-12-17,CHI,WSH,3,2,CHI,2,1,3,2
2024-12-17,CGY,BOS,3,4,BOS,0,-1,3,4
2024-12-17,SJS,WPG,3,4,WPG,0,-1,3,4
2024-12-18,DET,PHI,6,4,DET,2,2,6,4
2024-12-18,DAL,TOR,3,5,TOR,0,-2,3,5
2024-12-18,MIN,FLA,1,6,FLA,0,-5,1,6
2024-12-18,ANA,WPG,3,2,ANA,2,1,3,2
2024-12-19,PHI,LAK,3,7,LAK,0,-4,3,7
2024-12-19,NSH,PIT,4,5,PIT,0,-1,4,5
2024-12-19,CGY,OTT,2,3,OTT,0,-1,2,3
2024-12-19,EDM,BOS,3,2,EDM,2,1,3,2
2024-12-19,VGK,VAN,3,1,VGK,2,2,3,1
2024-12-19,SJS,COL,2,4,COL,0,-2,2,4
2024-12-20,BUF,TOR,3,6,TOR,0,-3,3,6
2024-12-20,DET,MTL,3,4,MTL,0,-1,3,4
2024-12-20,FLA,STL,2,1,FLA,2,1,2,1
2024-12-20,WSH,CAR,3,1,WSH,2,2,3,1
2024-12-20,DAL,NYR,1,3,NYR,0,-2,1,3
2024-12-20,ANA,COL,2,4,COL,0,-2,2,4
2024-12-21,NSH,LAK,3,2,NSH,2,1,3,2
2024-12-21,CGY,CHI,6,4,CGY,2,2,6,4
2024-12-21,EDM,SJS,3,2,EDM,2,1,3,2
2024-12-21,BOS,BUF,3,1,BOS,2,2,3,1
2024-12-21,TOR,NYI,3,6,NYI,0,-3,3,6
2024-12-21,MTL,DET,5,1,MTL,2,4,5,1
2024-12-21,NJD,PIT,3,0,NJD,2,3,3,0
2024-12-21,WPG,MIN,5,0,WPG,2,5,5,0
2024-12-21,VAN,OTT,4,5,OTT,0,-1,4,5
2024-12-22,NYR,CAR,1,3,CAR,0,-2,1,3
2024-12-22,WSH,LAK,3,1,WSH,2,2,3,1
2024-12-22,EDM,OTT,3,1,EDM,2,2,3,1
2024-12-23,NJD,NYR,5,0,NJD,2,5,5,0
2024-12-23,TOR,WPG,2,5,WPG,0,-3,2,5
2024-12-23,BOS,WSH,4,1,BOS,2,3,4,1
2024-12-23,DET,STL,0,4,STL,0,-4,0,4
2024-12-23,PIT,PHI,7,3,PIT,2,4,7,3
2024-12-23,NYI,BUF,1,7,BUF,0,-6,1,7
2024-12-23,NSH,CAR,5,2,NSH,2,3,5,2
2024-12-23,MIN,CHI,4,3,MIN,2,1,4,3
2024-12-23,VAN,SJS,4,3,VAN,2,1,4,3
2024-12-23,VGK,ANA,3,1,VGK,2,2,3,1
2024-12-27,BUF,CHI,6,2,BUF,2,4,6,2
2024-12-27,DET,TOR,2,5,TOR,0,-3,2,5
2024-12-27,NJD,CAR,4,2,NJD,2,2,4,2
2024-12-27,STL,NSH,7,4,STL,2,3,7,4
2024-12-27,DAL,MIN,2,3,MIN,0,-1,2,3
2024-12-27,SJS,VGK,3,6,VGK,0,-3,3,6
2024-12-28,FLA,MTL,0,4,MTL,0,-4,0,4
2024-12-28,ANA,PHI,1,3,PHI,0,-2,1,3
2024-12-28,LAK,EDM,4,3,LAK,2,1,4,3
2024-12-28,TOR,WSH,2,5,WSH,0,-3,2,5
2024-12-28,CAR,NJD,5,2,CAR,2,3,5,2
2024-12-28,WPG,OTT,4,2,WPG,2,2,4,2
2024-12-28,NYI,PIT,6,3,NYI,2,3,6,3
2024-12-28,SJS,CGY,1,3,CGY,0,-2,1,3
2024-12-29,STL,BUF,2,4,BUF,0,-2,2,4
2024-12-29,ANA,EDM,5,3,ANA,2,2,5,3
2024-12-29,DET,WSH,4,2,DET,2,2,4,2
2024-12-29,PIT,NYI,3,2,PIT,2,1,3,2
2024-12-29,MIN,OTT,1,3,OTT,0,-2,1,3
2024-12-29,VGK,CGY,3,0,VGK,2,3,3,0
2024-12-29,CHI,DAL,1,5,DAL,0,-4,1,5
2024-12-29,LAK,PHI,5,4,LAK,2,1,5,4
2024-12-30,FLA,NYR,5,3,FLA,2,2,5,3
2024-12-30,WPG,NSH,3,0,WPG,2,3,3,0
2024-12-31,WSH,BOS,3,1,WSH,2,2,3,1
2024-12-31,TOR,NYI,3,1,TOR,2,2,3,1
2024-12-31,VGK,MTL,2,3,MTL,0,-1,2,3
2024-12-31,CHI,STL,2,6,STL,0,-4,2,6
2024-12-31,DET,PIT,4,2,DET,2,2,4,2
2024-12-31,DAL,BUF,4,2,DAL,2,2,4,2
2024-12-31,MIN,NSH,5,3,MIN,2,2,5,3
2024-12-31,COL,WPG,5,2,COL,2,3,5,2
2024-12-31,ANA,NJD,3,2,ANA,2,1,3,2
2024-12-31,SJS,PHI,0,4,PHI,0,-4,0,4
2024-12-31,CGY,VAN,3,1,CGY,2,2,3,1
2025-01-01,LAK,NJD,3,0,LAK,2,3,3,0
2025-01-02,FLA,CAR,1,3,CAR,0,-2,1,3
2025-01-02,NYR,BOS,2,1,NYR,2,1,2,1
2025-01-02,WSH,MIN,3,4,MIN,0,-1,3,4
2025-01-02,NYI,TOR,1,2,TOR,0,-1,1,2
2025-01-02,DAL,OTT,4,2,DAL,2,2,4,2
2025-01-02,WPG,ANA,3,4,ANA,0,-1,3,4
2025-01-02,COL,BUF,6,5,COL,2,1,6,5
2025-01-02,VGK,PHI,5,2,VGK,2,3,5,2
2025-01-03,FLA,PIT,3,2,FLA,2,1,3,2
2025-01-03,CHI,MTL,4,2,CHI,2,2,4,2
2025-01-03,STL,OTT,4,0,STL,2,4,4,0
2025-01-03,EDM,ANA,3,2,EDM,2,1,3,2
2025-01-03,VAN,NSH,0,3,NSH,0,-3,0,3
2025-01-04,WSH,NYR,7,4,WSH,2,3,7,4
2025-01-04,SJS,NJD,3,2,SJS,2,1,3,2
2025-01-04,WPG,DET,2,4,DET,0,-2,2,4
2025-01-04,TOR,BOS,6,4,TOR,2,2,6,4
2025-01-04,CAR,MIN,0,4,MIN,0,-4,0,4
2025-01-04,COL,MTL,1,2,MTL,0,-1,1,2
2025-01-04,CGY,NSH,1,4,NSH,0,-3,1,4
2025-01-04,VGK,BUF,3,1,VGK,2,2,3,1
2025-01-05,CHI,NYR,2,6,NYR,0,-4,2,6
2025-01-05,BOS,NYI,4,5,NYI,0,-1,4,5
2025-01-05,CAR,PIT,4,3,CAR,2,1,4,3
2025-01-05,TOR,PHI,3,2,TOR,2,1,3,2
2025-01-06,BUF,WSH,4,3,BUF,2,1,4,3
2025-01-06,MTL,VAN,5,4,MTL,2,1,5,4
2025-01-06,COL,FLA,3,1,COL,2,2,3,1
2025-01-07,BOS,EDM,0,4,EDM,0,-4,0,4
2025-01-07,DET,OTT,3,2,DET,2,1,3,2
2025-01-07,NYR,DAL,4,5,DAL,0,-1,4,5
2025-01-07,PHI,TOR,2,3,TOR,0,-1,2,3
2025-01-07,MIN,STL,6,4,MIN,2,2,6,4
2025-01-07,WPG,NSH,5,2,WPG,2,3,5,2
2025-01-07,ANA,CGY,2,3,CGY,0,-1,2,3
2025-01-07,SJS,VGK,2,4,VGK,0,-2,2,4
2025-01-08,WSH,VAN,2,1,WSH,2,1,2,1
2025-01-08,CHI,COL,3,1,CHI,2,2,3,1
2025-01-09,OTT,BUF,0,4,BUF,0,-4,0,4
2025-01-09,NYR,NJD,3,2,NYR,2,1,3,2
2025-01-09,PHI,DAL,1,4,DAL,0,-3,1,4
2025-01-09,PIT,EDM,5,3,PIT,2,2,5,3
2025-01-09,CAR,TOR,6,3,CAR,2,3,6,3
2025-01-09,STL,ANA,6,2,STL,2,4,6,2
2025-01-09,MIN,COL,1,6,COL,0,-5,1,6
2025-01-09,VGK,NYI,0,4,NYI,0,-4,0,4
2025-01-10,DET,CHI,5,3,DET,2,2,5,3
2025-01-10,WSH,MTL,2,3,MTL,0,-1,2,3
2025-01-10,CAR,VAN,2,0,CAR,2,2,2,0
2025-01-10,WPG,LAK,1,2,LAK,0,-1,1,2
2025-01-11,FLA,BOS,3,4,BOS,0,-1,3,4
2025-01-11,PIT,OTT,0,5,OTT,0,-5,0,5
2025-01-11,TOR,VAN,0,3,VAN,0,-3,0,3
2025-01-11,MTL,DAL,1,2,DAL,0,-1,1,2
2025-01-11,PHI,ANA,6,0,PHI,2,6,6,0
2025-01-11,CHI,EDM,3,4,EDM,0,-1,3,4
2025-01-11,WPG,COL,3,0,WPG,2,3,3,0
2025-01-11,NSH,WSH,1,4,WSH,0,-3,1,4
2025-01-11,CGY,LAK,2,1,CGY,2,1,2,1
2025-01-11,VGK,NYR,1,2,NYR,0,-1,1,2
2025-01-11,SJS,MIN,1,3,MIN,0,-2,1,3
2025-01-12,OTT,DAL,3,2,OTT,2,1,3,2
2025-01-12,CAR,ANA,2,3,ANA,0,-1,2,3
2025-01-12,VGK,MIN,4,1,VGK,2,3,4,1
2025-01-13,PHI,FLA,4,3,PHI,2,1,4,3
2025-01-13,CHI,CGY,2,5,CGY,0,-3,2,5
2025-01-13,EDM,LAK,1,0,EDM,2,1,1,0
2025-01-14,TOR,DAL,1,4,DAL,0,-3,1,4
2025-01-14,DET,SJS,3,6,SJS,0,-3,3,6
2025-01-14,WSH,ANA,3,0,WSH,2,3,3,0
2025-01-14,NJD,FLA,1,2,FLA,0,-1,1,2
2025-01-14,NYI,OTT,0,2,OTT,0,-2,0,2
2025-01-14,STL,CGY,2,1,STL,2,1,2,1
2025-01-14,NSH,VGK,5,3,NSH,2,2,5,3
2025-01-14,WPG,VAN,6,1,WPG,2,5,6,1
2025-01-14,COL,NYR,3,2,COL,2,1,3,2
2025-01-15,BUF,CAR,4,2,BUF,2,2,4,2
2025-01-15,MIN,EDM,3,5,EDM,0,-2,3,5
2025-01-16,TOR,NJD,4,3,TOR,2,1,4,3
2025-01-16,OTT,WSH,0,1,WSH,0,-1,0,1
2025-01-16,FLA,DET,2,5,DET,0,-3,2,5
2025-01-16,NYI,PHI,3,5,PHI,0,-2,3,5
2025-01-16,STL,CGY,4,1,STL,2,3,4,1
2025-01-16,NSH,CHI,3,2,NSH,2,1,3,2
2025-01-16,DAL,MTL,1,3,MTL,0,-2,1,3
2025-01-16,COL,EDM,3,4,EDM,0,-1,3,4
2025-01-16,VAN,LAK,1,5,LAK,0,-4,1,5
2025-01-17,BUF,PIT,2,5,PIT,0,-3,2,5
2025-01-17,CAR,VGK,3,2,CAR,2,1,3,2
2025-01-18,NJD,PHI,1,3,PHI,0,-2,1,3
2025-01-18,OTT,BOS,6,5,OTT,2,1,6,5
2025-01-18,COL,DAL,6,3,COL,2,3,6,3
2025-01-18,FLA,ANA,3,0,FLA,2,3,3,0
2025-01-18,MTL,TOR,3,7,TOR,0,-4,3,7
2025-01-18,WSH,PIT,4,1,WSH,2,3,4,1
2025-01-18,WPG,CGY,1,3,CGY,0,-2,1,3
2025-01-18,NYI,SJS,4,1,NYI,2,3,4,1
2025-01-18,CHI,VGK,5,3,CHI,2,2,5,3
2025-01-18,NSH,MIN,6,2,NSH,2,4,6,2
2025-01-18,VAN,EDM,3,2,VAN,2,1,3,2
2025-01-19,NJD,OTT,1,2,OTT,0,-1,1,2
2025-01-19,MTL,NYR,5,4,MTL,2,1,5,4
2025-01-19,DAL,DET,4,1,DAL,2,3,4,1
2025-01-20,BOS,SJS,6,3,BOS,2,3,6,3
2025-01-20,COL,MIN,1,3,MIN,0,-2,1,3
2025-01-20,VGK,STL,4,5,STL,0,-1,4,5
2025-01-20,CHI,CAR,3,4,CAR,0,-1,3,4
2025-01-20,LAK,PIT,1,5,PIT,0,-4,1,5
2025-01-21,NYR,OTT,5,0,NYR,2,5,5,0
2025-01-21,PHI,DET,2,1,PHI,2,1,2,1
2025-01-21,NSH,SJS,7,5,NSH,2,2,7,5
2025-01-21,DAL,CAR,1,2,CAR,0,-1,1,2
2025-01-21,EDM,WSH,2,3,WSH,0,-1,2,3
2025-01-21,VAN,BUF,2,3,BUF,0,-1,2,3
2025-01-21,ANA,FLA,2,5,FLA,0,-3,2,5
2025-01-22,NJD,BOS,5,1,NJD,2,4,5,1
2025-01-22,COL,WPG,2,3,WPG,0,-1,2,3
2025-01-22,LAK,FLA,2,1,LAK,2,1,2,1
2025-01-23,BOS,OTT,2,0,BOS,2,2,2,0
2025-01-23,DET,MTL,4,2,DET,2,2,4,2
2025-01-23,NYR,PHI,6,1,NYR,2,5,6,1
2025-01-23,STL,VGK,2,4,VGK,0,-2,2,4
2025-01-23,CGY,BUF,5,2,CGY,2,3,5,2
2025-01-23,EDM,VAN,6,2,EDM,2,4,6,2
2025-01-23,ANA,PIT,5,1,ANA,2,4,5,1
2025-01-23,SJS,NSH,5,6,NSH,0,-1,5,6
2025-01-24,NYI,PHI,3,1,NYI,2,2,3,1
2025-01-24,DAL,VGK,4,3,DAL,2,1,4,3
2025-01-25,BOS,COL,3,1,BOS,2,2,3,1
2025-01-25,EDM,BUF,3,2,EDM,2,1,3,2
2025-01-25,MTL,NJD,3,4,NJD,0,-1,3,4
2025-01-25,OTT,TOR,2,1,OTT,2,1,2,1
2025-01-25,STL,DAL,0,2,DAL,0,-2,0,2
2025-01-25,MIN,CGY,4,5,CGY,0,-1,4,5
2025-01-25,NYI,CAR,3,2,NYI,2,1,3,2
2025-01-25,VAN,WSH,2,1,VAN,2,1,2,1
2025-01-25,ANA,NSH,5,2,ANA,2,3,5,2
2025-01-25,SJS,FLA,2,7,FLA,0,-5,2,7
2025-01-26,NYR,COL,4,5,COL,0,-1,4,5
2025-01-26,WPG,CGY,5,2,WPG,2,3,5,2
2025-01-26,CHI,MIN,2,4,MIN,0,-2,2,4
2025-01-26,VGK,FLA,4,1,VGK,2,3,4,1
2025-01-27,DET,LAK,5,2,DET,2,3,5,2
2025-01-27,PHI,NJD,4,2,PHI,2,2,4,2
2025-01-27,STL,VAN,2,5,VAN,0,-3,2,5
2025-01-27,SJS,PIT,2,1,SJS,2,1,2,1
2025-01-28,BUF,BOS,7,2,BUF,2,5,7,2
2025-01-28,MTL,WPG,1,4,WPG,0,-3,1,4
2025-01-28,NYR,CAR,0,4,CAR,0,-4,0,4
2025-01-28,NYI,COL,5,2,NYI,2,3,5,2
2025-01-28,CGY,WSH,1,3,WSH,0,-2,1,3
2025-01-28,VGK,DAL,3,4,DAL,0,-1,3,4
2025-01-29,TOR,MIN,1,3,MIN,0,-2,1,3
2025-01-29,FLA,LAK,3,0,FLA,2,3,3,0
2025-01-29,NJD,PHI,5,0,NJD,2,5,5,0
2025-01-29,NSH,VAN,1,3,VAN,0,-2,1,3
2025-01-30,BOS,WPG,2,6,WPG,0,-4,2,6
2025-01-30,MTL,MIN,0,4,MIN,0,-4,0,4
2025-01-30,OTT,WSH,5,4,OTT,2,1,5,4
2025-01-30,CAR,CHI,3,2,CAR,2,1,3,2
2025-01-30,PHI,NYI,0,3,NYI,0,-3,0,3
2025-01-30,CGY,ANA,4,1,CGY,2,3,4,1
2025-01-30,EDM,DET,2,3,DET,0,-1,2,3
2025-01-31,BUF,NSH,4,3,BUF,2,1,4,3
2025-01-31,DAL,VAN,5,3,DAL,2,2,5,3
2025-01-31,COL,STL,5,0,COL,2,5,5,0
2025-02-01,FLA,CHI,5,1,FLA,2,4,5,1
2025-02-01,BOS,NYR,6,3,BOS,2,3,6,3
2025-02-01,OTT,MIN,6,0,OTT,2,6,6,0
2025-02-01,PIT,NSH,3,0,PIT,2,3,3,0
2025-02-01,WSH,WPG,4,5,WPG,0,-1,4,5
2025-02-01,CAR,LAK,2,4,LAK,0,-2,2,4
2025-02-01,EDM,TOR,3,4,TOR,0,-1,3,4
2025-02-01,CGY,DET,1,3,DET,0,-2,1,3
2025-02-02,BUF,NJD,4,3,BUF,2,1,4,3
2025-02-02,COL,PHI,2,0,COL,2,2,2,0
2025-02-02,ANA,MTL,3,2,ANA,2,1,3,2
2025-02-02,FLA,NYI,6,3,FLA,2,3,6,3
2025-02-02,NYR,VGK,4,2,NYR,2,2,4,2
2025-02-02,VAN,DET,2,3,DET,0,-1,2,3
2025-02-03,NSH,OTT,2,5,OTT,0,-3,2,5
2025-02-04,BOS,MIN,3,0,BOS,2,3,3,0
2025-02-04,PIT,NJD,2,3,NJD,0,-1,2,3
2025-02-04,WSH,FLA,6,3,WSH,2,3,6,3
2025-02-04,NYI,VGK,2,1,NYI,2,1,2,1
2025-02-04,STL,EDM,2,3,EDM,0,-1,2,3
2025-02-04,WPG,CAR,3,0,WPG,2,3,3,0
2025-02-04,CGY,TOR,3,6,TOR,0,-3,3,6
2025-02-04,VAN,COL,3,0,VAN,2,3,3,0
2025-02-04,ANA,DAL,2,1,ANA,2,1,2,1
2025-02-04,SJS,MTL,3,4,MTL,0,-1,3,4
2025-02-05,NYR,BOS,3,2,NYR,2,1,3,2
2025-02-05,CHI,EDM,3,4,EDM,0,-1,3,4
2025-02-05,LAK,MTL,6,3,LAK,2,3,6,3
2025-02-06,NJD,VGK,1,3,VGK,0,-2,1,3
2025-02-06,PHI,WSH,3,4,WSH,0,-1,3,4
2025-02-06,MIN,CAR,2,1,MIN,2,1,2,1
2025-02-06,STL,FLA,2,3,FLA,0,-1,2,3
2025-02-06,CGY,COL,2,4,COL,0,-2,2,4
2025-02-06,SJS,VAN,1,2,VAN,0,-1,1,2
2025-02-07,NYR,PIT,2,3,PIT,0,-1,2,3
2025-02-07,WPG,NYI,4,3,WPG,2,1,4,3
2025-02-07,CHI,NSH,6,2,CHI,2,4,6,2
2025-02-07,EDM,COL,4,5,COL,0,-1,4,5
2025-02-07,LAK,DAL,5,4,LAK,2,1,5,4
2025-02-08,MTL,NJD,0,4,NJD,0,-4,0,4
2025-02-08,BOS,VGK,3,4,VGK,0,-1,3,4
2025-02-08,FLA,OTT,5,1,FLA,2,4,5,1
2025-02-08,PHI,PIT,3,2,PHI,2,1,3,2
2025-02-08,STL,CHI,6,5,STL,2,1,6,5
2025-02-08,VAN,TOR,2,1,VAN,2,1,2,1
2025-02-08,NSH,BUF,6,4,NSH,2,2,6,4
2025-02-08,MIN,NYI,6,3,MIN,2,3,6,3
2025-02-08,SJS,DAL,3,8,DAL,0,-5,3,8
2025-02-08,LAK,ANA,1,2,ANA,0,-1,1,2
2025-02-22,DET,MIN,3,4,MIN,0,-1,3,4
2025-02-22,PHI,EDM,6,3,PHI,2,3,6,3
2025-02-22,PIT,WSH,3,8,WSH,0,-5,3,8
2025-02-22,BUF,NYR,8,2,BUF,2,6,8,2
2025-02-22,NJD,DAL,2,4,DAL,0,-2,2,4
2025-02-22,NSH,COL,2,1,NSH,2,1,2,1
2025-02-22,BOS,ANA,2,3,ANA,0,-1,2,3
2025-02-22,TOR,CAR,6,3,TOR,2,3,6,3
2025-02-22,OTT,MTL,2,5,MTL,0,-3,2,5
2025-02-22,STL,WPG,3,4,WPG,0,-1,3,4
2025-02-22,VGK,VAN,3,1,VGK,2,2,3,1
2025-02-23,WSH,EDM,7,3,WSH,2,4,7,3
2025-02-23,PIT,NYR,3,5,NYR,0,-2,3,5
2025-02-23,DET,ANA,5,4,DET,2,1,5,4
2025-02-23,STL,COL,3,1,STL,2,2,3,1
2025-02-23,NSH,NJD,0,5,NJD,0,-5,0,5
2025-02-23,CHI,TOR,2,5,TOR,0,-3,2,5
2025-02-23,NYI,DAL,3,4,DAL,0,-1,3,4
2025-02-23,CGY,SJS,3,2,CGY,2,1,3,2
2025-02-24,WPG,SJS,2,1,WPG,2,1,2,1
2025-02-24,LAK,VGK,5,2,LAK,2,3,5,2
2025-02-25,BOS,TOR,4,5,TOR,0,-1,4,5
2025-02-25,BUF,ANA,3,2,BUF,2,1,3,2
2025-02-25,MTL,CAR,4,0,MTL,2,4,4,0
2025-02-25,PHI,PIT,6,1,PHI,2,5,6,1
2025-02-25,WSH,CGY,1,3,CGY,0,-2,1,3
2025-02-25,NYI,NYR,1,5,NYR,0,-4,1,5
2025-02-25,NSH,FLA,1,4,FLA,0,-3,1,4
2025-02-25,MIN,DET,2,3,DET,0,-1,2,3
2025-02-26,OTT,WPG,1,4,WPG,0,-3,1,4
2025-02-26,COL,NJD,5,1,COL,2,4,5,1
2025-02-26,LAK,VAN,2,3,VAN,0,-1,2,3
2025-02-27,BOS,NYI,1,2,NYI,0,-1,1,2
2025-02-27,MTL,SJS,4,3,MTL,2,1,4,3
2025-02-27,FLA,EDM,4,3,FLA,2,1,4,3
2025-02-27,WSH,STL,2,5,STL,0,-3,2,5
2025-02-27,CAR,BUF,5,2,CAR,2,3,5,2
2025-02-27,PIT,PHI,5,4,PIT,2,1,5,4
2025-02-27,NSH,WPG,2,1,NSH,2,1,2,1
2025-02-27,VGK,CHI,7,5,VGK,2,2,7,5
2025-02-27,ANA,VAN,5,2,ANA,2,3,5,2
2025-02-28,NYR,TOR,2,3,TOR,0,-1,2,3
2025-02-28,DAL,LAK,6,2,DAL,2,4,6,2
2025-02-28,COL,MIN,5,2,COL,2,3,5,2
2025-03-01,NYI,NSH,7,4,NYI,2,3,7,4
2025-03-01,FLA,CGY,3,0,FLA,2,3,3,0
2025-03-01,PIT,BOS,2,3,BOS,0,-1,2,3
2025-03-01,BUF,MTL,2,4,MTL,0,-2,2,4
2025-03-01,OTT,SJS,5,3,OTT,2,2,5,3
2025-03-01,CAR,EDM,1,3,EDM,0,-2,1,3
2025-03-01,WPG,PHI,1,2,PHI,0,-1,1,2
2025-03-01,STL,LAK,4,1,STL,2,3,4,1
2025-03-01,ANA,CHI,3,6,CHI,0,-3,3,6
2025-03-02,PIT,TOR,5,6,TOR,0,-1,5,6
2025-03-02,MIN,BOS,1,0,MIN,2,1,1,0
2025-03-02,CAR,CGY,2,1,CAR,2,1,2,1
2025-03-02,DAL,STL,6,3,DAL,2,3,6,3
2025-03-02,NYR,NSH,4,0,NYR,2,4,4,0
2025-03-02,VGK,NJD,2,0,VGK,2,2,2,0
2025-03-03,WSH,OTT,5,4,WSH,2,1,5,4
2025-03-03,MTL,BUF,4,3,MTL,2,1,4,3
2025-03-03,NYR,NYI,4,0,NYR,2,4,4,0
2025-03-03,TOR,SJS,2,3,SJS,0,-1,2,3
2025-03-03,CHI,LAK,5,1,CHI,2,4,5,1
2025-03-04,BOS,NSH,3,6,NSH,0,-3,3,6
2025-03-04,BUF,SJS,2,6,SJS,0,-4,2,6
2025-03-04,DET,CAR,1,2,CAR,0,-1,1,2
2025-03-04,PHI,CGY,3,6,CGY,0,-3,3,6
2025-03-04,NYI,WPG,3,2,NYI,2,1,3,2
2025-03-04,DAL,NJD,4,3,DAL,2,1,4,3
2025-03-04,COL,PIT,4,1,COL,2,3,4,1
2025-03-04,EDM,ANA,2,6,ANA,0,-4,2,6
2025-03-05,NYR,WSH,2,3,WSH,0,-1,2,3
2025-03-05,CHI,OTT,3,4,OTT,0,-1,3,4
2025-03-05,VGK,TOR,5,2,VGK,2,3,5,2
2025-03-05,VAN,ANA,3,2,VAN,2,1,3,2
2025-03-05,LAK,STL,2,3,STL,0,-1,2,3
2025-03-06,PHI,WPG,1,4,WPG,0,-3,1,4
2025-03-06,CAR,BOS,3,2,CAR,2,1,3,2
2025-03-06,DAL,CGY,3,2,DAL,2,1,3,2
2025-03-06,EDM,MTL,3,2,EDM,2,1,3,2
2025-03-06,COL,SJS,7,3,COL,2,4,7,3
2025-03-07,NJD,WPG,1,6,WPG,0,-5,1,6
2025-03-07,WSH,DET,5,2,WSH,2,3,5,2
2025-03-07,VAN,MIN,3,1,VAN,2,2,3,1
2025-03-07,VGK,PIT,4,0,VGK,2,4,4,0
2025-03-07,ANA,STL,3,4,STL,0,-1,3,4
2025-03-08,OTT,NYR,4,3,OTT,2,1,4,3
2025-03-08,FLA,BUF,4,0,FLA,2,4,4,0
2025-03-08,COL,TOR,7,4,COL,2,3,7,4
2025-03-08,CGY,MTL,1,0,CGY,2,1,1,0
2025-03-08,NSH,CHI,3,2,NSH,2,1,3,2
2025-03-08,LAK,STL,2,1,LAK,2,1,2,1
2025-03-08,EDM,DAL,5,4,EDM,2,1,5,4
2025-03-08,SJS,NYI,2,4,NYI,0,-2,2,4
2025-03-09,PHI,NJD,1,3,NJD,0,-2,1,3
2025-03-09,MIN,PIT,1,3,PIT,0,-2,1,3
2025-03-09,CAR,WPG,4,2,CAR,2,2,4,2
2025-03-09,VGK,LAK,5,6,LAK,0,-1,5,6
2025-03-09,VAN,DAL,1,4,DAL,0,-3,1,4
2025-03-09,ANA,NYI,4,1,ANA,2,3,4,1
2025-03-10,BUF,EDM,3,2,BUF,2,1,3,2
2025-03-10,OTT,DET,2,1,OTT,2,1,2,1
2025-03-10,COL,CHI,3,0,COL,2,3,3,0
2025-03-11,BOS,FLA,3,2,BOS,2,1,3,2
2025-03-11,PHI,OTT,2,5,OTT,0,-3,2,5
2025-03-11,PIT,VGK,3,2,PIT,2,1,3,2
2025-03-11,MIN,COL,2,1,MIN,2,1,2,1
2025-03-11,WPG,NYR,2,1,WPG,2,1,2,1
2025-03-11,VAN,MTL,2,4,MTL,0,-2,2,4
2025-03-11,ANA,WSH,4,7,WSH,0,-3,4,7
2025-03-11,LAK,NYI,4,1,LAK,2,3,4,1
2025-03-11,SJS,NSH,2,3,NSH,0,-1,2,3
2025-03-12,DET,BUF,7,3,DET,2,4,7,3
2025-03-12,CGY,VAN,3,4,VAN,0,-1,3,4
2025-03-13,TOR,FLA,2,3,FLA,0,-1,2,3
2025-03-13,OTT,BOS,6,3,OTT,2,3,6,3
2025-03-13,PIT,STL,5,3,PIT,2,2,5,3
2025-03-13,NJD,EDM,3,2,NJD,2,1,3,2
2025-03-13,MIN,NYR,2,3,NYR,0,-1,2,3
2025-03-13,LAK,WSH,3,0,LAK,2,3,3,0
2025-03-13,SJS,CHI,4,2,SJS,2,2,4,2
2025-03-14,CAR,DET,4,2,CAR,2,2,4,2
2025-03-14,NYI,EDM,1,2,EDM,0,-1,1,2
2025-03-14,WPG,DAL,4,1,WPG,2,3,4,1
2025-03-14,CGY,COL,2,4,COL,0,-2,2,4
2025-03-14,ANA,NSH,2,1,ANA,2,1,2,1
2025-03-15,BUF,VGK,4,3,BUF,2,1,4,3
2025-03-15,PIT,NJD,7,3,PIT,2,4,7,3
2025-03-15,SJS,WSH,1,5,WSH,0,-4,1,5
2025-03-15,TOR,OTT,2,4,OTT,0,-2,2,4
2025-03-15,MTL,FLA,3,1,MTL,2,2,3,1
2025-03-15,PHI,CAR,0,5,CAR,0,-5,0,5
2025-03-15,MIN,STL,1,5,STL,0,-4,1,5
2025-03-15,LAK,NSH,1,0,LAK,2,1,1,0
2025-03-15,VAN,CHI,6,2,VAN,2,4,6,2
2025-03-16,DET,VGK,3,0,DET,2,3,3,0
2025-03-16,COL,DAL,4,3,COL,2,1,4,3
2025-03-16,NYR,EDM,1,3,EDM,0,-2,1,3
2025-03-16,NYI,FLA,4,2,NYI,2,2,4,2
2025-03-16,STL,ANA,7,2,STL,2,5,7,2
2025-03-17,BOS,BUF,2,3,BUF,0,-1,2,3
2025-03-17,TOR,CGY,6,2,TOR,2,4,6,2
2025-03-17,MIN,LAK,3,1,MIN,2,2,3,1
2025-03-18,MTL,OTT,6,3,MTL,2,3,6,3
2025-03-18,NYR,CGY,1,2,CGY,0,-1,1,2
2025-03-18,PIT,NYI,2,4,NYI,0,-2,2,4
2025-03-18,WSH,DET,4,1,WSH,2,3,4,1
2025-03-18,NSH,STL,1,4,STL,0,-3,1,4
2025-03-18,DAL,ANA,4,3,DAL,2,1,4,3
2025-03-18,VAN,WPG,6,2,VAN,2,4,6,2
2025-03-19,TOR,COL,2,1,TOR,2,1,2,1
2025-03-20,OTT,COL,1,5,COL,0,-4,1,5
2025-03-20,NJD,CGY,3,5,CGY,0,-2,3,5
2025-03-20,NYR,TOR,3,4,TOR,0,-1,3,4
2025-03-20,WSH,PHI,3,2,WSH,2,1,3,2
2025-03-20,NYI,MTL,4,3,NYI,2,1,4,3
2025-03-20,STL,VAN,4,3,STL,2,1,4,3
2025-03-20,NSH,ANA,1,4,ANA,0,-3,1,4
2025-03-20,CHI,LAK,1,3,LAK,0,-2,1,3
2025-03-20,EDM,WPG,3,4,WPG,0,-1,3,4
2025-03-20,VGK,BOS,5,1,VGK,2,4,5,1
2025-03-20,SJS,CAR,1,3,CAR,0,-2,1,3
2025-03-22,NYR,VAN,5,3,NYR,2,2,5,3
2025-03-22,DAL,PHI,3,2,DAL,2,1,3,2
2025-03-22,MIN,BUF,4,1,MIN,2,3,4,1
2025-03-22,STL,CHI,4,1,STL,2,3,4,1
2025-03-22,NYI,CGY,3,4,CGY,0,-1,3,4
2025-03-22,LAK,CAR,7,2,LAK,2,5,7,2
2025-03-22,WSH,FLA,6,3,WSH,2,3,6,3
2025-03-22,MTL,COL,4,5,COL,0,-1,4,5
2025-03-22,NJD,OTT,2,3,OTT,0,-1,2,3
2025-03-22,NSH,TOR,5,2,NSH,2,3,5,2
2025-03-22,VGK,DET,6,3,VGK,2,3,6,3
2025-03-22,SJS,BOS,3,1,SJS,2,2,3,1
2025-03-23,CHI,PHI,7,4,CHI,2,3,7,4
2025-03-23,WPG,BUF,3,5,BUF,0,-2,3,5
2025-03-23,FLA,PIT,4,3,FLA,2,1,4,3
2025-03-23,STL,NSH,4,1,STL,2,3,4,1
2025-03-23,ANA,CAR,2,5,CAR,0,-3,2,5
2025-03-23,LAK,BOS,7,2,LAK,2,5,7,2
2025-03-24,NJD,VAN,3,4,VAN,0,-1,3,4
2025-03-24,DAL,MIN,3,0,DAL,2,3,3,0
2025-03-25,BUF,OTT,3,2,BUF,2,1,3,2
2025-03-25,TOR,PHI,7,2,TOR,2,5,7,2
2025-03-25,CAR,NSH,1,3,NSH,0,-2,1,3
2025-03-25,STL,MTL,6,1,STL,2,5,6,1
2025-03-25,MIN,VGK,1,5,VGK,0,-4,1,5
2025-03-25,WPG,WSH,3,2,WPG,2,1,3,2
2025-03-25,COL,DET,5,2,COL,2,3,5,2
2025-03-25,LAK,NYR,3,1,LAK,2,2,3,1
2025-03-26,NYI,VAN,2,5,VAN,0,-3,2,5
2025-03-26,CHI,NJD,3,5,NJD,0,-2,3,5
2025-03-26,EDM,DAL,3,4,DAL,0,-1,3,4
2025-03-26,ANA,BOS,6,2,ANA,2,4,6,2
2025-03-27,BUF,PIT,7,3,BUF,2,4,7,3
2025-03-27,DET,OTT,3,4,OTT,0,-1,3,4
2025-03-27,PHI,MTL,6,4,PHI,2,2,6,4
2025-03-27,MIN,WSH,4,2,MIN,2,2,4,2
2025-03-27,NSH,STL,2,3,STL,0,-1,2,3
2025-03-27,CGY,DAL,2,5,DAL,0,-3,2,5
2025-03-27,COL,LAK,4,0,COL,2,4,4,0
2025-03-27,SJS,TOR,6,5,SJS,2,1,6,5
2025-03-28,CAR,MTL,4,1,CAR,2,3,4,1
2025-03-28,WPG,NJD,4,0,WPG,2,4,4,0
2025-03-28,CHI,VGK,3,5,VGK,0,-2,3,5
2025-03-28,ANA,NYR,5,4,ANA,2,1,5,4
2025-03-29,PHI,BUF,7,4,PHI,2,3,7,4
2025-03-29,COL,STL,1,2,STL,0,-1,1,2
2025-03-29,MIN,NJD,2,5,NJD,0,-3,2,5
2025-03-29,NSH,VGK,1,3,VGK,0,-2,1,3
2025-03-29,LAK,TOR,1,3,TOR,0,-2,1,3
2025-03-29,DET,BOS,2,1,DET,2,1,2,1
2025-03-29,EDM,CGY,3,2,EDM,2,1,3,2
2025-03-29,SJS,NYR,1,6,NYR,0,-5,1,6
2025-03-30,FLA,MTL,2,4,MTL,0,-2,2,4
2025-03-30,WSH,BUF,5,8,BUF,0,-3,5,8
2025-03-30,WPG,VAN,3,1,WPG,2,2,3,1
2025-03-30,PIT,OTT,1,0,PIT,2,1,1,0
2025-03-30,CAR,NYI,6,4,CAR,2,2,6,4
2025-03-30,ANA,TOR,2,3,TOR,0,-1,2,3
2025-03-30,LAK,SJS,8,1,LAK,2,7,8,1
2025-03-31,NJD,MIN,3,2,NJD,2,1,3,2
2025-03-31,PHI,NSH,2,1,PHI,2,1,2,1
2025-03-31,COL,CGY,2,3,CGY,0,-1,2,3
2025-04-01,BOS,WSH,3,4,WSH,0,-1,3,4
2025-04-01,MTL,FLA,3,2,MTL,2,1,3,2
2025-04-01,OTT,BUF,2,5,BUF,0,-3,2,5
2025-04-01,STL,DET,2,1,STL,2,1,2,1
2025-04-01,VGK,EDM,2,3,EDM,0,-1,2,3
2025-04-01,ANA,SJS,4,3,ANA,2,1,4,3
2025-04-01,LAK,WPG,4,1,LAK,2,3,4,1
2025-04-02,NYR,MIN,5,4,NYR,2,1,5,4
2025-04-02,CAR,WSH,5,1,CAR,2,4,5,1
2025-04-02,TOR,FLA,3,2,TOR,2,1,3,2
2025-04-02,CHI,COL,2,3,COL,0,-1,2,3
2025-04-03,MTL,BOS,4,1,MTL,2,3,4,1
2025-04-03,STL,PIT,5,4,STL,2,1,5,4
2025-04-03,DAL,NSH,5,1,DAL,2,4,5,1
2025-04-03,CGY,ANA,4,1,CGY,2,3,4,1
2025-04-03,VGK,WPG,0,4,WPG,0,-4,0,4
2025-04-03,SJS,EDM,2,3,EDM,0,-1,2,3
2025-04-04,DET,CAR,5,3,DET,2,2,5,3
2025-04-04,WSH,CHI,5,3,WSH,2,2,5,3
2025-04-04,NYI,MIN,3,1,NYI,2,2,3,1
2025-04-05,NJD,NYR,4,0,NJD,2,4,4,0
2025-04-05,OTT,FLA,3,0,OTT,2,3,3,0
2025-04-05,DAL,PIT,3,5,PIT,0,-2,3,5
2025-04-05,VAN,ANA,6,2,VAN,2,4,6,2
2025-04-05,LAK,EDM,3,0,LAK,2,3,3,0
2025-04-05,BOS,CAR,5,1,BOS,2,4,5,1
2025-04-05,MTL,PHI,3,2,MTL,2,1,3,2
2025-04-05,STL,COL,5,4,STL,2,1,5,4
2025-04-05,CGY,VGK,2,3,VGK,0,-1,2,3
2025-04-06,NYI,WSH,4,1,NYI,2,3,4,1
2025-04-06,MIN,DAL,3,2,MIN,2,1,3,2
2025-04-06,DET,FLA,2,1,DET,2,1,2,1
2025-04-06,BUF,BOS,6,3,BUF,2,3,6,3
2025-04-06,CHI,PIT,3,1,CHI,2,2,3,1
2025-04-06,NSH,MTL,1,2,MTL,0,-1,1,2
2025-04-06,VAN,VGK,2,3,VGK,0,-1,2,3
2025-04-07,WPG,STL,3,1,WPG,2,2,3,1
2025-04-07,ANA,EDM,3,2,ANA,2,1,3,2
2025-04-07,SJS,CGY,2,3,CGY,0,-1,2,3
2025-04-08,BUF,CAR,3,0,BUF,2,3,3,0
2025-04-08,MTL,DET,4,1,MTL,2,3,4,1
2025-04-08,FLA,TOR,3,1,FLA,2,2,3,1
2025-04-08,NJD,BOS,2,7,BOS,0,-5,2,7
2025-04-08,PIT,CHI,5,0,PIT,2,5,5,0
2025-04-08,NSH,NYI,7,6,NSH,2,1,7,6
2025-04-08,DAL,VAN,5,6,VAN,0,-1,5,6
2025-04-08,COL,VGK,3,2,COL,2,1,3,2
2025-04-09,NYR,PHI,5,8,PHI,0,-3,5,8
2025-04-09,MIN,SJS,8,7,MIN,2,1,8,7
2025-04-09,EDM,STL,4,3,EDM,2,1,4,3
2025-04-09,ANA,CGY,4,3,ANA,2,1,4,3
2025-04-10,BOS,CHI,2,5,CHI,0,-3,2,5
2025-04-10,FLA,DET,4,1,FLA,2,3,4,1
2025-04-10,WSH,CAR,5,4,WSH,2,1,5,4
2025-04-10,NYI,NYR,2,9,NYR,0,-7,2,9
2025-04-10,DAL,WPG,0,4,WPG,0,-4,0,4
2025-04-10,COL,VAN,1,4,VAN,0,-3,1,4
2025-04-10,LAK,ANA,6,1,LAK,2,5,6,1
2025-04-11,OTT,MTL,5,2,OTT,2,3,5,2
2025-04-11,NJD,PIT,2,4,PIT,0,-2,2,4
2025-04-11,EDM,SJS,4,2,EDM,2,2,4,2
2025-04-11,CGY,MIN,4,2,CGY,2,2,4,2
2025-04-12,PHI,NYI,4,3,PHI,2,1,4,3
2025-04-12,CAR,NYR,7,3,CAR,2,4,7,3
2025-04-12,LAK,COL,5,4,LAK,2,1,5,4
2025-04-12,FLA,BUF,3,2,FLA,2,1,3,2
2025-04-12,TOR,MTL,1,0,TOR,2,1,1,0
2025-04-12,CHI,WPG,4,5,WPG,0,-1,4,5
2025-04-12,VAN,MIN,2,3,MIN,0,-1,2,3
2025-04-12,VGK,NSH,5,3,VGK,2,2,5,3
2025-04-13,OTT,PHI,4,3,OTT,2,1,4,3
2025-04-13,NJD,NYI,0,1,NYI,0,-1,0,1
2025-04-13,PIT,BOS,1,4,BOS,0,-3,1,4
2025-04-13,CAR,TOR,1,4,TOR,0,-3,1,4
2025-04-13,WPG,EDM,1,4,EDM,0,-3,1,4
2025-04-13,CGY,SJS,5,2,CGY,2,3,5,2
2025-04-13,ANA,COL,2,4,COL,0,-2,2,4
2025-04-14,MTL,CHI,3,4,CHI,0,-1,3,4
2025-04-14,DET,DAL,6,4,DET,2,2,6,4
2025-04-14,FLA,NYR,3,5,NYR,0,-2,3,5
2025-04-14,EDM,LAK,0,5,LAK,0,-5,0,5
2025-04-14,VAN,SJS,2,1,VAN,2,1,2,1
2025-04-15,BOS,NJD,4,5,NJD,0,-1,4,5
2025-04-15,BUF,TOR,0,4,TOR,0,-4,0,4
2025-04-15,OTT,CHI,3,4,CHI,0,-1,3,4
2025-04-15,NYI,WSH,1,3,WSH,0,-2,1,3
2025-04-15,MIN,ANA,3,2,MIN,2,1,3,2
2025-04-15,CGY,VGK,5,4,CGY,2,1,5,4
2025-04-16,MTL,CAR,4,2,MTL,2,2,4,2
2025-04-16,WPG,ANA,2,1,WPG,2,1,2,1
2025-04-16,NJD,DET,2,5,DET,0,-3,2,5
2025-04-16,NSH,DAL,5,1,NSH,2,4,5,1
2025-04-16,VAN,VGK,1,4,VGK,0,-3,1,4
2025-04-16,SJS,EDM,0,3,EDM,0,-3,0,3
2025-04-17,BUF,PHI,5,4,BUF,2,1,5,4
2025-04-17,TOR,DET,4,3,TOR,2,1,4,3
2025-04-17,OTT,CAR,7,5,OTT,2,2,7,5
2025-04-17,PIT,WSH,5,2,PIT,2,3,5,2
2025-04-17,LAK,CGY,1,5,CGY,0,-4,1,5
2025-04-19,WPG,STL,5,3,WPG,2,2,5,3
2025-04-19,DAL,COL,1,5,COL,0,-4,1,5
2025-04-20,CAR,NJD,4,1,CAR,2,3,4,1
2025-04-20,TOR,OTT,6,2,TOR,2,4,6,2
2025-04-20,VGK,MIN,4,2,VGK,2,2,4,2
2025-04-21,WSH,MTL,3,2,WSH,2,1,3,2
2025-04-21,WPG,STL,2,1,WPG,2,1,2,1
2025-04-21,DAL,COL,4,3,DAL,2,1,4,3
2025-04-21,LAK,EDM,6,5,LAK,2,1,6,5
2025-04-22,CAR,NJD,3,1,CAR,2,2,3,1
2025-04-22,TOR,OTT,3,2,TOR,2,1,3,2
2025-04-22,VGK,MIN,2,5,MIN,0,-3,2,5
2025-04-23,WSH,MTL,3,1,WSH,2,2,3,1
2025-04-23,COL,DAL,1,2,DAL,0,-1,1,2
2025-04-23,LAK,EDM,6,2,LAK,2,4,6,2
2025-04-24,OTT,TOR,2,3,TOR,0,-1,2,3
2025-04-24,MIN,VGK,5,2,MIN,2,3,5,2
2025-04-24,STL,WPG,7,2,STL,2,5,7,2
2025-04-25,MTL,WSH,6,3,MTL,2,3,6,3
2025-04-25,NJD,CAR,3,2,NJD,2,1,3,2
2025-04-25,EDM,LAK,7,4,EDM,2,3,7,4
2025-04-26,MIN,VGK,3,4,VGK,0,-1,3,4
2025-04-26,OTT,TOR,4,3,OTT,2,1,4,3
2025-04-26,COL,DAL,4,0,COL,2,4,4,0
2025-04-27,STL,WPG,5,1,STL,2,4,5,1
2025-04-27,NJD,CAR,2,5,CAR,0,-3,2,5
2025-04-27,MTL,WSH,2,5,WSH,0,-3,2,5
2025-04-27,EDM,LAK,4,3,EDM,2,1,4,3
2025-04-28,DAL,COL,6,2,DAL,2,4,6,2
2025-04-29,TOR,OTT,0,4,OTT,0,-4,0,4
2025-04-29,CAR,NJD,5,4,CAR,2,1,5,4
2025-04-29,VGK,MIN,3,2,VGK,2,1,3,2
2025-04-29,LAK,EDM,1,3,EDM,0,-2,1,3
2025-04-30,WSH,MTL,4,1,WSH,2,3,4,1
2025-04-30,WPG,STL,5,3,WPG,2,2,5,3
2025-05-01,OTT,TOR,2,4,TOR,0,-2,2,4
2025-05-01,MIN,VGK,2,3,VGK,0,-1,2,3
2025-05-01,COL,DAL,7,4,COL,2,3,7,4
2025-05-01,EDM,LAK,6,4,EDM,2,2,6,4
2025-05-02,STL,WPG,5,2,STL,2,3,5,2
2025-05-03,DAL,COL,4,2,DAL,2,2,4,2
2025-05-04,WPG,STL,4,3,WPG,2,1,4,3
2025-05-05,TOR,FLA,5,4,TOR,2,1,5,4
2025-05-06,WSH,CAR,1,2,CAR,0,-1,1,2
2025-05-06,VGK,EDM,2,4,EDM,0,-2,2,4
2025-05-07,TOR,FLA,4,3,TOR,2,1,4,3
2025-05-07,WPG,DAL,2,3,DAL,0,-1,2,3
2025-05-08,WSH,CAR,3,1,WSH,2,2,3,1
2025-05-08,VGK,EDM,4,5,EDM,0,-1,4,5
2025-05-09,FLA,TOR,5,4,FLA,2,1,5,4
2025-05-09,WPG,DAL,4,0,WPG,2,4,4,0
2025-05-10,CAR,WSH,4,0,CAR,2,4,4,0
2025-05-10,EDM,VGK,3,4,VGK,0,-1,3,4
2025-05-11,DAL,WPG,5,2,DAL,2,3,5,2
2025-05-11,FLA,TOR,2,0,FLA,2,2,2,0
2025-05-12,CAR,WSH,5,2,CAR,2,3,5,2
2025-05-12,EDM,VGK,3,0,EDM,2,3,3,0
2025-05-13,DAL,WPG,3,1,DAL,2,2,3,1
2025-05-14,TOR,FLA,1,6,FLA,0,-5,1,6
2025-05-14,VGK,EDM,0,1,EDM,0,-1,0,1
2025-05-15,WSH,CAR,1,3,CAR,0,-2,1,3
2025-05-15,WPG,DAL,4,0,WPG,2,4,4,0
2025-05-16,FLA,TOR,0,2,TOR,0,-2,0,2
2025-05-17,DAL,WPG,2,1,DAL,2,1,2,1
2025-05-18,TOR,FLA,1,6,FLA,0,-5,1,6
2025-05-20,CAR,FLA,2,5,FLA,0,-3,2,5
2025-05-21,DAL,EDM,6,3,DAL,2,3,6,3
2025-05-22,CAR,FLA,0,5,FLA,0,-5,0,5
2025-05-23,DAL,EDM,0,3,EDM,0,-3,0,3
2025-05-24,FLA,CAR,6,2,FLA,2,4,6,2
2025-05-25,EDM,DAL,6,1,EDM,2,5,6,1
2025-05-26,FLA,CAR,0,3,CAR,0,-3,0,3
2025-05-27,EDM,DAL,4,1,EDM,2,3,4,1
2025-05-28,CAR,FLA,3,5,FLA,0,-2,3,5
2025-05-29,DAL,EDM,3,6,EDM,0,-3,3,6
2025-06-04,EDM,FLA,4,3,EDM,2,1,4,3
2025-06-06,EDM,FLA,4,5,FLA,0,-1,4,5
2025-06-09,FLA,EDM,6,1,FLA,2,5,6,1
2025-06-12,FLA,EDM,4,5,EDM,0,-1,4,5
2025-06-14,EDM,FLA,2,5,FLA,0,-3,2,5
2025-06-17,FLA,EDM,5,1,FLA,2,4,5,1
2025-09-20,DAL,STL,2,1,DAL,2,1,2,1
2025-09-21,NJD,NYR,3,5,NYR,0,-2,3,5
2025-09-21,NSH,FLA,5,0,NSH,2,5,5,0
2025-09-21,OTT,TOR,3,4,TOR,0,-1,3,4
2025-09-21,WPG,MIN,2,3,MIN,0,-1,2,3
2025-09-21,BOS,WSH,2,5,WSH,0,-3,2,5
2025-09-21,LAK,ANA,3,1,LAK,2,2,3,1
2025-09-21,NYI,PHI,2,3,PHI,0,-1,2,3
2025-09-21,EDM,CGY,2,3,CGY,0,-1,2,3
2025-09-21,CGY,EDM,0,3,EDM,0,-3,0,3
2025-09-21,SJS,VGK,3,0,SJS,2,3,3,0
2025-09-22,MTL,PIT,2,1,MTL,2,1,2,1
2025-09-23,NYR,BOS,4,5,BOS,0,-1,4,5
2025-09-23,DET,CHI,3,2,DET,2,1,3,2
2025-09-23,NJD,NYI,6,2,NJD,2,4,6,2
2025-09-23,TOR,OTT,2,3,OTT,0,-1,2,3
2025-09-23,MTL,PHI,4,2,MTL,2,2,4,2
2025-09-23,DAL,MIN,3,2,DAL,2,1,3,2
2025-09-23,WPG,EDM,2,3,EDM,0,-1,2,3
2025-09-23,VGK,LAK,1,3,LAK,0,-2,1,3
2025-09-24,CAR,FLA,2,4,FLA,0,-2,2,4
2025-09-24,VAN,CGY,3,1,VAN,2,2,3,1
2025-09-24,ANA,LAK,0,3,LAK,0,-3,0,3
2025-09-25,DET,BUF,5,2,DET,2,3,5,2
2025-09-25,NYR,NYI,4,5,NYI,0,-1,4,5
2025-09-25,WSH,PHI,5,1,WSH,2,4,5,1
2025-09-25,MTL,TOR,2,7,TOR,0,-5,2,7
2025-09-25,MIN,DAL,2,5,DAL,0,-3,2,5
2025-09-26,PIT,DET,3,2,PIT,2,1,3,2
2025-09-26,NYI,NJD,2,4,NJD,0,-2,2,4
2025-09-26,EDM,WPG,4,0,EDM,2,4,4,0
2025-09-26,SJS,VGK,1,2,VGK,0,-1,1,2
2025-09-27,BUF,DET,5,2,BUF,2,3,5,2
2025-09-27,PHI,BOS,3,4,BOS,0,-1,3,4
2025-09-27,LAK,ANA,3,5,ANA,0,-2,3,5
2025-09-27,STL,CHI,2,4,CHI,0,-2,2,4
2025-09-27,COL,DAL,4,1,COL,2,3,4,1
2025-09-27,TOR,MTL,2,4,MTL,0,-2,2,4
2025-09-27,WPG,CGY,4,2,WPG,2,2,4,2
2025-09-28,OTT,NJD,2,0,OTT,2,2,2,0
2025-09-28,NJD,WSH,2,3,WSH,0,-1,2,3
2025-09-28,MIN,CHI,1,4,CHI,0,-3,1,4
2025-09-28,CAR,NSH,4,2,CAR,2,2,4,2
2025-09-28,EDM,VAN,4,3,EDM,2,1,4,3
2025-09-29,FLA,CAR,4,3,FLA,2,1,4,3
2025-09-29,NYI,NYR,2,3,NYR,0,-1,2,3
2025-09-29,BOS,PHI,2,3,PHI,0,-1,2,3
2025-09-29,DET,PIT,1,2,PIT,0,-1,1,2
2025-09-29,ANA,SJS,3,2,ANA,2,1,3,2
2025-09-30,OTT,MTL,0,5,MTL,0,-5,0,5
2025-09-30,CHI,DET,1,3,DET,0,-2,1,3
2025-09-30,COL,VGK,4,2,COL,2,2,4,2
2025-09-30,MIN,WPG,3,2,MIN,2,1,3,2
2025-09-30,STL,DAL,3,5,DAL,0,-2,3,5
2025-10-01,BUF,PIT,3,5,PIT,0,-2,3,5
2025-10-01,VGK,COL,2,1,VGK,2,1,2,1
2025-10-01,CGY,VAN,1,8,VAN,0,-7,1,8
2025-10-01,SJS,ANA,2,5,ANA,0,-3,2,5
2025-10-02,WSH,BOS,1,3,BOS,0,-2,1,3
2025-10-02,TOR,DET,1,3,DET,0,-2,1,3
2025-10-02,NYR,NJD,1,3,NJD,0,-2,1,3
2025-10-02,PHI,NYI,3,4,NYI,0,-1,3,4
2025-10-02,STL,OTT,7,1,STL,2,6,7,1
2025-10-03,PIT,BUF,5,4,PIT,2,1,5,4
2025-10-03,CHI,MIN,2,3,MIN,0,-1,2,3
2025-10-03,CGY,WPG,4,5,WPG,0,-1,4,5
2025-10-03,VAN,EDM,3,2,VAN,2,1,3,2
2025-10-03,VGK,SJS,1,4,SJS,0,-3,1,4
2025-10-04,PHI,NJD,4,3,PHI,2,1,4,3
2025-10-04,BOS,NYR,4,1,BOS,2,3,4,1
2025-10-04,LAK,ANA,5,4,LAK,2,1,5,4
2025-10-04,NSH,CAR,3,2,NSH,2,1,3,2
2025-10-04,DAL,COL,3,2,DAL,2,1,3,2
2025-10-04,MTL,OTT,1,3,OTT,0,-2,1,3
2025-10-04,CHI,STL,0,4,STL,0,-4,0,4
2025-10-04,DET,TOR,6,5,DET,2,1,6,5
2025-10-07,FLA,CHI,3,2,FLA,2,1,3,2
2025-10-07,NYR,PIT,0,3,PIT,0,-3,0,3
2025-10-07,LAK,COL,1,4,COL,0,-3,1,4
2025-10-08,TOR,MTL,5,2,TOR,2,3,5,2
2025-10-08,WSH,BOS,1,3,BOS,0,-2,1,3
2025-10-08,EDM,CGY,3,4,CGY,0,-1,3,4
2025-10-08,VGK,LAK,5,6,LAK,0,-1,5,6
2025-10-09,BOS,CHI,4,3,BOS,2,1,4,3
2025-10-09,BUF,NYR,0,4,NYR,0,-4,0,4
2025-10-09,DET,MTL,1,5,MTL,0,-4,1,5
2025-10-09,FLA,PHI,2,1,FLA,2,1,2,1
2025-10-09,PIT,NYI,4,3,PIT,2,1,4,3
2025-10-09,CAR,NJD,6,3,CAR,2,3,6,3
2025-10-09,STL,MIN,0,5,MIN,0,-5,0,5
2025-10-09,WPG,DAL,4,5,DAL,0,-1,4,5
2025-10-09,VAN,CGY,5,1,VAN,2,4,5,1
2025-10-09,SJS,VGK,3,4,VGK,0,-1,3,4
2025-10-11,WPG,LAK,3,2,WPG,2,1,3,2
2025-10-11,CGY,STL,2,4,STL,0,-2,2,4
2025-10-11,BOS,BUF,3,1,BOS,2,2,3,1
2025-10-11,DET,TOR,6,3,DET,2,3,6,3
2025-10-11,FLA,OTT,6,2,FLA,2,4,6,2
2025-10-11,NYI,WSH,2,4,WSH,0,-2,2,4
2025-10-11,PIT,NYR,1,6,NYR,0,-5,1,6
2025-10-11,CAR,PHI,4,3,CAR,2,1,4,3
2025-10-11,CHI,MTL,2,3,MTL,0,-1,2,3
2025-10-11,COL,DAL,4,5,DAL,0,-1,4,5
2025-10-11,EDM,VAN,3,1,EDM,2,2,3,1
2025-10-11,SJS,ANA,6,7,ANA,0,-1,6,7
2025-10-12,NYR,WSH,0,1,WSH,0,-1,0,1
2025-10-13,BUF,COL,1,3,COL,0,-2,1,3
2025-10-13,OTT,NSH,1,4,NSH,0,-3,1,4
2025-10-13,NYI,WPG,2,5,WPG,0,-3,2,5
2025-10-13,TOR,DET,2,3,DET,0,-1,2,3
2025-10-13,PHI,FLA,5,2,PHI,2,3,5,2
2025-10-13,VAN,STL,2,5,STL,0,-3,2,5
2025-10-13,MIN,LAK,4,3,MIN,2,1,4,3
2025-10-14,TOR,NSH,7,4,TOR,2,3,7,4
2025-10-14,NYR,EDM,0,2,EDM,0,-2,0,2
2025-10-14,CGY,VGK,2,4,VGK,0,-2,2,4
2025-10-14,DAL,MIN,5,2,DAL,2,3,5,2
2025-10-14,SJS,CAR,1,5,CAR,0,-4,1,5
2025-10-14,ANA,PIT,4,3,ANA,2,1,4,3
2025-10-15,BUF,OTT,8,4,BUF,2,4,8,4
2025-10-15,DET,FLA,4,1,DET,2,3,4,1
2025-10-15,STL,CHI,3,8,CHI,0,-5,3,8
2025-10-16,TOR,NYR,2,1,TOR,2,1,2,1
2025-10-16,MTL,NSH,3,2,MTL,2,1,3,2
2025-10-16,NJD,FLA,3,1,NJD,2,2,3,1
2025-10-16,PHI,WPG,2,5,WPG,0,-3,2,5
2025-10-16,NYI,EDM,4,2,NYI,2,2,4,2
2025-10-16,DAL,VAN,3,5,VAN,0,-2,3,5
2025-10-16,VGK,BOS,6,5,VGK,2,1,6,5
2025-10-16,ANA,CAR,1,4,CAR,0,-3,1,4
2025-10-16,LAK,PIT,2,4,PIT,0,-2,2,4
2025-10-17,WSH,MIN,5,1,WSH,2,4,5,1
2025-10-17,CHI,VAN,2,3,VAN,0,-1,2,3
2025-10-18,BUF,FLA,3,0,BUF,2,3,3,0
2025-10-18,OTT,NYI,4,5,NYI,0,-1,4,5
2025-10-18,NJD,EDM,5,3,NJD,2,2,5,3
2025-10-18,MTL,NYR,3,4,NYR,0,-1,3,4
2025-10-18,PHI,MIN,2,1,PHI,2,1,2,1
2025-10-18,STL,DAL,3,1,STL,2,2,3,1
2025-10-18,WPG,NSH,4,1,WPG,2,3,4,1
2025-10-18,COL,BOS,4,1,COL,2,3,4,1
2025-10-18,LAK,CAR,3,4,CAR,0,-1,3,4
2025-10-18,VGK,CGY,6,1,VGK,2,5,6,1
2025-10-18,SJS,PIT,0,3,PIT,0,-3,0,3
2025-10-19,WSH,VAN,3,4,VAN,0,-1,3,4
2025-10-19,DET,EDM,4,2,DET,2,2,4,2
2025-10-19,CHI,ANA,2,1,CHI,2,1,2,1
2025-10-20,NYR,MIN,1,3,MIN,0,-2,1,3
2025-10-20,MTL,BUF,4,2,MTL,2,2,4,2
2025-10-20,CGY,WPG,1,2,WPG,0,-1,1,2
2025-10-20,VGK,CAR,4,1,VGK,2,3,4,1
2025-10-21,TOR,NJD,2,5,NJD,0,-3,2,5
2025-10-21,OTT,EDM,2,3,EDM,0,-1,2,3
2025-10-21,NYI,SJS,4,3,NYI,2,1,4,3
2025-10-21,PIT,VAN,5,1,PIT,2,4,5,1
2025-10-21,BOS,FLA,3,4,FLA,0,-1,3,4
2025-10-21,STL,LAK,1,2,LAK,0,-1,1,2
2025-10-21,NSH,ANA,2,5,ANA,0,-3,2,5
2025-10-22,NJD,MIN,4,1,NJD,2,3,4,1
2025-10-22,BUF,DET,4,2,BUF,2,2,4,2
2025-10-22,CGY,MTL,1,2,MTL,0,-1,1,2
2025-10-23,BOS,ANA,5,7,ANA,0,-2,5,7
2025-10-23,OTT,PHI,2,1,OTT,2,1,2,1
2025-10-23,FLA,PIT,3,5,PIT,0,-2,3,5
2025-10-23,NYI,DET,7,2,NYI,2,5,7,2
2025-10-23,NYR,SJS,5,6,SJS,0,-1,5,6
2025-10-23,NSH,VAN,2,1,NSH,2,1,2,1
2025-10-23,DAL,LAK,2,3,LAK,0,-1,2,3
2025-10-23,COL,CAR,4,5,CAR,0,-1,4,5
2025-10-23,EDM,MTL,6,5,EDM,2,1,6,5
2025-10-24,BUF,TOR,5,3,BUF,2,2,5,3
2025-10-24,NJD,SJS,3,1,NJD,2,2,3,1
2025-10-24,WPG,CGY,5,3,WPG,2,2,5,3
2025-10-25,PHI,NYI,4,3,PHI,2,1,4,3
2025-10-25,BOS,COL,3,2,BOS,2,1,3,2
2025-10-25,TOR,BUF,4,3,TOR,2,1,4,3
2025-10-25,FLA,VGK,3,0,FLA,2,3,3,0
2025-10-25,DET,STL,6,4,DET,2,2,6,4
2025-10-25,WSH,OTT,1,7,OTT,0,-6,1,7
2025-10-25,VAN,MTL,3,4,MTL,0,-1,3,4
2025-10-25,NSH,LAK,5,4,NSH,2,1,5,4
2025-10-25,DAL,CAR,3,2,DAL,2,1,3,2
2025-10-26,NJD,COL,4,3,NJD,2,1,4,3
2025-10-26,MIN,SJS,5,6,SJS,0,-1,5,6
2025-10-26,CHI,LAK,1,3,LAK,0,-2,1,3
2025-10-26,NSH,DAL,2,3,DAL,0,-1,2,3
2025-10-26,CGY,NYR,5,1,CGY,2,4,5,1
2025-10-26,VAN,EDM,4,3,VAN,2,1,4,3
2025-10-27,PIT,STL,6,3,PIT,2,3,6,3
2025-10-27,OTT,BOS,7,2,OTT,2,5,7,2
2025-10-28,PHI,PIT,3,2,PHI,2,1,3,2
2025-10-28,TOR,CGY,4,3,TOR,2,1,4,3
2025-10-28,CAR,VGK,3,6,VGK,0,-3,3,6
2025-10-28,FLA,ANA,2,3,ANA,0,-1,2,3
2025-10-28,BOS,NYI,5,2,BOS,2,3,5,2
2025-10-28,MIN,WPG,3,4,WPG,0,-1,3,4
2025-10-28,STL,DET,2,5,DET,0,-3,2,5
2025-10-28,DAL,WSH,1,0,DAL,2,1,1,0
2025-10-28,CHI,OTT,7,3,CHI,2,4,7,3
2025-10-28,COL,NJD,8,4,COL,2,4,8,4
2025-10-28,VAN,NYR,0,2,NYR,0,-2,0,2
2025-10-28,SJS,LAK,3,4,LAK,0,-1,3,4
2025-10-30,BOS,BUF,4,3,BOS,2,1,4,3
2025-10-30,OTT,CGY,4,3,OTT,2,1,4,3
2025-10-30,PHI,NSH,4,1,PHI,2,3,4,1
2025-10-30,CAR,NYI,6,2,CAR,2,4,6,2
2025-10-30,STL,VAN,3,4,VAN,0,-1,3,4
2025-10-30,MIN,PIT,1,4,PIT,0,-3,1,4
2025-10-30,WPG,CHI,6,3,WPG,2,3,6,3
2025-10-30,EDM,NYR,3,4,NYR,0,-1,3,4
2025-10-30,SJS,NJD,5,2,SJS,2,3,5,2
2025-10-30,LAK,DET,3,4,DET,0,-1,3,4
2025-10-31,VGK,COL,2,4,COL,0,-2,2,4
2025-10-31,WSH,NYI,1,3,NYI,0,-2,1,3
2025-10-31,ANA,DET,5,2,ANA,2,3,5,2
2025-11-01,BOS,CAR,2,1,BOS,2,1,2,1
2025-11-01,WPG,PIT,5,2,WPG,2,3,5,2
2025-11-01,NSH,CGY,4,2,NSH,2,2,4,2
2025-11-01,SJS,COL,3,2,SJS,2,1,3,2
2025-11-01,FLA,DAL,4,3,FLA,2,1,4,3
2025-11-01,BUF,WSH,4,3,BUF,2,1,4,3
2025-11-01,MTL,OTT,4,3,MTL,2,1,4,3
2025-11-01,PHI,TOR,2,5,TOR,0,-3,2,5
2025-11-01,MIN,VAN,5,2,MIN,2,3,5,2
2025-11-01,LAK,NJD,1,4,NJD,0,-3,1,4
2025-11-01,EDM,CHI,3,2,EDM,2,1,3,2
2025-11-02,PHI,CGY,1,2,CGY,0,-1,1,2
2025-11-02,ANA,NJD,4,1,ANA,2,3,4,1
2025-11-02,SJS,DET,2,3,DET,0,-1,2,3
2025-11-03,TOR,PIT,4,3,TOR,2,1,4,3
2025-11-03,STL,EDM,3,2,STL,2,1,3,2
2025-11-03,NSH,VAN,4,5,VAN,0,-1,4,5
2025-11-04,MTL,PHI,4,5,PHI,0,-1,4,5
2025-11-04,NYI,BOS,3,4,BOS,0,-1,3,4
2025-11-04,NYR,CAR,0,3,CAR,0,-3,0,3
2025-11-04,DAL,EDM,4,3,DAL,2,1,4,3
2025-11-04,MIN,NSH,3,2,MIN,2,1,3,2
2025-11-04,VGK,DET,1,0,VGK,2,1,1,0
2025-11-04,ANA,FLA,7,3,ANA,2,4,7,3
2025-11-04,LAK,WPG,3,0,LAK,2,3,3,0
2025-11-05,WSH,STL,6,1,WSH,2,5,6,1
2025-11-05,VAN,CHI,2,5,CHI,0,-3,2,5
2025-11-06,BOS,OTT,3,2,BOS,2,1,3,2
2025-11-06,BUF,STL,0,3,STL,0,-3,0,3
2025-11-06,NJD,MTL,4,3,NJD,2,1,4,3
2025-11-06,CAR,MIN,4,3,CAR,2,1,4,3
2025-11-06,PIT,WSH,5,3,PIT,2,2,5,3
2025-11-06,NSH,PHI,1,3,PHI,0,-2,1,3
2025-11-06,DAL,ANA,5,7,ANA,0,-2,5,7
2025-11-06,LAK,FLA,2,5,FLA,0,-3,2,5
2025-11-07,DET,NYR,1,4,NYR,0,-3,1,4
2025-11-07,NYI,MIN,2,5,MIN,0,-3,2,5
2025-11-07,CGY,CHI,0,4,CHI,0,-4,0,4
2025-11-07,SJS,WPG,2,1,SJS,2,1,2,1
2025-11-08,NJD,PIT,2,1,NJD,2,1,2,1
2025-11-08,PHI,OTT,2,3,OTT,0,-1,2,3
2025-11-08,NSH,DAL,4,5,DAL,0,-1,4,5
2025-11-08,TOR,BOS,3,5,BOS,0,-2,3,5
2025-11-08,NYR,NYI,0,5,NYI,0,-5,0,5
2025-11-08,CAR,BUF,6,3,CAR,2,3,6,3
2025-11-08,EDM,COL,1,9,COL,0,-8,1,9
2025-11-08,VGK,ANA,3,4,ANA,0,-1,3,4
2025-11-08,SJS,FLA,3,1,SJS,2,2,3,1
2025-11-09,DET,CHI,1,5,CHI,0,-4,1,5
2025-11-09,PIT,LAK,2,3,LAK,0,-1,2,3
2025-11-09,TOR,CAR,4,5,CAR,0,-1,4,5
2025-11-09,MIN,CGY,2,0,MIN,2,2,2,0
2025-11-09,VAN,COL,4,5,COL,0,-1,4,5
2025-11-09,ANA,WPG,4,1,ANA,2,3,4,1
2025-11-10,NJD,NYI,2,3,NYI,0,-1,2,3
2025-11-10,NYR,NSH,6,3,NYR,2,3,6,3
2025-11-10,VGK,FLA,2,3,FLA,0,-1,2,3
2025-11-11,BOS,TOR,5,3,BOS,2,2,5,3
2025-11-11,MTL,LAK,1,5,LAK,0,-4,1,5
2025-11-11,OTT,DAL,2,3,DAL,0,-1,2,3
2025-11-11,CAR,WSH,1,4,WSH,0,-3,1,4
2025-11-11,STL,CGY,3,2,STL,2,1,3,2
2025-11-11,MIN,SJS,1,2,SJS,0,-1,1,2
2025-11-11,COL,ANA,4,1,COL,2,3,4,1
2025-11-11,VAN,WPG,3,5,WPG,0,-2,3,5
2025-11-12,PHI,EDM,1,2,EDM,0,-1,1,2
2025-11-12,CHI,NJD,3,4,NJD,0,-1,3,4
2025-11-13,TOR,LAK,3,4,LAK,0,-1,3,4
2025-11-13,MTL,DAL,0,7,DAL,0,-7,0,7
2025-11-13,OTT,BOS,5,3,OTT,2,2,5,3
2025-11-13,DET,ANA,6,3,DET,2,3,6,3
2025-11-13,FLA,WSH,6,3,FLA,2,3,6,3
2025-11-13,COL,BUF,6,3,COL,2,3,6,3
2025-11-13,CGY,SJS,2,0,CGY,2,2,2,0
2025-11-13,VGK,NYI,3,4,NYI,0,-1,3,4
2025-11-14,NSH,PIT,2,1,NSH,2,1,2,1
2025-11-14,CAR,VAN,4,3,CAR,2,1,4,3
2025-11-14,STL,PHI,5,6,PHI,0,-1,5,6
2025-11-15,MIN,ANA,2,0,MIN,2,2,2,0
2025-11-15,MTL,BOS,2,3,BOS,0,-1,2,3
2025-11-15,OTT,LAK,0,1,LAK,0,-1,0,1
2025-11-15,DET,BUF,4,5,BUF,0,-1,4,5
2025-11-15,WSH,NJD,2,3,NJD,0,-1,2,3
2025-11-15,CAR,EDM,3,4,EDM,0,-1,3,4
2025-11-15,CHI,TOR,3,2,CHI,2,1,3,2
2025-11-15,STL,VGK,1,4,VGK,0,-3,1,4
2025-11-15,DAL,PHI,5,1,DAL,2,4,5,1
2025-11-15,CGY,WPG,3,4,WPG,0,-1,3,4
2025-11-16,PIT,NSH,4,0,PIT,2,4,4,0
2025-11-16,MIN,VGK,3,2,MIN,2,1,3,2
2025-11-16,NYR,DET,1,2,DET,0,-1,1,2
2025-11-16,COL,NYI,4,1,COL,2,3,4,1
2025-11-17,BOS,CAR,1,3,CAR,0,-2,1,3
2025-11-17,BUF,EDM,5,1,BUF,2,4,5,1
2025-11-17,FLA,VAN,8,5,FLA,2,3,8,5
2025-11-17,WSH,LAK,2,1,WSH,2,1,2,1
2025-11-18,TOR,STL,3,2,TOR,2,1,3,2
2025-11-18,DAL,NYI,2,3,NYI,0,-1,2,3
2025-11-18,CHI,CGY,5,2,CHI,2,3,5,2
2025-11-18,VGK,NYR,3,2,VGK,2,1,3,2
2025-11-19,WSH,EDM,7,4,WSH,2,3,7,4
2025-11-19,BUF,CGY,2,6,CGY,0,-4,2,6
2025-11-19,MIN,CAR,4,3,MIN,2,1,4,3
2025-11-19,ANA,BOS,4,3,ANA,2,1,4,3
2025-11-20,MTL,WSH,4,8,WSH,0,-4,4,8
2025-11-20,DET,NYI,0,5,NYI,0,-5,0,5
2025-11-20,FLA,NJD,1,0,FLA,2,1,1,0
2025-11-20,PHI,STL,3,2,PHI,2,1,3,2
2025-11-20,COL,NYR,6,3,COL,2,3,6,3
2025-11-20,VAN,DAL,2,4,DAL,0,-2,2,4
2025-11-20,ANA,OTT,2,3,OTT,0,-1,2,3
2025-11-20,SJS,LAK,4,3,SJS,2,1,4,3
2025-11-21,BUF,CHI,9,3,BUF,2,6,9,3
2025-11-21,PIT,MIN,0,5,MIN,0,-5,0,5
2025-11-21,WPG,CAR,3,4,CAR,0,-1,3,4
2025-11-21,LAK,BOS,1,2,BOS,0,-1,1,2
2025-11-22,NYI,STL,1,2,STL,0,-1,1,2
2025-11-22,MTL,TOR,5,2,MTL,2,3,5,2
2025-11-22,FLA,EDM,3,6,EDM,0,-3,3,6
2025-11-22,PHI,NJD,6,3,PHI,2,3,6,3
2025-11-22,SJS,OTT,2,3,OTT,0,-1,2,3
2025-11-22,NSH,COL,0,3,COL,0,-3,0,3
2025-11-22,CGY,DAL,3,2,CGY,2,1,3,2
2025-11-22,ANA,VGK,4,3,ANA,2,1,4,3
2025-11-23,BUF,CAR,4,1,BUF,2,3,4,1
2025-11-23,WPG,MIN,0,3,MIN,0,-3,0,3
2025-11-23,CHI,COL,0,1,COL,0,-1,0,1
2025-11-23,SJS,BOS,3,1,SJS,2,2,3,1
2025-11-23,VAN,CGY,2,5,CGY,0,-3,2,5
2025-11-24,NJD,DET,4,3,NJD,2,1,4,3
2025-11-24,NYR,STL,3,2,NYR,2,1,3,2
2025-11-24,NSH,FLA,3,8,FLA,0,-5,3,8
2025-11-24,LAK,OTT,2,1,LAK,2,1,2,1
2025-11-25,EDM,DAL,3,8,DAL,0,-5,3,8
2025-11-26,DET,NSH,3,6,NSH,0,-3,3,6
2025-11-26,FLA,PHI,2,4,PHI,0,-2,2,4
2025-11-26,NJD,STL,3,2,NJD,2,1,3,2
2025-11-26,NYI,BOS,1,3,BOS,0,-2,1,3
2025-11-26,PIT,BUF,4,2,PIT,2,2,4,2
2025-11-26,WSH,WPG,4,3,WSH,2,1,4,3
2025-11-26,CAR,NYR,2,4,NYR,0,-2,2,4
2025-11-26,CHI,MIN,3,4,MIN,0,-1,3,4
2025-11-26,COL,SJS,6,0,COL,2,6,6,0
2025-11-26,VGK,OTT,3,4,OTT,0,-1,3,4
2025-11-26,ANA,VAN,4,5,VAN,0,-1,4,5
2025-11-28,BOS,NYR,2,6,NYR,0,-4,2,6
2025-11-28,MIN,COL,3,2,MIN,2,1,3,2
2025-11-28,BUF,NJD,0,5,NJD,0,-5,0,5
2025-11-28,FLA,CGY,3,5,CGY,0,-2,3,5
2025-11-28,NYI,PHI,3,4,PHI,0,-1,3,4
2025-11-28,STL,OTT,4,3,STL,2,1,4,3
2025-11-28,VGK,MTL,1,4,MTL,0,-3,1,4
2025-11-28,ANA,LAK,5,4,ANA,2,1,5,4
2025-11-28,SJS,VAN,3,2,SJS,2,1,3,2
2025-11-28,WSH,TOR,4,2,WSH,2,2,4,2
2025-11-28,CAR,WPG,5,1,CAR,2,4,5,1
2025-11-28,CHI,NSH,3,4,NSH,0,-1,3,4
2025-11-29,COL,MTL,7,2,COL,2,5,7,2
2025-11-29,BOS,DET,3,2,BOS,2,1,3,2
2025-11-29,NJD,PHI,3,5,PHI,0,-2,3,5
2025-11-29,PIT,TOR,2,7,TOR,0,-5,2,7
2025-11-29,NSH,WPG,2,5,WPG,0,-3,2,5
2025-11-29,MIN,BUF,2,3,BUF,0,-1,2,3
2025-11-29,VGK,SJS,4,3,VGK,2,1,4,3
2025-11-29,LAK,VAN,2,1,LAK,2,1,2,1
2025-11-30,NYI,WSH,1,4,WSH,0,-3,1,4
2025-11-30,CHI,ANA,5,3,CHI,2,2,5,3
2025-11-30,CAR,CGY,1,0,CAR,2,1,1,0
2025-11-30,DAL,OTT,6,1,DAL,2,5,6,1
2025-12-01,PHI,PIT,1,5,PIT,0,-4,1,5
2025-12-01,BUF,WPG,5,1,BUF,2,4,5,1
2025-12-01,STL,ANA,1,4,ANA,0,-3,1,4
2025-12-02,MTL,OTT,2,5,OTT,0,-3,2,5
2025-12-02,DET,BOS,5,4,DET,2,1,5,4
2025-12-02,NYR,DAL,3,2,NYR,2,1,3,2
2025-12-02,FLA,TOR,1,4,TOR,0,-3,1,4
2025-12-02,NSH,CGY,5,1,NSH,2,4,5,1
2025-12-02,COL,VAN,3,1,COL,2,2,3,1
2025-12-02,EDM,MIN,0,1,MIN,0,-1,0,1
2025-12-02,VGK,CHI,4,3,VGK,2,1,4,3
2025-12-02,LAK,WSH,1,3,WSH,0,-2,1,3
2025-12-03,NJD,DAL,0,3,DAL,0,-3,0,3
2025-12-03,MTL,WPG,3,2,MTL,2,1,3,2
2025-12-03,PHI,BUF,5,2,PHI,2,3,5,2
2025-12-03,SJS,WSH,1,7,WSH,0,-6,1,7
2025-12-04,BOS,STL,5,2,BOS,2,3,5,2
2025-12-04,OTT,NYR,2,4,NYR,0,-2,2,4
2025-12-04,FLA,NSH,1,2,NSH,0,-1,1,2
2025-12-04,NYI,COL,6,3,NYI,2,3,6,3
2025-12-04,CAR,TOR,1,5,TOR,0,-4,1,5
2025-12-04,CGY,MIN,4,1,CGY,2,3,4,1
2025-12-04,LAK,CHI,1,2,CHI,0,-1,1,2
2025-12-05,NJD,VGK,0,3,VGK,0,-3,0,3
2025-12-05,WPG,BUF,4,1,WPG,2,3,4,1
2025-12-05,DAL,SJS,4,1,DAL,2,3,4,1
2025-12-05,ANA,WSH,4,3,ANA,2,1,4,3
2025-12-06,NYR,COL,2,3,COL,0,-1,2,3
2025-12-06,BOS,NJD,4,1,BOS,2,3,4,1
2025-12-06,TOR,MTL,1,2,MTL,0,-1,1,2
2025-12-06,OTT,STL,1,2,STL,0,-1,1,2
2025-12-06,CAR,NSH,6,3,CAR,2,3,6,3
2025-12-06,LAK,CHI,6,0,LAK,2,6,6,0
2025-12-06,EDM,WPG,6,2,EDM,2,4,6,2
2025-12-06,VAN,MIN,4,2,VAN,2,2,4,2
2025-12-07,PHI,COL,2,3,COL,0,-1,2,3
2025-12-07,FLA,NYI,4,1,FLA,2,3,4,1
2025-12-07,CAR,SJS,1,4,SJS,0,-3,1,4
2025-12-07,DAL,PIT,3,2,DAL,2,1,3,2
2025-12-07,MTL,STL,3,4,STL,0,-1,3,4
2025-12-07,NYR,VGK,2,3,VGK,0,-1,2,3
2025-12-07,ANA,CHI,7,1,ANA,2,6,7,1
2025-12-08,CGY,BUF,7,4,CGY,2,3,7,4
2025-12-08,VAN,DET,0,4,DET,0,-4,0,4
2025-12-09,OTT,NJD,3,4,NJD,0,-1,3,4
2025-12-09,NYI,VGK,5,4,NYI,2,1,5,4
2025-12-09,PHI,SJS,4,1,PHI,2,3,4,1
2025-12-09,PIT,ANA,3,4,ANA,0,-1,3,4
2025-12-09,STL,BOS,2,5,BOS,0,-3,2,5
2025-12-09,WPG,DAL,3,4,DAL,0,-1,3,4
2025-12-09,EDM,BUF,3,4,BUF,0,-1,3,4
2025-12-09,NSH,COL,4,3,NSH,2,1,4,3
2025-12-10,CHI,NYR,3,0,CHI,2,3,3,0
2025-12-10,CGY,DET,3,4,DET,0,-1,3,4
2025-12-11,TOR,SJS,2,3,SJS,0,-1,2,3
2025-12-11,NYI,ANA,5,2,NYI,2,3,5,2
2025-12-11,PHI,VGK,2,3,VGK,0,-1,2,3
2025-12-11,PIT,MTL,2,4,MTL,0,-2,2,4
2025-12-11,WSH,CAR,2,3,CAR,0,-1,2,3
2025-12-11,NSH,STL,7,2,NSH,2,5,7,2
2025-12-11,MIN,DAL,5,2,MIN,2,3,5,2
2025-12-11,WPG,BOS,3,6,BOS,0,-3,3,6
2025-12-11,EDM,DET,4,1,EDM,2,3,4,1
2025-12-11,COL,FLA,6,2,COL,2,4,6,2
2025-12-11,VAN,BUF,2,3,BUF,0,-1,2,3
2025-12-12,STL,CHI,3,2,STL,2,1,3,2
2025-12-13,NJD,ANA,4,1,NJD,2,3,4,1
2025-12-13,MIN,OTT,3,2,MIN,2,1,3,2
2025-12-13,PIT,SJS,5,6,SJS,0,-1,5,6
2025-12-13,TOR,EDM,3,6,EDM,0,-3,3,6
2025-12-13,NYR,MTL,5,4,NYR,2,1,5,4
2025-12-13,PHI,CAR,3,4,CAR,0,-1,3,4
2025-12-13,WPG,WSH,5,1,WPG,2,4,5,1
2025-12-13,CHI,DET,0,4,DET,0,-4,0,4
2025-12-13,DAL,FLA,0,4,FLA,0,-4,0,4
2025-12-13,COL,NSH,4,2,COL,2,2,4,2
2025-12-13,LAK,CGY,1,2,CGY,0,-1,1,2
2025-12-14,NJD,VAN,1,2,VAN,0,-1,1,2
2025-12-14,CAR,PHI,3,2,CAR,2,1,3,2
2025-12-14,MIN,BOS,6,2,MIN,2,4,6,2
2025-12-14,MTL,EDM,4,1,MTL,2,3,4,1
2025-12-15,NYR,ANA,1,4,ANA,0,-3,1,4
2025-12-15,WPG,OTT,2,3,OTT,0,-1,2,3
2025-12-15,STL,NSH,2,5,NSH,0,-3,2,5
2025-12-15,DAL,LAK,4,1,DAL,2,3,4,1
2025-12-16,TOR,CHI,3,2,TOR,2,1,3,2
2025-12-16,MTL,PHI,1,4,PHI,0,-3,1,4
2025-12-16,DET,NYI,3,2,DET,2,1,3,2
2025-12-16,NYR,VAN,0,3,VAN,0,-3,0,3
2025-12-16,PIT,EDM,4,6,EDM,0,-2,4,6
2025-12-16,MIN,WSH,5,0,MIN,2,5,5,0
2025-12-16,SJS,CGY,6,3,SJS,2,3,6,3
2025-12-17,FLA,LAK,3,2,FLA,2,1,3,2
2025-12-17,STL,WPG,1,0,STL,2,1,1,0
2025-12-17,NSH,CAR,1,4,CAR,0,-3,1,4
2025-12-17,VGK,NJD,1,2,NJD,0,-1,1,2
2025-12-18,BOS,EDM,1,3,EDM,0,-2,1,3
2025-12-18,MTL,CHI,4,1,MTL,2,3,4,1
2025-12-18,OTT,PIT,4,0,OTT,2,4,4,0
2025-12-18,WSH,TOR,4,0,WSH,2,4,4,0
2025-12-18,BUF,PHI,5,3,BUF,2,2,5,3
2025-12-18,STL,NYR,1,2,NYR,0,-1,1,2
2025-12-18,SJS,DAL,3,5,DAL,0,-2,3,5
2025-12-19,FLA,CAR,4,3,FLA,2,1,4,3
2025-12-19,NYI,VAN,1,4,VAN,0,-3,1,4
2025-12-19,COL,WPG,3,2,COL,2,1,3,2
2025-12-19,ANA,DAL,3,8,DAL,0,-5,3,8
2025-12-20,NYR,PHI,5,4,NYR,2,1,5,4
2025-12-20,WSH,DET,2,5,DET,0,-3,2,5
2025-12-20,OTT,CHI,6,4,OTT,2,2,6,4
2025-12-20,MIN,EDM,5,2,MIN,2,3,5,2
2025-12-20,BUF,NYI,3,2,BUF,2,1,3,2
2025-12-20,FLA,STL,2,6,STL,0,-4,2,6
2025-12-20,BOS,VAN,4,5,VAN,0,-1,4,5
2025-12-20,MTL,PIT,4,0,MTL,2,4,4,0
2025-12-20,NSH,TOR,5,3,NSH,2,2,5,3
2025-12-20,CGY,VGK,6,3,CGY,2,3,6,3
2025-12-21,DET,WSH,3,2,DET,2,1,3,2
2025-12-21,MIN,COL,1,5,COL,0,-4,1,5
2025-12-21,BOS,OTT,2,6,OTT,0,-4,2,6
2025-12-21,NJD,BUF,1,3,BUF,0,-2,1,3
2025-12-21,PIT,MTL,4,3,PIT,2,1,4,3
2025-12-21,NSH,NYR,2,1,NSH,2,1,2,1
2025-12-21,DAL,TOR,5,1,DAL,2,4,5,1
2025-12-21,EDM,VGK,4,3,EDM,2,1,4,3
2025-12-22,PHI,VAN,5,2,PHI,2,3,5,2
2025-12-23,TOR,PIT,6,3,TOR,2,3,6,3
2025-12-23,DET,DAL,4,3,DET,2,1,4,3
2025-12-23,WSH,NYR,3,7,NYR,0,-4,3,7
2025-12-23,BOS,MTL,2,6,MTL,0,-4,2,6
2025-12-23,OTT,BUF,2,3,BUF,0,-1,2,3
2025-12-23,NYI,NJD,2,1,NYI,2,1,2,1
2025-12-23,CAR,FLA,2,5,FLA,0,-3,2,5
2025-12-23,MIN,NSH,2,3,NSH,0,-1,2,3
2025-12-23,CHI,PHI,1,3,PHI,0,-2,1,3
2025-12-23,EDM,CGY,5,1,EDM,2,4,5,1
2025-12-23,VGK,SJS,7,2,VGK,2,5,7,2
2025-12-27,NYI,NYR,2,0,NYI,2,2,2,0
2025-12-27,BUF,BOS,4,1,BUF,2,3,4,1
2025-12-27,TOR,OTT,7,5,TOR,2,2,7,5
2025-12-27,NJD,WSH,3,4,WSH,0,-1,3,4
2025-12-27,CAR,DET,5,2,CAR,2,3,5,2
2025-12-27,WPG,MIN,3,4,MIN,0,-1,3,4
2025-12-27,STL,NSH,3,2,STL,2,1,3,2
2025-12-27,DAL,CHI,3,4,CHI,0,-1,3,4
2025-12-27,LAK,ANA,6,1,LAK,2,5,6,1
2025-12-27,CGY,EDM,3,2,CGY,2,1,3,2
2025-12-27,VAN,SJS,3,6,SJS,0,-3,3,6
2025-12-27,VGK,COL,5,6,COL,0,-1,5,6
2025-12-28,DET,TOR,3,2,DET,2,1,3,2
2025-12-28,CHI,PIT,3,7,PIT,0,-4,3,7
2025-12-29,FLA,WSH,5,3,FLA,2,2,5,3
2025-12-29,CAR,NYR,3,2,CAR,2,1,3,2
2025-12-29,WPG,EDM,1,3,EDM,0,-2,1,3
2025-12-29,STL,BUF,2,4,BUF,0,-2,2,4
2025-12-29,COL,LAK,5,2,COL,2,3,5,2
2025-12-29,CGY,BOS,2,1,CGY,2,1,2,1
2025-12-29,VGK,MIN,2,5,MIN,0,-3,2,5
2025-12-29,ANA,SJS,4,5,SJS,0,-1,4,5
2025-12-30,TOR,NJD,4,0,TOR,2,4,4,0
2025-12-30,FLA,MTL,2,3,MTL,0,-1,2,3
2025-12-30,PIT,CAR,5,1,PIT,2,4,5,1
2025-12-30,CHI,NYI,2,3,NYI,0,-1,2,3
2025-12-30,VAN,PHI,3,6,PHI,0,-3,3,6
2025-12-31,WSH,NYR,6,3,WSH,2,3,6,3
2025-12-31,VGK,NSH,2,4,NSH,0,-2,2,4
2025-12-31,SJS,MIN,4,3,SJS,2,1,4,3
2025-12-31,DET,WPG,2,1,DET,2,1,2,1
2025-12-31,DAL,BUF,1,4,BUF,0,-3,1,4
2025-12-31,COL,STL,6,1,COL,2,5,6,1
2025-12-31,CGY,PHI,5,1,CGY,2,4,5,1
2025-12-31,EDM,BOS,2,6,BOS,0,-4,2,6
2026-01-01,OTT,WSH,4,3,OTT,2,1,4,3
2026-01-01,TOR,WPG,6,5,TOR,2,1,6,5
2026-01-01,PIT,DET,4,3,PIT,2,1,4,3
2026-01-01,CAR,MTL,5,7,MTL,0,-2,5,7
2026-01-01,CHI,DAL,4,3,CHI,2,1,4,3
2026-01-02,STL,VGK,4,3,STL,2,1,4,3
2026-01-02,FLA,NYR,1,5,NYR,0,-4,1,5
2026-01-02,ANA,MIN,2,5,MIN,0,-3,2,5
2026-01-03,DET,PIT,1,4,PIT,0,-3,1,4
2026-01-03,EDM,PHI,2,5,PHI,0,-3,2,5
2026-01-03,STL,MTL,2,0,STL,2,2,2,0
2026-01-03,OTT,WPG,4,2,OTT,2,2,4,2
2026-01-03,NYI,TOR,4,3,NYI,2,1,4,3
2026-01-03,WSH,CHI,2,3,CHI,0,-1,2,3
2026-01-03,CAR,COL,3,5,COL,0,-2,3,5
2026-01-03,CGY,NSH,3,4,NSH,0,-1,3,4
2026-01-03,LAK,MIN,5,4,LAK,2,1,5,4
2026-01-03,VAN,BOS,2,3,BOS,0,-1,2,3
2026-01-04,DAL,MTL,3,4,MTL,0,-1,3,4
2026-01-04,FLA,COL,2,1,FLA,2,1,2,1
2026-01-04,NJD,CAR,1,3,CAR,0,-2,1,3
2026-01-04,CHI,VGK,3,2,CHI,2,1,3,2
2026-01-05,WSH,ANA,7,4,WSH,2,3,7,4
2026-01-05,OTT,DET,3,5,DET,0,-2,3,5
2026-01-05,LAK,MIN,4,2,LAK,2,2,4,2
2026-01-06,BUF,VAN,5,3,BUF,2,2,5,3
2026-01-06,PHI,ANA,5,2,PHI,2,3,5,2
2026-01-06,CAR,DAL,6,3,CAR,2,3,6,3
2026-01-06,NYI,NJD,9,0,NYI,2,9,9,0
2026-01-06,TOR,FLA,4,1,TOR,2,3,4,1
2026-01-06,WPG,VGK,3,4,VGK,0,-1,3,4
2026-01-06,EDM,NSH,6,2,EDM,2,4,6,2
2026-01-07,WSH,DAL,1,4,DAL,0,-3,1,4
2026-01-07,MTL,CGY,4,1,MTL,2,3,4,1
2026-01-07,CHI,STL,7,3,CHI,2,4,7,3
2026-01-07,LAK,SJS,3,4,SJS,0,-1,3,4
2026-01-08,BOS,CGY,4,1,BOS,2,3,4,1
2026-01-08,MTL,FLA,6,2,MTL,2,4,6,2
2026-01-08,DET,VAN,5,1,DET,2,4,5,1
2026-01-08,NYR,BUF,2,5,BUF,0,-3,2,5
2026-01-08,PHI,TOR,1,2,TOR,0,-1,1,2
2026-01-08,PIT,NJD,4,1,PIT,2,3,4,1
2026-01-08,CAR,ANA,5,2,CAR,2,3,5,2
2026-01-08,NSH,NYI,2,1,NSH,2,1,2,1
2026-01-08,WPG,EDM,3,4,EDM,0,-1,3,4
2026-01-08,COL,OTT,8,2,COL,2,6,8,2
2026-01-09,CHI,WSH,1,5,WSH,0,-4,1,5
2026-01-09,WPG,LAK,5,1,WPG,2,4,5,1
2026-01-10,BOS,NYR,10,2,BOS,2,8,10,2
2026-01-10,PIT,CGY,1,2,CGY,0,-1,1,2
2026-01-10,SJS,DAL,5,4,SJS,2,1,5,4
2026-01-10,BUF,ANA,5,3,BUF,2,2,5,3
2026-01-10,TOR,VAN,5,0,TOR,2,5,5,0
2026-01-10,MTL,DET,0,4,DET,0,-4,0,4
2026-01-10,OTT,FLA,2,3,FLA,0,-1,2,3
2026-01-10,NSH,CHI,0,3,CHI,0,-3,0,3
2026-01-10,MIN,NYI,3,4,NYI,0,-1,3,4
2026-01-10,EDM,LAK,3,4,LAK,0,-1,3,4
2026-01-10,VGK,STL,4,2,VGK,2,2,4,2
2026-01-11,WPG,NJD,4,3,WPG,2,1,4,3
2026-01-11,BOS,PIT,1,0,BOS,2,1,1,0
2026-01-11,NSH,WSH,3,2,NSH,2,1,3,2
2026-01-11,SJS,VGK,2,7,VGK,0,-5,2,7
2026-01-12,BUF,FLA,3,4,FLA,0,-1,3,4
2026-01-12,DET,CAR,4,3,DET,2,1,4,3
2026-01-12,MTL,VAN,6,3,MTL,2,3,6,3
2026-01-12,MIN,NJD,2,5,NJD,0,-3,2,5
2026-01-12,CHI,EDM,1,4,EDM,0,-3,1,4
2026-01-12,COL,TOR,3,4,TOR,0,-1,3,4
2026-01-12,LAK,DAL,1,3,DAL,0,-2,1,3
2026-01-13,OTT,VAN,2,1,OTT,2,1,2,1
2026-01-13,WSH,MTL,3,2,WSH,2,1,3,2
2026-01-13,BOS,DET,3,0,BOS,2,3,3,0
2026-01-13,STL,CAR,3,0,STL,2,3,3,0
2026-01-13,NSH,EDM,4,3,NSH,2,1,4,3
2026-01-13,WPG,NYI,5,4,WPG,2,1,5,4
2026-01-13,ANA,DAL,3,1,ANA,2,2,3,1
2026-01-14,BUF,PHI,5,2,BUF,2,3,5,2
2026-01-14,NYR,OTT,4,8,OTT,0,-4,4,8
2026-01-14,LAK,VGK,2,3,VGK,0,-1,2,3
2026-01-15,BUF,MTL,5,3,BUF,2,2,5,3
2026-01-15,PIT,PHI,6,3,PIT,2,3,6,3
2026-01-15,WSH,SJS,2,3,SJS,0,-1,2,3
2026-01-15,MIN,WPG,2,6,WPG,0,-4,2,6
2026-01-15,CHI,CGY,1,3,CGY,0,-2,1,3
2026-01-15,EDM,NYI,0,1,NYI,0,-1,0,1
2026-01-15,VGK,TOR,6,5,VGK,2,1,6,5
2026-01-16,DET,SJS,4,2,DET,2,2,4,2
2026-01-16,CAR,FLA,9,1,CAR,2,8,9,1
2026-01-16,COL,NSH,3,7,NSH,0,-4,3,7
2026-01-16,LAK,ANA,2,3,ANA,0,-1,2,3
2026-01-17,BUF,MIN,4,5,MIN,0,-1,4,5
2026-01-17,PHI,NYR,3,6,NYR,0,-3,3,6
2026-01-17,CGY,NYI,4,2,CGY,2,2,4,2
2026-01-17,OTT,MTL,5,6,MTL,0,-1,5,6
2026-01-17,NJD,CAR,1,4,CAR,0,-3,1,4
2026-01-17,WSH,FLA,2,5,FLA,0,-3,2,5
2026-01-17,WPG,TOR,3,4,TOR,0,-1,3,4
2026-01-17,CHI,BOS,2,5,BOS,0,-3,2,5
2026-01-17,VAN,EDM,0,6,EDM,0,-6,0,6
2026-01-17,VGK,NSH,7,2,VGK,2,5,7,2
2026-01-17,ANA,LAK,2,1,ANA,2,1,2,1
2026-01-18,DET,OTT,4,3,DET,2,1,4,3
2026-01-18,EDM,STL,5,0,EDM,2,5,5,0
2026-01-19,CAR,BUF,2,1,CAR,2,1,2,1
2026-01-19,COL,WSH,5,2,COL,2,3,5,2
2026-01-19,FLA,SJS,1,4,SJS,0,-3,1,4
2026-01-19,TOR,MIN,3,6,MIN,0,-3,3,6
2026-01-19,VGK,PHI,1,2,PHI,0,-1,1,2
2026-01-19,CHI,WPG,2,0,CHI,2,2,2,0
2026-01-19,CGY,NJD,1,2,NJD,0,-1,1,2
2026-01-19,VAN,NYI,3,4,NYI,0,-1,3,4
2026-01-19,ANA,NYR,5,3,ANA,2,2,5,3
2026-01-20,MTL,MIN,4,3,MTL,2,1,4,3
2026-01-20,DAL,BOS,6,2,DAL,2,4,6,2
2026-01-20,NSH,BUF,3,5,BUF,0,-2,3,5
2026-01-20,WPG,STL,3,1,WPG,2,2,3,1
2026-01-20,EDM,NJD,1,2,NJD,0,-1,1,2
2026-01-20,LAK,NYR,4,3,LAK,2,1,4,3
2026-01-21,TOR,DET,1,2,DET,0,-1,1,2
2026-01-21,COL,ANA,1,2,ANA,0,-1,1,2
2026-01-21,CGY,PIT,1,4,PIT,0,-3,1,4
2026-01-21,VAN,WSH,4,3,VAN,2,1,4,3
2026-01-22,BOS,VGK,4,3,BOS,2,1,4,3
2026-01-22,MTL,BUF,2,4,BUF,0,-2,2,4
2026-01-22,CAR,CHI,3,4,CHI,0,-1,3,4
2026-01-22,NSH,OTT,5,3,NSH,2,2,5,3
2026-01-22,WPG,FLA,1,2,FLA,0,-1,1,2
2026-01-22,EDM,PIT,2,6,PIT,0,-4,2,6
2026-01-22,MIN,DET,4,3,MIN,2,1,4,3
2026-01-23,TOR,VGK,3,6,VGK,0,-3,3,6
2026-01-23,DAL,STL,3,2,DAL,2,1,3,2
2026-01-23,COL,PHI,3,7,PHI,0,-4,3,7
2026-01-23,CGY,WSH,1,3,WSH,0,-2,1,3
2026-01-23,VAN,NJD,4,5,NJD,0,-1,4,5
2026-01-23,SJS,NYR,3,1,SJS,2,2,3,1
2026-01-24,NYI,BUF,0,5,BUF,0,-5,0,5
2026-01-24,BOS,MTL,4,3,BOS,2,1,4,3
2026-01-24,OTT,CAR,1,4,CAR,0,-3,1,4
2026-01-24,WPG,DET,1,5,DET,0,-4,1,5
2026-01-24,STL,LAK,4,5,LAK,0,-1,4,5
2026-01-24,MIN,FLA,3,4,FLA,0,-1,3,4
2026-01-24,EDM,WSH,6,5,EDM,2,1,6,5
2026-01-25,TOR,COL,1,4,COL,0,-3,1,4
2026-01-25,OTT,VGK,7,1,OTT,2,6,7,1
2026-01-25,VAN,PIT,2,3,PIT,0,-1,2,3
2026-01-25,CHI,FLA,1,5,FLA,0,-4,1,5
2026-01-25,CGY,ANA,3,4,ANA,0,-1,3,4
2026-01-26,NYR,BOS,4,3,NYR,2,1,4,3
2026-01-26,PHI,NYI,0,4,NYI,0,-4,0,4
2026-01-26,EDM,ANA,7,4,EDM,2,3,7,4
2026-01-27,BOS,NSH,3,2,BOS,2,1,3,2
2026-01-27,TOR,BUF,4,7,BUF,0,-3,4,7
2026-01-27,MTL,VGK,3,2,MTL,2,1,3,2
2026-01-27,DET,LAK,1,3,LAK,0,-2,1,3
2026-01-27,NJD,WPG,3,4,WPG,0,-1,3,4
2026-01-27,STL,DAL,3,4,DAL,0,-1,3,4
2026-01-27,MIN,CHI,4,3,MIN,2,1,4,3
2026-01-27,VAN,SJS,2,5,SJS,0,-3,2,5
2026-01-28,NYI,NYR,5,2,NYI,2,3,5,2
2026-01-28,OTT,COL,5,2,OTT,2,3,5,2
2026-01-29,BOS,PHI,6,3,BOS,2,3,6,3
2026-01-29,BUF,LAK,4,1,BUF,2,3,4,1
2026-01-29,MTL,COL,7,3,MTL,2,4,7,3
2026-01-29,NJD,NSH,3,2,NJD,2,1,3,2
2026-01-29,NYR,NYI,1,2,NYI,0,-1,1,2
2026-01-29,PIT,CHI,6,2,PIT,2,4,6,2
2026-01-29,DET,WSH,3,4,WSH,0,-1,3,4
2026-01-29,STL,FLA,5,4,STL,2,1,5,4
2026-01-29,MIN,CGY,4,1,MIN,2,3,4,1
2026-01-29,EDM,SJS,4,3,EDM,2,1,4,3
2026-01-29,VAN,ANA,2,0,VAN,2,2,2,0
2026-01-29,VGK,DAL,4,5,DAL,0,-1,4,5
2026-01-31,PHI,LAK,2,3,LAK,0,-1,2,3
2026-01-31,DET,COL,0,5,COL,0,-5,0,5
2026-01-31,PIT,NYR,6,5,PIT,2,1,6,5
2026-01-31,FLA,WPG,1,2,WPG,0,-1,1,2
2026-01-31,CGY,SJS,3,2,CGY,2,1,3,2
2026-01-31,WSH,CAR,4,3,WSH,2,1,4,3
2026-01-31,BUF,MTL,2,4,MTL,0,-2,2,4
2026-01-31,OTT,NJD,4,1,OTT,2,3,4,1
2026-01-31,NYI,NSH,3,4,NSH,0,-1,3,4
2026-01-31,VAN,TOR,2,3,TOR,0,-1,2,3
2026-01-31,EDM,MIN,3,7,MIN,0,-4,3,7
2026-02-01,CAR,LAK,3,2,CAR,2,1,3,2
2026-02-01,ANA,VGK,4,3,ANA,2,1,4,3
2026-02-02,FLA,BUF,3,5,BUF,0,-2,3,5
2026-02-02,PIT,OTT,2,3,OTT,0,-1,2,3
2026-02-02,WSH,NYI,4,1,WSH,2,3,4,1
2026-02-02,MIN,MTL,4,3,MIN,2,1,4,3
2026-02-02,NSH,STL,6,5,NSH,2,1,6,5
2026-02-02,CHI,SJS,5,3,CHI,2,2,5,3
2026-02-02,DAL,WPG,2,2,WPG,0,0,2,2
2026-02-02,COL,DET,0,1,DET,0,-1,0,1
2026-02-02,CGY,TOR,0,1,TOR,0,-1,0,1
