run_id,run_at,game_id,game_date,market,side,label,point,p_model,p_market,p_push,book,decimal,edge,ev,n_books,lam_home,lam_away,exp_total,odds_captured_at,player_id
2026-10-07-late-2300,2026-10-07T23:00:37+00:00,2026020053,2026-10-07,player_assists,over:8471214,A. Ovechkin Over 0.5,0.5,0.297894119132151,0.3502269025408069,0.0,,2.75,-0.05233278340865588,-0.1807911723865847,2,,,0.3549248455050754,2026-10-07T23:00:19+00:00,8471214.0
2026-10-07-late-2300,2026-10-07T23:00:37+00:00,2026020053,2026-10-07,player_assists,over:8471215,E. Malkin Over 0.5,0.5,0.373705678633799,0.39230951042475115,0.0,,2.45,-0.018603831790952152,-0.08442108734719234,2,,,0.47013133345262653,2026-10-07T23:00:19+00:00,8471215.0
2026-10-07-late-2300,2026-10-07T23:00:37+00:00,2026020053,2026-10-07,player_assists,over:8471675,S. Crosby Over 0.5,0.5,0.408893133797663,0.46264367816092594,0.0,,2.0,-0.05375054436326293,-0.18221373240467398,2,,,0.528532389046349,2026-10-07T23:00:19+00:00,8471675.0
2026-10-07-late-2300,2026-10-07T23:00:37+00:00,2026020053,2026-10-07,player_assists,over:8471724,K. Letang Over 0.5,0.5,0.2978957541624867,0.2951812823259118,0.0,,3.15,0.0027144718365749165,-0.06162837438816693,2,,,0.3549271907903026,2026-10-07T23:00:19+00:00,8471724.0
2026-10-07-late-2300,2026-10-07T23:00:37+00:00,2026020053,2026-10-07,player_assists,over:8474578,E. Karlsson Over 0.5,0.5,0.38119600684378097,0.45244046404523075,0.0,,2.1,-0.07124445720144978,-0.19948838562805993,2,,,0.4822777766300834,2026-10-07T23:00:19+00:00,8474578.0
2026-10-07-late-2300,2026-10-07T23:00:37+00:00,2026020053,2026-10-07,player_assists,over:8476432,B. Jenner Over 0.5,0.5,0.2726147918646128,0.2449329863179066,0.0,,3.75,0.027681805546706184,0.022305469492297947,2,,,0.31931437825576997,2026-10-07T23:00:19+00:00,8476432.0
2026-10-07-late-2300,2026-10-07T23:00:37+00:00,2026020053,2026-10-07,player_assists,over:8476483,R. Rakell Over 0.5,0.5,0.32276407433232035,0.3229925224174821,0.0,,2.95,-0.00022844808516175874,-0.04784598071965496,2,,,0.3912584723097759,2026-10-07T23:00:19+00:00,8476483.0
2026-10-07-late-2300,2026-10-07T23:00:37+00:00,2026020053,2026-10-07,player_assists,over:8476880,T. Wilson Over 0.5,0.5,0.3530360237380866,0.4088092346380515,0.0,,2.35,-0.0557732108999649,-0.17036534421549643,2,,,0.43736647601626744,2026-10-07T23:00:19+00:00,8476880.0
2026-10-07-late-2300,2026-10-07T23:00:37+00:00,2026020053,2026-10-07,player_assists,over:8477845,T. van Riemsdyk Over 0.5,0.5,0.1917841546826654,0.20729719540499503,0.0,,4.3,-0.015513040722329619,-0.1753281348645388,2,,,0.21338014042637346,2026-10-07T23:00:19+00:00,8477845.0
2026-10-07-late-2300,2026-10-07T23:00:37+00:00,2026020053,2026-10-07,player_assists,over:8477949,A. Tuch Over 0.5,0.5,0.30980565845227026,0.34265434106845283,0.0,,2.65,-0.03284868261618257,-0.17901500510148383,2,,,0.37216026467483204,2026-10-07T23:00:19+00:00,8477949.0
2026-10-07-late-2300,2026-10-07T23:00:37+00:00,2026020053,2026-10-07,player_assists,over:8478438,T. Novak Over 0.5,0.5,0.26848280185043516,0.2936385746378922,0.0,,3.1,-0.025155772787457065,-0.16770331426365093,2,,,0.31361399192783895,2026-10-07T23:00:19+00:00,8478438.0
2026-10-07-late-2300,2026-10-07T23:00:37+00:00,2026020053,2026-10-07,player_assists,over:8478440,D. Strome Over 0.5,0.5,0.3141694877788124,0.4142239016364116,0.0,,2.3,-0.10005441385759922,-0.2774101781087316,2,,,0.3785505617500886,2026-10-07T23:00:19+00:00,8478440.0
2026-10-07-late-2300,2026-10-07T23:00:37+00:00,2026020053,2026-10-07,player_assists,over:8478463,A. Beauvillier Over 0.5,0.5,0.2086869897007374,0.22023150199381122,0.0,,4.0,-0.011544512293073822,-0.1652520411970504,2,,,0.23461037937163765,2026-10-07T23:00:19+00:00,8478463.0
2026-10-07-late-2300,2026-10-07T23:00:37+00:00,2026020053,2026-10-07,player_assists,over:8479345,J. Chychrun Over 0.5,0.5,0.33945081004924627,0.42770388077598687,0.0,,2.2,-0.0882530707267406,-0.25320821789165815,2,,,0.41640807343943204,2026-10-07T23:00:19+00:00,8479345.0
2026-10-07-late-2300,2026-10-07T23:00:37+00:00,2026020053,2026-10-07,player_assists,over:8479385,J. Kyrou Over 0.5,0.5,0.2689568599416027,0.3018245884137592,0.0,,2.95,-0.03286772847215652,-0.2065772631722721,2,,,0.3142663200579306,2026-10-07T23:00:19+00:00,8479385.0
2026-10-07-late-2300,2026-10-07T23:00:37+00:00,2026020053,2026-10-07,player_assists,over:8479398,S. Girard Over 0.5,0.5,0.2579943945382783,0.25335803612782504,0.0,,3.4,0.0046363584104532896,-0.12281905856985376,1,,,0.2992906718214078,2026-10-07T23:00:19+00:00,8479398.0
2026-10-07-late-2300,2026-10-07T23:00:37+00:00,2026020053,2026-10-07,player_assists,over:8479400,P. Dubois Over 0.5,0.5,0.33975401158201457,0.4000833498382186,0.0,,2.4,-0.06032933825620401,-0.18459037220316504,2,,,0.4168710188803616,2026-10-07T23:00:19+00:00,8479400.0
2026-10-07-late-2300,2026-10-07T23:00:37+00:00,2026020053,2026-10-07,player_assists,over:8479576,V. Desharnais Over 0.5,0.5,0.1813064784769528,0.211538461538476,0.0,,3.9,-0.030231983061523193,-0.29290473393988403,1,,,0.2004461919130705,2026-10-07T23:00:19+00:00,8479576.0
2026-10-07-late-2300,2026-10-07T23:00:37+00:00,2026020053,2026-10-07,player_assists,over:8480043,T. Liljegren Over 0.5,0.5,0.1866497413254289,0.32142857142861514,0.0,,2.8,-0.13477883010318625,-0.47738072428879913,1,,,0.20702083667376553,2026-10-07T23:00:19+00:00,8480043.0
2026-10-07-late-2300,2026-10-07T23:00:37+00:00,2026020053,2026-10-07,player_assists,over:8480796,M. Fehérváry Over 0.5,0.5,0.25060700796213253,0.2428462229194016,0.0,,4.0,0.007760785042730922,0.002428031848530132,2,,,0.2893256219688334,2026-10-07T23:00:19+00:00,8480796.0
2026-10-07-late-2300,2026-10-07T23:00:37+00:00,2026020053,2026-10-07,player_assists,over:8480980,C. Dewar Over 0.5,0.5,0.21886876102099895,0.194600792161669,0.0,,4.1,0.02426796885932994,-0.10263807981390438,1,,,0.24762325939166757,2026-10-07T23:00:19+00:00,8480980.0
2026-10-07-late-2300,2026-10-07T23:00:37+00:00,2026020053,2026-10-07,player_assists,over:8481481,B. Lizotte Over 0.5,0.5,0.18746994684413987,0.22529906956143284,0.0,,3.7,-0.03782912271729297,-0.3063611966766825,1,,,0.20803396154515366,2026-10-07T23:00:19+00:00,8481481.0
2026-10-07-late-2300,2026-10-07T23:00:37+00:00,2026020053,2026-10-07,player_assists,over:8481527,K. Korczak Over 0.5,0.5,0.16526247924891257,0.17503987240840968,0.0,,4.4,-0.009777393159497105,-0.2728450913047846,1,,,0.18096464394774048,2026-10-07T23:00:19+00:00,8481527.0
2026-10-07-late-2300,2026-10-07T23:00:37+00:00,2026020053,2026-10-07,player_assists,over:8481582,N. Robertson Over 0.5,0.5,0.12347229596793452,0.1866125760649293,0.0,,4.25,-0.06314028009699477,-0.47524274213627826,1,,,0.13196079829261376,2026-10-07T23:00:19+00:00,8481582.0
2026-10-07-late-2300,2026-10-07T23:00:37+00:00,2026020053,2026-10-07,player_assists,over:8481656,A. Protas Over 0.5,0.5,0.29302532932606706,0.2754314876577816,0.0,,3.45,0.01759384166828548,0.010937386174931452,2,,,0.3479656527655989,2026-10-07T23:00:19+00:00,8481656.0
2026-10-07-late-2300,2026-10-07T23:00:37+00:00,2026020053,2026-10-07,player_assists,over:8482088,J. Sourdif Over 0.5,0.5,0.24036580731819224,0.2627556887505626,0.0,,3.65,-0.022389881432370362,-0.1226648032885983,2,,,0.2756754747689364,2026-10-07T23:00:19+00:00,8482088.0
2026-10-07-late-2300,2026-10-07T23:00:37+00:00,2026020053,2026-10-07,player_assists,over:8482148,H. Lapierre Over 0.5,0.5,0.16354603778631682,0.194600792161669,0.0,,4.1,-0.031054754375352184,-0.3294612450761011,1,,,0.17890309803301807,2026-10-07T23:00:19+00:00,8482148.0
2026-10-07-late-2300,2026-10-07T23:00:37+00:00,2026020053,2026-10-07,player_assists,over:8482758,V. Koivunen Over 0.5,0.5,0.16632097856337047,0.2149056272633551,0.0,,4.0,-0.048584648699984634,-0.3347160857465181,2,,,0.18223811964020747,2026-10-07T23:00:19+00:00,8482758.0
2026-10-07-late-2300,2026-10-07T23:00:37+00:00,2026020053,2026-10-07,player_assists,over:8483398,D. Carlile Over 0.5,0.5,0.16837664736329594,0.18069083241284958,0.0,,4.33,-0.012314185049553644,-0.27092911691692856,1,,,0.18471600382630368,2026-10-07T23:00:19+00:00,8483398.0
2026-10-07-late-2300,2026-10-07T23:00:37+00:00,2026020053,2026-10-07,player_assists,over:8484186,R. Leonard Over 0.5,0.5,0.20691520874387037,0.23017601795678405,0.0,,4.0,-0.02326080921291368,-0.17233916502451851,2,,,0.23236339891092792,2026-10-07T23:00:19+00:00,8484186.0
2026-10-07-late-2300,2026-10-07T23:00:37+00:00,2026020053,2026-10-07,player_assists,over:8484873,C. Hutson Over 0.5,0.5,0.24721395196407103,0.3159111014704026,0.0,,3.05,-0.06869714950633155,-0.24599744650958344,2,,,0.2847821667520595,2026-10-07T23:00:19+00:00,8484873.0
2026-10-07-late-2300,2026-10-07T23:00:37+00:00,2026020053,2026-10-07,player_assists,over:8484999,I. Protas Over 0.5,0.5,0.2719445323008588,0.28168405025531074,0.0,,3.3,-0.009739517954451937,-0.10258304340716606,2,,,0.31838746466840934,2026-10-07T23:00:19+00:00,8484999.0
2026-10-07-late-2300,2026-10-07T23:00:37+00:00,2026020053,2026-10-07,player_assists,over:8485414,B. Kindel Over 0.5,0.5,0.2159283105360471,0.2350837116204158,0.0,,3.9,-0.019155401084368695,-0.15787958890941634,2,,,0.24384751202909663,2026-10-07T23:00:19+00:00,8485414.0
2026-10-07-late-2300,2026-10-07T23:00:37+00:00,2026020053,2026-10-07,player_assists,under:8471214,A. Ovechkin Under 0.5,0.5,0.702105880867849,0.6497730974591931,0.0,,1.5,0.05233278340865588,0.05315882130177346,2,,,0.3549248455050754,2026-10-07T23:00:19+00:00,8471214.0
2026-10-07-late-2300,2026-10-07T23:00:37+00:00,2026020053,2026-10-07,player_assists,under:8471215,E. Malkin Under 0.5,0.5,0.626294321366201,0.6076904895752488,0.0,,1.61,0.018603831790952152,0.0083338573995837,2,,,0.47013133345262653,2026-10-07T23:00:19+00:00,8471215.0
2026-10-07-late-2300,2026-10-07T23:00:37+00:00,2026020053,2026-10-07,player_assists,under:8471675,S. Crosby Under 0.5,0.5,0.591106866202337,0.537356321839074,0.0,,1.74,0.05375054436326293,0.02852594719206636,2,,,0.528532389046349,2026-10-07T23:00:19+00:00,8471675.0
2026-10-07-late-2300,2026-10-07T23:00:37+00:00,2026020053,2026-10-07,player_assists,under:8471724,K. Letang Under 0.5,0.5,0.7021042458375133,0.7048187176740882,0.0,,1.36,-0.0027144718365749165,-0.04513822566098186,2,,,0.3549271907903026,2026-10-07T23:00:19+00:00,8471724.0
2026-10-07-late-2300,2026-10-07T23:00:37+00:00,2026020053,2026-10-07,player_assists,under:8474578,E. Karlsson Under 0.5,0.5,0.618803993156219,0.5475595359547692,0.0,,1.74,0.07124445720144978,0.07671894809182112,2,,,0.4822777766300834,2026-10-07T23:00:19+00:00,8474578.0
2026-10-07-late-2300,2026-10-07T23:00:37+00:00,2026020053,2026-10-07,player_assists,under:8476432,B. Jenner Under 0.5,0.5,0.7273852081353872,0.7550670136820934,0.0,,1.27,-0.027681805546706184,-0.07622078566805823,2,,,0.31931437825576997,2026-10-07T23:00:19+00:00,8476432.0
2026-10-07-late-2300,2026-10-07T23:00:37+00:00,2026020053,2026-10-07,player_assists,under:8476483,R. Rakell Under 0.5,0.5,0.6772359256676797,0.6770074775825179,0.0,,1.44,0.00022844808516175874,-0.02478026703854136,2,,,0.3912584723097759,2026-10-07T23:00:19+00:00,8476483.0
2026-10-07-late-2300,2026-10-07T23:00:37+00:00,2026020053,2026-10-07,player_assists,under:8476880,T. Wilson Under 0.5,0.5,0.6469639762619134,0.5911907653619485,0.0,,1.65,0.0557732108999649,0.06749056083215699,2,,,0.43736647601626744,2026-10-07T23:00:19+00:00,8476880.0
2026-10-07-late-2300,2026-10-07T23:00:37+00:00,2026020053,2026-10-07,player_assists,under:8477845,T. van Riemsdyk Under 0.5,0.5,0.8082158453173346,0.792702804595005,0.0,,1.21,0.015513040722329619,-0.02205882716602517,2,,,0.21338014042637346,2026-10-07T23:00:19+00:00,8477845.0
2026-10-07-late-2300,2026-10-07T23:00:37+00:00,2026020053,2026-10-07,player_assists,under:8477949,A. Tuch Under 0.5,0.5,0.6901943415477297,0.6573456589315472,0.0,,1.45,0.03284868261618257,0.0007817952442080722,2,,,0.37216026467483204,2026-10-07T23:00:19+00:00,8477949.0
2026-10-07-late-2300,2026-10-07T23:00:37+00:00,2026020053,2026-10-07,player_assists,under:8478438,T. Novak Under 0.5,0.5,0.7315171981495648,0.7063614253621078,0.0,,1.35,0.025155772787457065,-0.012451782498087427,2,,,0.31361399192783895,2026-10-07T23:00:19+00:00,8478438.0
2026-10-07-late-2300,2026-10-07T23:00:37+00:00,2026020053,2026-10-07,player_assists,under:8478440,D. Strome Under 0.5,0.5,0.6858305122211876,0.5857760983635885,0.0,,1.65,0.10005441385759922,0.13162034516495952,2,,,0.3785505617500886,2026-10-07T23:00:19+00:00,8478440.0
2026-10-07-late-2300,2026-10-07T23:00:37+00:00,2026020053,2026-10-07,player_assists,under:8478463,A. Beauvillier Under 0.5,0.5,0.7913130102992626,0.7797684980061887,0.0,,1.22,0.011544512293073822,-0.03459812743489965,2,,,0.23461037937163765,2026-10-07T23:00:19+00:00,8478463.0
2026-10-07-late-2300,2026-10-07T23:00:37+00:00,2026020053,2026-10-07,player_assists,under:8479345,J. Chychrun Under 0.5,0.5,0.6605491899507537,0.5722961192240131,0.0,,1.67,0.0882530707267406,0.10311714721775866,2,,,0.41640807343943204,2026-10-07T23:00:19+00:00,8479345.0
2026-10-07-late-2300,2026-10-07T23:00:37+00:00,2026020053,2026-10-07,player_assists,under:8479385,J. Kyrou Under 0.5,0.5,0.7310431400583973,0.6981754115862409,0.0,,1.37,0.03286772847215652,0.0015291018800044354,2,,,0.3142663200579306,2026-10-07T23:00:19+00:00,8479385.0
2026-10-07-late-2300,2026-10-07T23:00:37+00:00,2026020053,2026-10-07,player_assists,under:8479398,S. Girard Under 0.5,0.5,0.7420056054617217,0.746641963872175,0.0,,1.27,-0.0046363584104532896,-0.057652881063613465,1,,,0.2992906718214078,2026-10-07T23:00:19+00:00,8479398.0
2026-10-07-late-2300,2026-10-07T23:00:37+00:00,2026020053,2026-10-07,player_assists,under:8479400,P. Dubois Under 0.5,0.5,0.6602459884179854,0.5999166501617814,0.0,,1.62,0.06032933825620401,0.06959850123713646,2,,,0.4168710188803616,2026-10-07T23:00:19+00:00,8479400.0
2026-10-07-late-2300,2026-10-07T23:00:37+00:00,2026020053,2026-10-07,player_assists,under:8479576,V. Desharnais Under 0.5,0.5,0.8186935215230472,0.788461538461524,0.0,,1.2,0.030231983061523193,-0.017567774172343398,1,,,0.2004461919130705,2026-10-07T23:00:19+00:00,8479576.0
2026-10-07-late-2300,2026-10-07T23:00:37+00:00,2026020053,2026-10-07,player_assists,under:8480043,T. Liljegren Under 0.5,0.5,0.8133502586745711,0.6785714285713849,0.0,,1.4,0.13477883010318625,0.1386903621443995,1,,,0.20702083667376553,2026-10-07T23:00:19+00:00,8480043.0
2026-10-07-late-2300,2026-10-07T23:00:37+00:00,2026020053,2026-10-07,player_assists,under:8480796,M. Fehérváry Under 0.5,0.5,0.7493929920378675,0.7571537770805984,0.0,,1.29,-0.007760785042730922,-0.03328304027115095,2,,,0.2893256219688334,2026-10-07T23:00:19+00:00,8480796.0
2026-10-07-late-2300,2026-10-07T23:00:37+00:00,2026020053,2026-10-07,player_assists,under:8480980,C. Dewar Under 0.5,0.5,0.781131238979001,0.805399207838331,0.0,,1.17,-0.02426796885932994,-0.08607645039456882,1,,,0.24762325939166757,2026-10-07T23:00:19+00:00,8480980.0
2026-10-07-late-2300,2026-10-07T23:00:37+00:00,2026020053,2026-10-07,player_assists,under:8481481,B. Lizotte Under 0.5,0.5,0.8125300531558601,0.7747009304385671,0.0,,1.22,0.03782912271729297,-0.008713335149850648,1,,,0.20803396154515366,2026-10-07T23:00:19+00:00,8481481.0
2026-10-07-late-2300,2026-10-07T23:00:37+00:00,2026020053,2026-10-07,player_assists,under:8481527,K. Korczak Under 0.5,0.5,0.8347375207510874,0.8249601275915903,0.0,,1.14,0.009777393159497105,-0.04839922634376041,1,,,0.18096464394774048,2026-10-07T23:00:19+00:00,8481527.0
2026-10-07-late-2300,2026-10-07T23:00:37+00:00,2026020053,2026-10-07,player_assists,under:8481582,N. Robertson Under 0.5,0.5,0.8765277040320655,0.8133874239350707,0.0,,1.16,0.06314028009699477,0.016772136677195876,1,,,0.13196079829261376,2026-10-07T23:00:19+00:00,8481582.0
2026-10-07-late-2300,2026-10-07T23:00:37+00:00,2026020053,2026-10-07,player_assists,under:8481656,A. Protas Under 0.5,0.5,0.7069746706739329,0.7245685123422184,0.0,,1.34,-0.01759384166828548,-0.052653941296929796,2,,,0.3479656527655989,2026-10-07T23:00:19+00:00,8481656.0
2026-10-07-late-2300,2026-10-07T23:00:37+00:00,2026020053,2026-10-07,player_assists,under:8482088,J. Sourdif Under 0.5,0.5,0.7596341926818078,0.7372443112494373,0.0,,1.33,0.022389881432370362,0.0103134762668044,2,,,0.2756754747689364,2026-10-07T23:00:19+00:00,8482088.0
2026-10-07-late-2300,2026-10-07T23:00:37+00:00,2026020053,2026-10-07,player_assists,under:8482148,H. Lapierre Under 0.5,0.5,0.8364539622136832,0.805399207838331,0.0,,1.17,0.031054754375352184,-0.021348864209990742,1,,,0.17890309803301807,2026-10-07T23:00:19+00:00,8482148.0
2026-10-07-late-2300,2026-10-07T23:00:37+00:00,2026020053,2026-10-07,player_assists,under:8482758,V. Koivunen Under 0.5,0.5,0.8336790214366295,0.7850943727366448,0.0,,1.24,0.048584648699984634,0.0337619865814206,2,,,0.18223811964020747,2026-10-07T23:00:19+00:00,8482758.0
2026-10-07-late-2300,2026-10-07T23:00:37+00:00,2026020053,2026-10-07,player_assists,under:8483398,D. Carlile Under 0.5,0.5,0.8316233526367041,0.8193091675871504,0.0,,1.15,0.012314185049553644,-0.0436331444677904,1,,,0.18471600382630368,2026-10-07T23:00:19+00:00,8483398.0
2026-10-07-late-2300,2026-10-07T23:00:37+00:00,2026020053,2026-10-07,player_assists,under:8484186,R. Leonard Under 0.5,0.5,0.7930847912561296,0.769823982043216,0.0,,1.27,0.02326080921291368,0.007217684895284654,2,,,0.23236339891092792,2026-10-07T23:00:19+00:00,8484186.0
2026-10-07-late-2300,2026-10-07T23:00:37+00:00,2026020053,2026-10-07,player_assists,under:8484873,C. Hutson Under 0.5,0.5,0.752786048035929,0.6840888985295974,0.0,,1.43,0.06869714950633155,0.07648404869137837,2,,,0.2847821667520595,2026-10-07T23:00:19+00:00,8484873.0
2026-10-07-late-2300,2026-10-07T23:00:37+00:00,2026020053,2026-10-07,player_assists,under:8484999,I. Protas Under 0.5,0.5,0.7280554676991412,0.7183159497446893,0.0,,1.34,0.009739517954451937,-0.02440567328315074,2,,,0.31838746466840934,2026-10-07T23:00:19+00:00,8484999.0
2026-10-07-late-2300,2026-10-07T23:00:37+00:00,2026020053,2026-10-07,player_assists,under:8485414,B. Kindel Under 0.5,0.5,0.7840716894639529,0.7649162883795841,0.0,,1.27,0.019155401084368695,-0.004228954380779804,2,,,0.24384751202909663,2026-10-07T23:00:19+00:00,8485414.0
2026-10-07-late-2300,2026-10-07T23:00:37+00:00,2026020053,2026-10-07,player_goals,over:8471214,A. Ovechkin to score (anytime),0.5,0.23668050162767706,0.3190662082649722,0.0,,3.0,-0.08238570663729511,-0.2899584951169688,5,,,0.2719103930658377,2026-10-07T23:00:19+00:00,8471214.0
2026-10-07-late-2300,2026-10-07T23:00:37+00:00,2026020053,2026-10-07,player_goals,over:8471215,E. Malkin to score (anytime),0.5,0.2788480212132459,0.24211364068428393,0.0,,4.25,0.036734380528961996,0.18510409015629514,5,,,0.3295916692390045,2026-10-07T23:00:19+00:00,8471215.0
2026-10-07-late-2300,2026-10-07T23:00:37+00:00,2026020053,2026-10-07,player_goals,over:8471675,S. Crosby to score (anytime),0.5,0.17421240030597196,0.29403012339277085,0.0,,3.25,-0.11981772308679889,-0.43380969900559113,5,,,0.1923366293518274,2026-10-07T23:00:19+00:00,8471675.0
2026-10-07-late-2300,2026-10-07T23:00:37+00:00,2026020053,2026-10-07,player_goals,over:8471724,K. Letang to score (anytime),0.5,0.03921588277133037,0.09412046630298418,0.0,,12.0,-0.05490458353165381,-0.5294094067440356,5,,,0.040045576900940516,2026-10-07T23:00:19+00:00,8471724.0
2026-10-07-late-2300,2026-10-07T23:00:37+00:00,2026020053,2026-10-07,player_goals,over:8474578,E. Karlsson to score (anytime),0.5,0.21811731937986611,0.15954639502678564,0.0,,6.0,0.05857092435308048,0.3087039162791966,5,,,0.2475703224572174,2026-10-07T23:00:19+00:00,8474578.0
2026-10-07-late-2300,2026-10-07T23:00:37+00:00,2026020053,2026-10-07,player_goals,over:8476432,B. Jenner to score (anytime),0.5,0.19003518892370963,0.14066238365303785,0.0,,7.0,0.04937280527067178,0.3302463224659674,5,,,0.2118789283215515,2026-10-07T23:00:19+00:00,8476432.0
2026-10-07-late-2300,2026-10-07T23:00:37+00:00,2026020053,2026-10-07,player_goals,over:8476483,R. Rakell to score (anytime),0.5,0.28459903453777935,0.26788393808017585,0.0,,3.6,0.016715096457603495,0.024556524336005636,5,,,0.3377319736880918,2026-10-07T23:00:19+00:00,8476483.0
2026-10-07-late-2300,2026-10-07T23:00:37+00:00,2026020053,2026-10-07,player_goals,over:8476880,T. Wilson to score (anytime),0.5,0.25056881889281857,0.27743518012611385,0.0,,3.45,-0.026866361233295277,-0.1355375748197759,5,,,0.2905307727655535,2026-10-07T23:00:19+00:00,8476880.0
2026-10-07-late-2300,2026-10-07T23:00:37+00:00,2026020053,2026-10-07,player_goals,over:8477845,T. van Riemsdyk to score (anytime),0.5,0.09435060032806664,0.05771850760571353,0.0,,29.0,0.036632092722353106,1.7361674095139326,3,,,0.09934896520461482,2026-10-07T23:00:19+00:00,8477845.0
2026-10-07-late-2300,2026-10-07T23:00:37+00:00,2026020053,2026-10-07,player_goals,over:8477949,A. Tuch to score (anytime),0.5,0.33899133271347937,0.32242223347605237,0.0,,3.0,0.016569099237427,0.016973998140438096,5,,,0.41830270213067894,2026-10-07T23:00:19+00:00,8477949.0
2026-10-07-late-2300,2026-10-07T23:00:37+00:00,2026020053,2026-10-07,player_goals,over:8478438,T. Novak to score (anytime),0.5,0.19873258220335566,0.1884735202492212,0.0,,5.0,0.010259061954134452,-0.006337088983221717,5,,,0.2227923037738322,2026-10-07T23:00:19+00:00,8478438.0
2026-10-07-late-2300,2026-10-07T23:00:37+00:00,2026020053,2026-10-07,player_goals,over:8478440,D. Strome to score (anytime),0.5,0.17978739718353876,0.2372027996427697,0.0,,4.25,-0.057415402459230935,-0.23590356196996032,5,,,0.19917695114158773,2026-10-07T23:00:19+00:00,8478440.0
2026-10-07-late-2300,2026-10-07T23:00:37+00:00,2026020053,2026-10-07,player_goals,over:8478463,A. Beauvillier to score (anytime),0.5,0.17135091364493138,0.21162786182812882,0.0,,4.9,-0.040276948183197436,-0.1603805231398362,5,,,0.18884449432332343,2026-10-07T23:00:19+00:00,8478463.0
2026-10-07-late-2300,2026-10-07T23:00:37+00:00,2026020053,2026-10-07,player_goals,over:8479345,J. Chychrun to score (anytime),0.5,0.2322663345786542,0.22508058576935253,0.0,,4.35,0.007185748809301673,0.010358555417145698,5,,,0.26606664115528456,2026-10-07T23:00:19+00:00,8479345.0
2026-10-07-late-2300,2026-10-07T23:00:37+00:00,2026020053,2026-10-07,player_goals,over:8479385,J. Kyrou to score (anytime),0.5,0.15284090551770757,0.2632002445086557,0.0,,3.75,-0.11035933899094813,-0.4268466043085966,5,,,0.1665564689964057,2026-10-07T23:00:19+00:00,8479385.0
2026-10-07-late-2300,2026-10-07T23:00:37+00:00,2026020053,2026-10-07,player_goals,over:8479398,S. Girard to score (anytime),0.5,0.10111463653780572,0.09076729686665741,0.0,,12.0,0.010347339671148315,0.2133756384536687,5,,,0.10688436142247501,2026-10-07T23:00:19+00:00,8479398.0
2026-10-07-late-2300,2026-10-07T23:00:37+00:00,2026020053,2026-10-07,player_goals,over:8479400,P. Dubois to score (anytime),0.5,0.13963532963898573,0.22261988695584783,0.0,,4.3,-0.0829845573168621,-0.39956808255236137,5,,,0.1509658605389416,2026-10-07T23:00:19+00:00,8479400.0
2026-10-07-late-2300,2026-10-07T23:00:37+00:00,2026020053,2026-10-07,player_goals,over:8479576,V. Desharnais to score (anytime),0.5,0.044305954394707636,0.06891905256391237,0.0,,21.0,-0.024613098169204733,-0.06957495771113964,3,,,0.04536883371982435,2026-10-07T23:00:19+00:00,8479576.0
2026-10-07-late-2300,2026-10-07T23:00:37+00:00,2026020053,2026-10-07,player_goals,over:8480043,T. Liljegren to score (anytime),0.5,0.08162450159909085,0.05819845564065927,0.0,,21.0,0.023426045958431577,0.7141145335809078,5,,,0.08533044836697505,2026-10-07T23:00:19+00:00,8480043.0
2026-10-07-late-2300,2026-10-07T23:00:37+00:00,2026020053,2026-10-07,player_goals,over:8480796,M. Fehérváry to score (anytime),0.5,0.09808815050051356,0.06395237222614902,0.0,,21.0,0.03413577827436454,1.0598511605107848,5,,,0.1035054052413126,2026-10-07T23:00:19+00:00,8480796.0
2026-10-07-late-2300,2026-10-07T23:00:37+00:00,2026020053,2026-10-07,player_goals,over:8480980,C. Dewar to score (anytime),0.5,0.09855352453928956,0.11718893164742532,0.0,,8.5,-0.018635407108135757,-0.1622950414160388,5,,,0.10402420232666994,2026-10-07T23:00:19+00:00,8480980.0
2026-10-07-late-2300,2026-10-07T23:00:37+00:00,2026020053,2026-10-07,player_goals,over:8481481,B. Lizotte to score (anytime),0.5,0.1019050077454633,0.11623685381678495,0.0,,9.5,-0.014331846071321652,-0.031902426418098706,3,,,0.10776874799595383,2026-10-07T23:00:19+00:00,8481481.0
2026-10-07-late-2300,2026-10-07T23:00:37+00:00,2026020053,2026-10-07,player_goals,over:8481527,K. Korczak to score (anytime),0.5,0.025000104653165045,0.04876066639577407,0.0,,23.0,-0.023760561742609022,-0.42499759297720396,5,,,0.025333947005880826,2026-10-07T23:00:19+00:00,8481527.0
2026-10-07-late-2300,2026-10-07T23:00:37+00:00,2026020053,2026-10-07,player_goals,over:8481582,N. Robertson to score (anytime),0.5,0.1795173460933781,0.16582119883463034,0.0,,6.0,0.013696147258747765,0.07710407656026863,5,,,0.1988444844698334,2026-10-07T23:00:19+00:00,8481582.0
2026-10-07-late-2300,2026-10-07T23:00:37+00:00,2026020053,2026-10-07,player_goals,over:8481656,A. Protas to score (anytime),0.5,0.2046415028639631,0.20275141874215077,0.0,,4.7,0.0018900841218123243,-0.03818493653937338,5,,,0.2302779354699398,2026-10-07T23:00:19+00:00,8481656.0
2026-10-07-late-2300,2026-10-07T23:00:37+00:00,2026020053,2026-10-07,player_goals,over:8482088,J. Sourdif to score (anytime),0.5,0.1769300480866678,0.14517818629968163,0.0,,7.0,0.03175186178698616,0.23851033660667453,5,,,0.19566500850904803,2026-10-07T23:00:19+00:00,8482088.0
2026-10-07-late-2300,2026-10-07T23:00:37+00:00,2026020053,2026-10-07,player_goals,over:8482148,H. Lapierre to score (anytime),0.5,0.11169836602657612,0.19058492624263673,0.0,,5.5,-0.07888656021606061,-0.38565898685383126,5,,,0.11879533317741192,2026-10-07T23:00:19+00:00,8482148.0
2026-10-07-late-2300,2026-10-07T23:00:37+00:00,2026020053,2026-10-07,player_goals,over:8482758,V. Koivunen to score (anytime),0.5,0.11299399823223,0.14314394501310387,0.0,,7.0,-0.030149946780873876,-0.20904201237439002,5,,,0.12026367108557036,2026-10-07T23:00:19+00:00,8482758.0
2026-10-07-late-2300,2026-10-07T23:00:37+00:00,2026020053,2026-10-07,player_goals,over:8483398,D. Carlile to score (anytime),0.5,0.13124694741043086,0.07837048724899191,0.0,,16.0,0.052876460161438946,1.0999511585668937,5,,,0.1411924175619004,2026-10-07T23:00:19+00:00,8483398.0
2026-10-07-late-2300,2026-10-07T23:00:37+00:00,2026020053,2026-10-07,player_goals,over:8484186,R. Leonard to score (anytime),0.5,0.23513373607238786,0.23295093648960724,0.0,,4.25,0.0021827995827806146,-0.0006816216923516416,5,,,0.2698586584264014,2026-10-07T23:00:19+00:00,8484186.0
2026-10-07-late-2300,2026-10-07T23:00:37+00:00,2026020053,2026-10-07,player_goals,over:8484873,C. Hutson to score (anytime),0.5,0.1705165697440264,0.15277430479584075,0.0,,6.5,0.01774226494818565,0.10835770333617167,5,,,0.18782865169685198,2026-10-07T23:00:19+00:00,8484873.0
2026-10-07-late-2300,2026-10-07T23:00:37+00:00,2026020053,2026-10-07,player_goals,over:8484999,I. Protas to score (anytime),0.5,0.15955915790912722,0.24476592700891767,0.0,,3.9,-0.08520676909979044,-0.3777192841544038,5,,,0.17458631662998558,2026-10-07T23:00:19+00:00,8484999.0
2026-10-07-late-2300,2026-10-07T23:00:37+00:00,2026020053,2026-10-07,player_goals,over:8485414,B. Kindel to score (anytime),0.5,0.17864023293942866,0.19726847655412233,0.0,,4.9,-0.018628243614693674,-0.12466285859679949,5,,,0.19776544056007428,2026-10-07T23:00:19+00:00,8485414.0
2026-10-07-late-2300,2026-10-07T23:00:37+00:00,2026020053,2026-10-07,player_points,over:8471214,A. Ovechkin Over 0.5,0.5,0.4671138482326609,0.5246952383051338,0.0,,1.83,-0.05758139007247287,-0.14518165773423053,3,,,0.6334261962620048,2026-10-07T23:00:19+00:00,8471214.0
2026-10-07-late-2300,2026-10-07T23:00:37+00:00,2026020053,2026-10-07,player_points,over:8471215,E. Malkin Over 0.5,0.5,0.5658101589300909,0.5243956108057364,0.0,,1.81,0.04141454812435452,0.024116387663464578,3,,,0.8412724130539111,2026-10-07T23:00:19+00:00,8471215.0
2026-10-07-late-2300,2026-10-07T23:00:37+00:00,2026020053,2026-10-07,player_points,over:8471675,S. Crosby Over 0.5,0.5,0.5444239640771212,0.6043455408528183,0.0,,1.6,-0.059921576775697094,-0.128921657476606,3,,,0.7924061605960088,2026-10-07T23:00:19+00:00,8471675.0
2026-10-07-late-2300,2026-10-07T23:00:37+00:00,2026020053,2026-10-07,player_points,over:8471724,K. Letang Over 0.5,0.5,0.3778124859773845,0.34671177636440315,0.0,,2.7,0.031100709612981337,0.02009371213893818,3,,,0.4767725350953277,2026-10-07T23:00:19+00:00,8471724.0
2026-10-07-late-2300,2026-10-07T23:00:37+00:00,2026020053,2026-10-07,player_points,over:8474578,E. Karlsson Over 0.5,0.5,0.5466499716475685,0.5316748281332115,0.0,,1.82,0.014975143514356914,-0.005097051601425373,3,,,0.7973821448630456,2026-10-07T23:00:19+00:00,8474578.0
2026-10-07-late-2300,2026-10-07T23:00:37+00:00,2026020053,2026-10-07,player_points,over:8476432,B. Jenner Over 0.5,0.5,0.4050627733078317,0.33546285567081885,0.0,,2.75,0.06959991763701284,0.11392262659653718,3,,,0.5220054591438844,2026-10-07T23:00:19+00:00,8476432.0
2026-10-07-late-2300,2026-10-07T23:00:37+00:00,2026020053,2026-10-07,player_points,over:8476483,R. Rakell Over 0.5,0.5,0.5176275018444939,0.49753895044798363,0.0,,1.91,0.02008855139651028,-0.011331471477016686,3,,,0.7343795456987298,2026-10-07T23:00:19+00:00,8476483.0
2026-10-07-late-2300,2026-10-07T23:00:37+00:00,2026020053,2026-10-07,player_points,over:8476880,T. Wilson Over 0.5,0.5,0.5143598037505905,0.5503006047249696,0.0,,1.71,-0.03594080097437902,-0.12044473558649021,3,,,0.7275294672348094,2026-10-07T23:00:19+00:00,8476880.0
2026-10-07-late-2300,2026-10-07T23:00:37+00:00,2026020053,2026-10-07,player_points,over:8477845,T. van Riemsdyk Over 0.5,0.5,0.2512839481088547,0.2383572540785822,0.0,,3.95,0.012926694030272495,-0.00742840497002395,2,,,0.29023458580097694,2026-10-07T23:00:19+00:00,8477845.0
2026-10-07-late-2300,2026-10-07T23:00:37+00:00,2026020053,2026-10-07,player_points,over:8477949,A. Tuch Over 0.5,0.5,0.5480133968835269,0.5582337236719637,0.0,,1.69,-0.010220326788436762,-0.07385735926683956,3,,,0.8004422473168658,2026-10-07T23:00:19+00:00,8477949.0
2026-10-07-late-2300,2026-10-07T23:00:37+00:00,2026020053,2026-10-07,player_points,over:8478438,T. Novak Over 0.5,0.5,0.413435176428926,0.41729032811916295,0.0,,2.26,-0.0038551516902369243,-0.06563650127062726,3,,,0.5363281641220904,2026-10-07T23:00:19+00:00,8478438.0
2026-10-07-late-2300,2026-10-07T23:00:37+00:00,2026020053,2026-10-07,player_points,over:8478440,D. Strome Over 0.5,0.5,0.44295001499927167,0.5462686884715909,0.0,,1.77,-0.10331867347231927,-0.21597847345128912,3,,,0.5885371198526491,2026-10-07T23:00:19+00:00,8478440.0
2026-10-07-late-2300,2026-10-07T23:00:37+00:00,2026020053,2026-10-07,player_points,over:8478463,A. Beauvillier Over 0.5,0.5,0.3253165566107019,0.3559720046245471,0.0,,2.61,-0.030655448013845177,-0.15092378724606803,3,,,0.39506425561480046,2026-10-07T23:00:19+00:00,8478463.0
2026-10-07-late-2300,2026-10-07T23:00:37+00:00,2026020053,2026-10-07,player_points,over:8479345,J. Chychrun Over 0.5,0.5,0.49753182697783516,0.5459548630224891,0.0,,1.74,-0.04842303604465392,-0.13429462105856682,3,,,0.6929812938185027,2026-10-07T23:00:19+00:00,8479345.0
2026-10-07-late-2300,2026-10-07T23:00:37+00:00,2026020053,2026-10-07,player_points,over:8479385,J. Kyrou Over 0.5,0.5,0.39213059569791453,0.4512108873601657,0.0,,2.1,-0.05908029166225115,-0.17652574903437945,3,,,0.5002814604994231,2026-10-07T23:00:19+00:00,8479385.0
2026-10-07-late-2300,2026-10-07T23:00:37+00:00,2026020053,2026-10-07,player_points,over:8479398,S. Girard Over 0.5,0.5,0.34690747460706894,0.2828303116662763,0.0,,3.2,0.06407716294079263,0.11010391874262071,2,,,0.42785670390571734,2026-10-07T23:00:19+00:00,8479398.0
2026-10-07-late-2300,2026-10-07T23:00:37+00:00,2026020053,2026-10-07,player_points,over:8479400,P. Dubois Over 0.5,0.5,0.4680601515673106,0.5282014233753483,0.0,,1.83,-0.06014127180803763,-0.14344992263182155,3,,,0.6352261314362704,2026-10-07T23:00:19+00:00,8479400.0
2026-10-07-late-2300,2026-10-07T23:00:37+00:00,2026020053,2026-10-07,player_points,over:8479576,V. Desharnais Over 0.5,0.5,0.19562860319538233,0.24285714285704807,0.0,,3.5,-0.047228539661665736,-0.31529988881616183,1,,,0.21816877622815506,2026-10-07T23:00:19+00:00,8479576.0
2026-10-07-late-2300,2026-10-07T23:00:37+00:00,2026020053,2026-10-07,player_points,over:8480043,T. Liljegren Over 0.5,0.5,0.23676887344339348,0.3249250749250416,0.0,,2.86,-0.0881562014816481,-0.3228410219518947,2,,,0.27092574222698373,2026-10-07T23:00:19+00:00,8480043.0
2026-10-07-late-2300,2026-10-07T23:00:37+00:00,2026020053,2026-10-07,player_points,over:8480796,M. Fehérváry Over 0.5,0.5,0.32600463732769314,0.2758602056513855,0.0,,3.4,0.05014443167630761,0.10841576691415666,3,,,0.39609270593598656,2026-10-07T23:00:19+00:00,8480796.0
2026-10-07-late-2300,2026-10-07T23:00:37+00:00,2026020053,2026-10-07,player_points,over:8480980,C. Dewar Over 0.5,0.5,0.28698495670433,0.2935323383084572,0.0,,3.0,-0.0065473816041272115,-0.13904512988701,1,,,0.3393994939440566,2026-10-07T23:00:19+00:00,8480980.0
2026-10-07-late-2300,2026-10-07T23:00:37+00:00,2026020053,2026-10-07,player_points,over:8481481,B. Lizotte Over 0.5,0.5,0.258223407589415,0.30596405228760254,0.0,,2.88,-0.04774064469818756,-0.25631658614248487,1,,,0.29960120876391855,2026-10-07T23:00:19+00:00,8481481.0
2026-10-07-late-2300,2026-10-07T23:00:37+00:00,2026020053,2026-10-07,player_points,over:8481527,K. Korczak Over 0.5,0.5,0.2256248462941438,0.194600792161669,0.0,,4.1,0.031024054132474804,-0.07493813019401041,1,,,0.2563537629800763,2026-10-07T23:00:19+00:00,8481527.0
2026-10-07-late-2300,2026-10-07T23:00:37+00:00,2026020053,2026-10-07,player_points,over:8481582,N. Robertson Over 0.5,0.5,0.2790303345712427,0.30476673427985695,0.0,,2.9,-0.025736399708614244,-0.19081202974339617,1,,,0.32823087873735335,2026-10-07T23:00:19+00:00,8481582.0
2026-10-07-late-2300,2026-10-07T23:00:37+00:00,2026020053,2026-10-07,player_points,over:8481656,A. Protas Over 0.5,0.5,0.4360186347792362,0.40450302610734995,0.0,,2.3,0.03151560867188624,0.0028428599922432074,3,,,0.5760268722121846,2026-10-07T23:00:19+00:00,8481656.0
2026-10-07-late-2300,2026-10-07T23:00:37+00:00,2026020053,2026-10-07,player_points,over:8482088,J. Sourdif Over 0.5,0.5,0.36739821544670725,0.3495681053238822,0.0,,2.65,0.017830110122825038,-0.026394729066225753,3,,,0.4600174166697915,2026-10-07T23:00:19+00:00,8482088.0
2026-10-07-late-2300,2026-10-07T23:00:37+00:00,2026020053,2026-10-07,player_points,over:8482148,H. Lapierre Over 0.5,0.5,0.2623658765087431,0.3221413989981911,0.0,,2.95,-0.05977552248944801,-0.22602066429920775,2,,,0.3052352560565971,2026-10-07T23:00:19+00:00,8482148.0
2026-10-07-late-2300,2026-10-07T23:00:37+00:00,2026020053,2026-10-07,player_points,over:8482758,V. Koivunen Over 0.5,0.5,0.25153828607011186,0.2956291176148765,0.0,,3.1,-0.04409083154476462,-0.2202313131826532,3,,,0.29057631567722686,2026-10-07T23:00:19+00:00,8482758.0
2026-10-07-late-2300,2026-10-07T23:00:37+00:00,2026020053,2026-10-07,player_points,over:8483398,D. Carlile Over 0.5,0.5,0.264981840816347,0.22529906956143284,0.0,,3.7,0.03968277125491418,-0.019567188979516037,1,,,0.3088098001704909,2026-10-07T23:00:19+00:00,8483398.0
2026-10-07-late-2300,2026-10-07T23:00:37+00:00,2026020053,2026-10-07,player_points,over:8484186,R. Leonard Over 0.5,0.5,0.3974904414238356,0.3912061025476477,0.0,,2.4,0.0062843388761879004,-0.04602294058279455,3,,,0.5092274012068079,2026-10-07T23:00:19+00:00,8484186.0
2026-10-07-late-2300,2026-10-07T23:00:37+00:00,2026020053,2026-10-07,player_points,over:8484873,C. Hutson Over 0.5,0.5,0.37882906817645445,0.41283280662273475,0.0,,2.3,-0.034003738446280296,-0.1286931431941548,3,,,0.47842337485546776,2026-10-07T23:00:19+00:00,8484873.0
2026-10-07-late-2300,2026-10-07T23:00:37+00:00,2026020053,2026-10-07,player_points,over:8484999,I. Protas Over 0.5,0.5,0.40143402340877354,0.41869692207542225,0.0,,2.3,-0.017262898666648707,-0.07670174615982095,3,,,0.5158614910706683,2026-10-07T23:00:19+00:00,8484999.0
2026-10-07-late-2300,2026-10-07T23:00:37+00:00,2026020053,2026-10-07,player_points,over:8485414,B. Kindel Over 0.5,0.5,0.3530119243351987,0.3726266664719606,0.0,,2.5,-0.019614742136761898,-0.11747018916200325,3,,,0.43732890090021687,2026-10-07T23:00:19+00:00,8485414.0
2026-10-07-late-2300,2026-10-07T23:00:37+00:00,2026020053,2026-10-07,player_points,under:8471214,A. Ovechkin Under 0.5,0.5,0.5328861517673391,0.47530476169486624,0.0,,2.02,0.05758139007247287,0.07643002657002507,3,,,0.6334261962620048,2026-10-07T23:00:19+00:00,8471214.0
2026-10-07-late-2300,2026-10-07T23:00:37+00:00,2026020053,2026-10-07,player_points,under:8471215,E. Malkin Under 0.5,0.5,0.4341898410699091,0.4756043891942636,0.0,,2.0,-0.04141454812435452,-0.1316203178601818,3,,,0.8412724130539111,2026-10-07T23:00:19+00:00,8471215.0
2026-10-07-late-2300,2026-10-07T23:00:37+00:00,2026020053,2026-10-07,player_points,under:8471675,S. Crosby Under 0.5,0.5,0.45557603592287876,0.39565445914718167,0.0,,2.38,0.059921576775697094,0.08427096549645141,3,,,0.7924061605960088,2026-10-07T23:00:19+00:00,8471675.0
2026-10-07-late-2300,2026-10-07T23:00:37+00:00,2026020053,2026-10-07,player_points,under:8471724,K. Letang Under 0.5,0.5,0.6221875140226155,0.6532882236355968,0.0,,1.48,-0.031100709612981337,-0.07916247924652903,3,,,0.4767725350953277,2026-10-07T23:00:19+00:00,8471724.0
2026-10-07-late-2300,2026-10-07T23:00:37+00:00,2026020053,2026-10-07,player_points,under:8474578,E. Karlsson Under 0.5,0.5,0.45335002835243154,0.46832517186678846,0.0,,2.05,-0.014975143514356914,-0.07063244187751544,3,,,0.7973821448630456,2026-10-07T23:00:19+00:00,8474578.0
2026-10-07-late-2300,2026-10-07T23:00:37+00:00,2026020053,2026-10-07,player_points,under:8476432,B. Jenner Under 0.5,0.5,0.5949372266921683,0.6645371443291812,0.0,,1.45,-0.06959991763701284,-0.137341021296356,3,,,0.5220054591438844,2026-10-07T23:00:19+00:00,8476432.0
2026-10-07-late-2300,2026-10-07T23:00:37+00:00,2026020053,2026-10-07,player_points,under:8476483,R. Rakell Under 0.5,0.5,0.4823724981555061,0.5024610495520163,0.0,,1.91,-0.02008855139651028,-0.0786685285229834,3,,,0.7343795456987298,2026-10-07T23:00:19+00:00,8476483.0
2026-10-07-late-2300,2026-10-07T23:00:37+00:00,2026020053,2026-10-07,player_points,under:8476880,T. Wilson Under 0.5,0.5,0.48564019624940946,0.44969939527503044,0.0,,2.12,0.03594080097437902,0.02955721604874806,3,,,0.7275294672348094,2026-10-07T23:00:19+00:00,8476880.0
2026-10-07-late-2300,2026-10-07T23:00:37+00:00,2026020053,2026-10-07,player_points,under:8477845,T. van Riemsdyk Under 0.5,0.5,0.7487160518911453,0.7616427459214178,0.0,,1.27,-0.012926694030272495,-0.04913061409824543,2,,,0.29023458580097694,2026-10-07T23:00:19+00:00,8477845.0
2026-10-07-late-2300,2026-10-07T23:00:37+00:00,2026020053,2026-10-07,player_points,under:8477949,A. Tuch Under 0.5,0.5,0.4519866031164731,0.44176627632803633,0.0,,2.17,0.010220326788436762,-0.01918907123725344,3,,,0.8004422473168658,2026-10-07T23:00:19+00:00,8477949.0
2026-10-07-late-2300,2026-10-07T23:00:37+00:00,2026020053,2026-10-07,player_points,under:8478438,T. Novak Under 0.5,0.5,0.586564823571074,0.5827096718808371,0.0,,1.65,0.0038551516902369243,-0.032168041107727974,3,,,0.5363281641220904,2026-10-07T23:00:19+00:00,8478438.0
2026-10-07-late-2300,2026-10-07T23:00:37+00:00,2026020053,2026-10-07,player_points,under:8478440,D. Strome Under 0.5,0.5,0.5570499850007283,0.45373131152840906,0.0,,2.15,0.10331867347231927,0.1976574677515659,3,,,0.5885371198526491,2026-10-07T23:00:19+00:00,8478440.0
2026-10-07-late-2300,2026-10-07T23:00:37+00:00,2026020053,2026-10-07,player_points,under:8478463,A. Beauvillier Under 0.5,0.5,0.6746834433892981,0.6440279953754529,0.0,,1.48,0.030655448013845177,-0.001468503783838837,3,,,0.39506425561480046,2026-10-07T23:00:19+00:00,8478463.0
2026-10-07-late-2300,2026-10-07T23:00:37+00:00,2026020053,2026-10-07,player_points,under:8479345,J. Chychrun Under 0.5,0.5,0.5024681730221648,0.4540451369775109,0.0,,2.08,0.04842303604465392,0.04513379988610289,3,,,0.6929812938185027,2026-10-07T23:00:19+00:00,8479345.0
2026-10-07-late-2300,2026-10-07T23:00:37+00:00,2026020053,2026-10-07,player_points,under:8479385,J. Kyrou Under 0.5,0.5,0.6078694043020855,0.5487891126398343,0.0,,1.76,0.05908029166225115,0.0698501515716704,3,,,0.5002814604994231,2026-10-07T23:00:19+00:00,8479385.0
2026-10-07-late-2300,2026-10-07T23:00:37+00:00,2026020053,2026-10-07,player_points,under:8479398,S. Girard Under 0.5,0.5,0.6530925253929311,0.7171696883337237,0.0,,1.33,-0.06407716294079263,-0.13138694122740166,2,,,0.42785670390571734,2026-10-07T23:00:19+00:00,8479398.0
2026-10-07-late-2300,2026-10-07T23:00:37+00:00,2026020053,2026-10-07,player_points,under:8479400,P. Dubois Under 0.5,0.5,0.5319398484326894,0.47179857662465174,0.0,,2.05,0.06014127180803763,0.09047668928701313,3,,,0.6352261314362704,2026-10-07T23:00:19+00:00,8479400.0
2026-10-07-late-2300,2026-10-07T23:00:37+00:00,2026020053,2026-10-07,player_points,under:8479576,V. Desharnais Under 0.5,0.5,0.8043713968046177,0.7571428571429519,0.0,,1.25,0.047228539661665736,0.005464246005772083,1,,,0.21816877622815506,2026-10-07T23:00:19+00:00,8479576.0
2026-10-07-late-2300,2026-10-07T23:00:37+00:00,2026020053,2026-10-07,player_points,under:8480043,T. Liljegren Under 0.5,0.5,0.7632311265566065,0.6750749250749584,0.0,,1.43,0.0881562014816481,0.09142051097594728,2,,,0.27092574222698373,2026-10-07T23:00:19+00:00,8480043.0
2026-10-07-late-2300,2026-10-07T23:00:37+00:00,2026020053,2026-10-07,player_points,under:8480796,M. Fehérváry Under 0.5,0.5,0.6739953626723069,0.7241397943486145,0.0,,1.34,-0.05014443167630761,-0.09684621401910876,3,,,0.39609270593598656,2026-10-07T23:00:19+00:00,8480796.0
2026-10-07-late-2300,2026-10-07T23:00:37+00:00,2026020053,2026-10-07,player_points,under:8480980,C. Dewar Under 0.5,0.5,0.71301504329567,0.7064676616915428,0.0,,1.34,0.0065473816041272115,-0.04455984198380214,1,,,0.3393994939440566,2026-10-07T23:00:19+00:00,8480980.0
2026-10-07-late-2300,2026-10-07T23:00:37+00:00,2026020053,2026-10-07,player_points,under:8481481,B. Lizotte Under 0.5,0.5,0.741776592410585,0.6940359477123974,0.0,,1.36,0.04774064469818756,0.008816165678395715,1,,,0.29960120876391855,2026-10-07T23:00:19+00:00,8481481.0
2026-10-07-late-2300,2026-10-07T23:00:37+00:00,2026020053,2026-10-07,player_points,under:8481527,K. Korczak Under 0.5,0.5,0.7743751537058562,0.805399207838331,0.0,,1.17,-0.031024054132474804,-0.0939810701641483,1,,,0.2563537629800763,2026-10-07T23:00:19+00:00,8481527.0
2026-10-07-late-2300,2026-10-07T23:00:37+00:00,2026020053,2026-10-07,player_points,under:8481582,N. Robertson Under 0.5,0.5,0.7209696654287573,0.695233265720143,0.0,,1.36,0.025736399708614244,-0.01948125501689002,1,,,0.32823087873735335,2026-10-07T23:00:19+00:00,8481582.0
2026-10-07-late-2300,2026-10-07T23:00:37+00:00,2026020053,2026-10-07,player_points,under:8481656,A. Protas Under 0.5,0.5,0.5639813652207638,0.5954969738926501,0.0,,1.61,-0.03151560867188624,-0.09199000199457019,3,,,0.5760268722121846,2026-10-07T23:00:19+00:00,8481656.0
2026-10-07-late-2300,2026-10-07T23:00:37+00:00,2026020053,2026-10-07,player_points,under:8482088,J. Sourdif Under 0.5,0.5,0.6326017845532927,0.6504318946761178,0.0,,1.48,-0.017830110122825038,-0.06374935886112676,3,,,0.4600174166697915,2026-10-07T23:00:19+00:00,8482088.0
2026-10-07-late-2300,2026-10-07T23:00:37+00:00,2026020053,2026-10-07,player_points,under:8482148,H. Lapierre Under 0.5,0.5,0.7376341234912569,0.6778586010018088,0.0,,1.45,0.05977552248944801,0.06956947906232247,2,,,0.3052352560565971,2026-10-07T23:00:19+00:00,8482148.0
2026-10-07-late-2300,2026-10-07T23:00:37+00:00,2026020053,2026-10-07,player_points,under:8482758,V. Koivunen Under 0.5,0.5,0.7484617139298881,0.7043708823851236,0.0,,1.38,0.04409083154476462,0.032877165223245575,3,,,0.29057631567722686,2026-10-07T23:00:19+00:00,8482758.0
2026-10-07-late-2300,2026-10-07T23:00:37+00:00,2026020053,2026-10-07,player_points,under:8483398,D. Carlile Under 0.5,0.5,0.735018159183653,0.7747009304385671,0.0,,1.22,-0.03968277125491418,-0.10327784579594337,1,,,0.3088098001704909,2026-10-07T23:00:19+00:00,8483398.0
2026-10-07-late-2300,2026-10-07T23:00:37+00:00,2026020053,2026-10-07,player_points,under:8484186,R. Leonard Under 0.5,0.5,0.6025095585761644,0.6087938974523524,0.0,,1.57,-0.0062843388761879004,-0.05405999303542186,3,,,0.5092274012068079,2026-10-07T23:00:19+00:00,8484186.0
2026-10-07-late-2300,2026-10-07T23:00:37+00:00,2026020053,2026-10-07,player_points,under:8484873,C. Hutson Under 0.5,0.5,0.6211709318235455,0.5871671933772653,0.0,,1.67,0.034003738446280296,0.03735545614532104,3,,,0.47842337485546776,2026-10-07T23:00:19+00:00,8484873.0
2026-10-07-late-2300,2026-10-07T23:00:37+00:00,2026020053,2026-10-07,player_points,under:8484999,I. Protas Under 0.5,0.5,0.5985659765912265,0.5813030779245778,0.0,,1.67,0.017262898666648707,-0.00039481909265187687,3,,,0.5158614910706683,2026-10-07T23:00:19+00:00,8484999.0
2026-10-07-late-2300,2026-10-07T23:00:37+00:00,2026020053,2026-10-07,player_points,under:8485414,B. Kindel Under 0.5,0.5,0.6469880756648013,0.6273733335280394,0.0,,1.53,0.019614742136761898,-0.010108244232853947,3,,,0.43732890090021687,2026-10-07T23:00:19+00:00,8485414.0
2026-10-07-late-2300,2026-10-07T23:00:37+00:00,2026020053,2026-10-07,player_sog,over:8471214,A. Ovechkin Over 2.5,2.5,0.47201562154858956,0.5336763974363407,0.0,,1.86,-0.061660775887751096,-0.1220509439196234,4,,,2.6210275650296797,2026-10-07T23:00:19+00:00,8471214.0
2026-10-07-late-2300,2026-10-07T23:00:37+00:00,2026020053,2026-10-07,player_sog,over:8471215,E. Malkin Over 1.5,1.5,0.6548100303767945,0.5893478835508004,0.0,,1.65,0.06546214682599416,0.08043655012171091,5,,,2.3525841276517556,2026-10-07T23:00:19+00:00,8471215.0
2026-10-07-late-2300,2026-10-07T23:00:37+00:00,2026020053,2026-10-07,player_sog,over:8471675,S. Crosby Over 2.5,2.5,0.41336675201747153,0.42527287503964484,0.0,,2.35,-0.01190612302217331,-0.028588132758941898,5,,,2.368370516715464,2026-10-07T23:00:19+00:00,8471675.0
2026-10-07-late-2300,2026-10-07T23:00:37+00:00,2026020053,2026-10-07,player_sog,over:8471724,K. Letang Over 1.5,1.5,0.35888231482708355,0.4633271111939778,0.0,,2.0,-0.10444479636689424,-0.2822353703458329,3,,,1.2734223691158064,2026-10-07T23:00:19+00:00,8471724.0
2026-10-07-late-2300,2026-10-07T23:00:37+00:00,2026020053,2026-10-07,player_sog,over:8474578,E. Karlsson Over 2.5,2.5,0.3272405652424115,0.4014220911529688,0.0,,2.4,-0.07418152591055727,-0.2146226434182124,5,,,2.017590483655558,2026-10-07T23:00:19+00:00,8474578.0
2026-10-07-late-2300,2026-10-07T23:00:37+00:00,2026020053,2026-10-07,player_sog,over:8476432,B. Jenner Over 1.5,1.5,0.579118150638853,0.4787251624852847,0.0,,1.98,0.10039298815356829,0.1466539382649289,3,,,2.0208629417425557,2026-10-07T23:00:19+00:00,8476432.0
2026-10-07-late-2300,2026-10-07T23:00:37+00:00,2026020053,2026-10-07,player_sog,over:8476483,R. Rakell Over 2.5,2.5,0.4401997771051718,0.44440291486340816,0.0,,2.15,-0.004203137758236386,-0.053570479223880696,5,,,2.4821431928789446,2026-10-07T23:00:19+00:00,8476483.0
2026-10-07-late-2300,2026-10-07T23:00:37+00:00,2026020053,2026-10-07,player_sog,over:8476880,T. Wilson Over 1.5,1.5,0.5514946896888651,0.6216799351838382,0.0,,1.51,-0.07018524549497318,-0.16724301856981377,2,,,1.912650052589553,2026-10-07T23:00:19+00:00,8476880.0
2026-10-07-late-2300,2026-10-07T23:00:37+00:00,2026020053,2026-10-07,player_sog,over:8477949,A. Tuch Over 2.5,2.5,0.43282062721450365,0.4582569673207136,0.0,,2.1,-0.02543634010620993,-0.09107668284954229,3,,,2.450575629278491,2026-10-07T23:00:19+00:00,8477949.0
2026-10-07-late-2300,2026-10-07T23:00:37+00:00,2026020053,2026-10-07,player_sog,over:8478438,T. Novak Over 1.5,1.5,0.49196360164913666,0.5045241908484712,0.0,,1.87,-0.01256058919933456,-0.08002806491611442,3,,,1.6967828026399487,2026-10-07T23:00:19+00:00,8478438.0
2026-10-07-late-2300,2026-10-07T23:00:37+00:00,2026020053,2026-10-07,player_sog,over:8478440,D. Strome Over 1.5,1.5,0.43047421150499265,0.5340072541945708,0.0,,1.78,-0.10353304268957819,-0.23375590352111308,4,,,1.493091230419583,2026-10-07T23:00:19+00:00,8478440.0
2026-10-07-late-2300,2026-10-07T23:00:37+00:00,2026020053,2026-10-07,player_sog,over:8478463,A. Beauvillier Over 1.5,1.5,0.46173241683915967,0.4828879708792179,0.0,,2.0,-0.021155554040058255,-0.07653516632168067,3,,,1.5945576419051974,2026-10-07T23:00:19+00:00,8478463.0
2026-10-07-late-2300,2026-10-07T23:00:37+00:00,2026020053,2026-10-07,player_sog,over:8479345,J. Chychrun Over 2.5,2.5,0.27028022339591873,0.47139747838451024,0.0,,2.1,-0.2011172549885915,-0.43241153086857065,4,,,1.7915340641353832,2026-10-07T23:00:19+00:00,8479345.0
2026-10-07-late-2300,2026-10-07T23:00:37+00:00,2026020053,2026-10-07,player_sog,over:8479385,J. Kyrou Over 1.5,1.5,0.5150680663616788,0.58929821362922,0.0,,1.65,-0.07423014726754118,-0.15013769050323006,3,,,1.7780533528647275,2026-10-07T23:00:19+00:00,8479385.0
2026-10-07-late-2300,2026-10-07T23:00:37+00:00,2026020053,2026-10-07,player_sog,over:8479400,P. Dubois Over 1.5,1.5,0.3801316106954463,0.5183249000588079,0.0,,1.88,-0.13819328936336162,-0.28535257189256097,4,,,1.3370585707809899,2026-10-07T23:00:19+00:00,8479400.0
2026-10-07-late-2300,2026-10-07T23:00:37+00:00,2026020053,2026-10-07,player_sog,over:8480980,C. Dewar Over 1.5,1.5,0.36331719677618646,0.45056766600501963,0.0,,2.13,-0.08725046922883317,-0.2261343708667229,2,,,1.2866101027066033,2026-10-07T23:00:19+00:00,8480980.0
2026-10-07-late-2300,2026-10-07T23:00:37+00:00,2026020053,2026-10-07,player_sog,over:8481582,N. Robertson Over 1.5,1.5,0.43908448747764406,0.43541436827720575,0.0,,2.18,0.0036701192004383043,-0.04279581729873583,2,,,1.5206507447252184,2026-10-07T23:00:19+00:00,8481582.0
2026-10-07-late-2300,2026-10-07T23:00:37+00:00,2026020053,2026-10-07,player_sog,over:8481656,A. Protas Over 1.5,1.5,0.5035038720160007,0.4556038289583377,0.0,,2.1,0.04790004305766299,0.05735813123360145,3,,,1.7370104658049534,2026-10-07T23:00:19+00:00,8481656.0
2026-10-07-late-2300,2026-10-07T23:00:37+00:00,2026020053,2026-10-07,player_sog,over:8482088,J. Sourdif Over 1.5,1.5,0.3222956394689357,0.4040902287862609,0.0,,2.36,-0.0817945893173252,-0.2393822908533118,3,,,1.166252152101476,2026-10-07T23:00:19+00:00,8482088.0
2026-10-07-late-2300,2026-10-07T23:00:37+00:00,2026020053,2026-10-07,player_sog,over:8484186,R. Leonard Over 1.5,1.5,0.587862989008798,0.5276602107230922,0.0,,1.87,0.06020277828570575,0.09930378944645224,3,,,2.0563753914319736,2026-10-07T23:00:19+00:00,8484186.0
2026-10-07-late-2300,2026-10-07T23:00:37+00:00,2026020053,2026-10-07,player_sog,over:8484873,C. Hutson Over 1.5,1.5,0.42064996058270765,0.509506103710695,0.0,,1.9,-0.0888561431279874,-0.2007650748928555,4,,,1.4619818797701514,2026-10-07T23:00:19+00:00,8484873.0
2026-10-07-late-2300,2026-10-07T23:00:37+00:00,2026020053,2026-10-07,player_sog,over:8484999,I. Protas Over 1.5,1.5,0.3907818849392728,0.3801592666734331,0.0,,2.46,0.010622618265839712,-0.038676563049388935,3,,,1.3694080982552495,2026-10-07T23:00:19+00:00,8484999.0
2026-10-07-late-2300,2026-10-07T23:00:37+00:00,2026020053,2026-10-07,player_sog,over:8485414,B. Kindel Over 1.5,1.5,0.4782665930571328,0.5876322933813688,0.0,,1.63,-0.10936570032423598,-0.22042545331687358,5,,,1.6499256034795522,2026-10-07T23:00:19+00:00,8485414.0
2026-10-07-late-2300,2026-10-07T23:00:37+00:00,2026020053,2026-10-07,player_sog,under:8471214,A. Ovechkin Under 2.5,2.5,0.5279843784514104,0.46632360256365935,0.0,,2.1,0.061660775887751096,0.10876719474796193,4,,,2.6210275650296797,2026-10-07T23:00:19+00:00,8471214.0
2026-10-07-late-2300,2026-10-07T23:00:37+00:00,2026020053,2026-10-07,player_sog,under:8471215,E. Malkin Under 1.5,1.5,0.3451899696232055,0.41065211644919963,0.0,,2.3,-0.06546214682599416,-0.20606306986662748,5,,,2.3525841276517556,2026-10-07T23:00:19+00:00,8471215.0
2026-10-07-late-2300,2026-10-07T23:00:37+00:00,2026020053,2026-10-07,player_sog,under:8471675,S. Crosby Under 2.5,2.5,0.5866332479825285,0.5747271249603552,0.0,,1.74,0.01190612302217331,0.02074185148959956,5,,,2.368370516715464,2026-10-07T23:00:19+00:00,8471675.0
2026-10-07-late-2300,2026-10-07T23:00:37+00:00,2026020053,2026-10-07,player_sog,under:8471724,K. Letang Under 1.5,1.5,0.6411176851729165,0.5366728888060222,0.0,,1.79,0.10444479636689424,0.14760065645952047,3,,,1.2734223691158064,2026-10-07T23:00:19+00:00,8471724.0
2026-10-07-late-2300,2026-10-07T23:00:37+00:00,2026020053,2026-10-07,player_sog,under:8474578,E. Karlsson Under 2.5,2.5,0.6727594347575885,0.5985779088470312,0.0,,1.65,0.07418152591055727,0.11005306735002096,5,,,2.017590483655558,2026-10-07T23:00:19+00:00,8474578.0
2026-10-07-late-2300,2026-10-07T23:00:37+00:00,2026020053,2026-10-07,player_sog,under:8476432,B. Jenner Under 1.5,1.5,0.42088184936114703,0.5212748375147154,0.0,,1.83,-0.10039298815356829,-0.2297862156691009,3,,,2.0208629417425557,2026-10-07T23:00:19+00:00,8476432.0
2026-10-07-late-2300,2026-10-07T23:00:37+00:00,2026020053,2026-10-07,player_sog,under:8476483,R. Rakell Under 2.5,2.5,0.5598002228948282,0.5555970851365919,0.0,,1.74,0.004203137758236386,-0.0259476121629989,5,,,2.4821431928789446,2026-10-07T23:00:19+00:00,8476483.0
2026-10-07-late-2300,2026-10-07T23:00:37+00:00,2026020053,2026-10-07,player_sog,under:8476880,T. Wilson Under 1.5,1.5,0.44850531031113494,0.37832006481616176,0.0,,2.4,0.07018524549497318,0.07641274474672377,2,,,1.912650052589553,2026-10-07T23:00:19+00:00,8476880.0
2026-10-07-late-2300,2026-10-07T23:00:37+00:00,2026020053,2026-10-07,player_sog,under:8477949,A. Tuch Under 2.5,2.5,0.5671793727854963,0.5417430326792865,0.0,,1.83,0.02543634010620993,0.03793825219745833,3,,,2.450575629278491,2026-10-07T23:00:19+00:00,8477949.0
2026-10-07-late-2300,2026-10-07T23:00:37+00:00,2026020053,2026-10-07,player_sog,under:8478438,T. Novak Under 1.5,1.5,0.5080363983508633,0.4954758091515288,0.0,,1.97,0.01256058919933456,0.0008317047512007569,3,,,1.6967828026399487,2026-10-07T23:00:19+00:00,8478438.0
2026-10-07-late-2300,2026-10-07T23:00:37+00:00,2026020053,2026-10-07,player_sog,under:8478440,D. Strome Under 1.5,1.5,0.5695257884950073,0.46599274580542915,0.0,,2.05,0.10353304268957819,0.16752786641476491,4,,,1.493091230419583,2026-10-07T23:00:19+00:00,8478440.0
2026-10-07-late-2300,2026-10-07T23:00:37+00:00,2026020053,2026-10-07,player_sog,under:8478463,A. Beauvillier Under 1.5,1.5,0.5382675831608403,0.517112029120782,0.0,,1.87,0.021155554040058255,0.0065603805107714575,3,,,1.5945576419051974,2026-10-07T23:00:19+00:00,8478463.0
2026-10-07-late-2300,2026-10-07T23:00:37+00:00,2026020053,2026-10-07,player_sog,under:8479345,J. Chychrun Under 2.5,2.5,0.7297197766040813,0.5286025216154897,0.0,,1.83,0.2011172549885915,0.3353871911854688,4,,,1.7915340641353832,2026-10-07T23:00:19+00:00,8479345.0
2026-10-07-late-2300,2026-10-07T23:00:37+00:00,2026020053,2026-10-07,player_sog,under:8479385,J. Kyrou Under 1.5,1.5,0.4849319336383212,0.41070178637078003,0.0,,2.32,0.07423014726754118,0.12504208604090516,3,,,1.7780533528647275,2026-10-07T23:00:19+00:00,8479385.0
2026-10-07-late-2300,2026-10-07T23:00:37+00:00,2026020053,2026-10-07,player_sog,under:8479400,P. Dubois Under 1.5,1.5,0.6198683893045537,0.48167509994119206,0.0,,2.0,0.13819328936336162,0.23973677860910736,4,,,1.3370585707809899,2026-10-07T23:00:19+00:00,8479400.0
2026-10-07-late-2300,2026-10-07T23:00:37+00:00,2026020053,2026-10-07,player_sog,under:8480980,C. Dewar Under 1.5,1.5,0.6366828032238135,0.5494323339949804,0.0,,1.71,0.08725046922883317,0.08872759351272114,2,,,1.2866101027066033,2026-10-07T23:00:19+00:00,8480980.0
2026-10-07-late-2300,2026-10-07T23:00:37+00:00,2026020053,2026-10-07,player_sog,under:8481582,N. Robertson Under 1.5,1.5,0.5609155125223559,0.5645856317227942,0.0,,1.67,-0.0036701192004383043,-0.06327109408766562,2,,,1.5206507447252184,2026-10-07T23:00:19+00:00,8481582.0
2026-10-07-late-2300,2026-10-07T23:00:37+00:00,2026020053,2026-10-07,player_sog,under:8481656,A. Protas Under 1.5,1.5,0.49649612798399934,0.5443961710416623,0.0,,1.77,-0.04790004305766299,-0.12120185346832119,3,,,1.7370104658049534,2026-10-07T23:00:19+00:00,8481656.0
2026-10-07-late-2300,2026-10-07T23:00:37+00:00,2026020053,2026-10-07,player_sog,under:8482088,J. Sourdif Under 1.5,1.5,0.6777043605310643,0.5959097712137391,0.0,,1.61,0.0817945893173252,0.09110402045501359,3,,,1.166252152101476,2026-10-07T23:00:19+00:00,8482088.0
2026-10-07-late-2300,2026-10-07T23:00:37+00:00,2026020053,2026-10-07,player_sog,under:8484186,R. Leonard Under 1.5,1.5,0.41213701099120204,0.4723397892769078,0.0,,2.1,-0.06020277828570575,-0.13451227691847567,3,,,2.0563753914319736,2026-10-07T23:00:19+00:00,8484186.0
2026-10-07-late-2300,2026-10-07T23:00:37+00:00,2026020053,2026-10-07,player_sog,under:8484873,C. Hutson Under 1.5,1.5,0.5793500394172924,0.49049389628930495,0.0,,1.95,0.0888561431279874,0.12973257686372008,4,,,1.4619818797701514,2026-10-07T23:00:19+00:00,8484873.0
2026-10-07-late-2300,2026-10-07T23:00:37+00:00,2026020053,2026-10-07,player_sog,under:8484999,I. Protas Under 1.5,1.5,0.6092181150607272,0.619840733326567,0.0,,1.53,-0.010622618265839712,-0.06789628395708736,3,,,1.3694080982552495,2026-10-07T23:00:19+00:00,8484999.0
2026-10-07-late-2300,2026-10-07T23:00:37+00:00,2026020053,2026-10-07,player_sog,under:8485414,B. Kindel Under 1.5,1.5,0.5217334069428672,0.4123677066186312,0.0,,2.3,0.10936570032423598,0.19998683596859446,5,,,1.6499256034795522,2026-10-07T23:00:19+00:00,8485414.0
2026-10-07-late-2300,2026-10-07T23:00:37+00:00,2026020053,2026-10-07,spreads,away,PIT +1.5,1.5,0.7315572232016468,0.6197180755652321,0.0,,1.59,0.11183914763641478,0.16317598489061852,9,2.933362744436111,3.1529762237403998,6.199692318334752,2026-10-07T23:00:19+00:00,
2026-10-07-late-2300,2026-10-07T23:00:37+00:00,2026020053,2026-10-07,spreads,home,WSH -1.5,-1.5,0.26844277679835316,0.3802819244347679,0.0,,2.55,-0.11183914763641473,-0.3154709191641995,9,2.933362744436111,3.1529762237403998,6.199692318334752,2026-10-07T23:00:19+00:00,
2026-10-07-late-2300,2026-10-07T23:00:37+00:00,2026020053,2026-10-07,totals,over,Over 6.5,6.5,0.4553069439115791,0.5059089189964878,0.0,,1.91,-0.05060197508490871,-0.13036373712888394,9,2.933362744436111,3.1529762237403998,6.199692318334752,2026-10-07T23:00:19+00:00,
2026-10-07-late-2300,2026-10-07T23:00:37+00:00,2026020053,2026-10-07,totals,under,Under 6.5,6.5,0.5446930560884209,0.4940910810035122,0.0,,1.97,0.05060197508490871,0.0730453204941891,9,2.933362744436111,3.1529762237403998,6.199692318334752,2026-10-07T23:00:19+00:00,
2026-10-07-late-2300,2026-10-07T23:00:37+00:00,2026020054,2026-10-07,player_assists,over:8475172,N. Kadri Over 0.5,0.5,0.27711287212318836,0.3718520520791056,0.0,,2.45,-0.09473917995591724,-0.3210734632981885,2,,,0.32555748378919575,2026-10-07T23:00:19+00:00,8475172.0
2026-10-07-late-2300,2026-10-07T23:00:37+00:00,2026020054,2026-10-07,player_assists,over:8475754,B. Nelson Over 0.5,0.5,0.38800427291631767,0.2923327816053402,0.0,,3.2,0.09567149131097746,0.24161367333221662,2,,,0.49344899502677175,2026-10-07T23:00:19+00:00,8475754.0
2026-10-07-late-2300,2026-10-07T23:00:37+00:00,2026020054,2026-10-07,player_assists,over:8475768,J. Schwartz Over 0.5,0.5,0.2798059014710147,0.2774621212121552,0.0,,3.2,0.002343780258859507,-0.10462111529275298,1,,,0.3293142624541716,2026-10-07T23:00:19+00:00,8475768.0
2026-10-07-late-2300,2026-10-07T23:00:37+00:00,2026020054,2026-10-07,player_assists,over:8476312,J. Manson Over 0.5,0.5,0.2323894847858209,0.23650793650798818,0.0,,3.75,-0.004118451722167293,-0.12853943205317164,1,,,0.2651735097117966,2026-10-07T23:00:19+00:00,8476312.0
2026-10-07-late-2300,2026-10-07T23:00:37+00:00,2026020054,2026-10-07,player_assists,over:8476392,A. Lowry Over 0.5,0.5,0.24882538585492353,0.2121151539384131,0.0,,4.1,0.03671023191651043,0.0201840820051864,1,,,0.2869373393352548,2026-10-07T23:00:19+00:00,8476392.0
2026-10-07-late-2300,2026-10-07T23:00:37+00:00,2026020054,2026-10-07,player_assists,over:8476455,G. Landeskog Over 0.5,0.5,0.2609194831866354,0.29222168081418587,0.0,,3.1,-0.03130219762755049,-0.19114960212143028,2,,,0.30326440123337906,2026-10-07T23:00:19+00:00,8476455.0
2026-10-07-late-2300,2026-10-07T23:00:37+00:00,2026020054,2026-10-07,player_assists,over:8476460,M. Scheifele Over 0.5,0.5,0.4766258930518251,0.4755998695785614,0.0,,2.0,0.0010260234732637485,-0.046748213896349755,2,,,0.6516689426146531,2026-10-07T23:00:19+00:00,8476460.0
2026-10-07-late-2300,2026-10-07T23:00:37+00:00,2026020054,2026-10-07,player_assists,over:8477476,A. Lehkonen Over 0.5,0.5,0.3097817692175775,0.31927537195530364,0.0,,3.2,-0.009493602737726148,-0.008698338503752012,2,,,0.37212539533312367,2026-10-07T23:00:19+00:00,8477476.0
2026-10-07-late-2300,2026-10-07T23:00:37+00:00,2026020054,2026-10-07,player_assists,over:8477492,N. MacKinnon Over 0.5,0.5,0.4873232348852705,0.607515441696749,0.0,,1.56,-0.12019220681147846,-0.23977575357897796,2,,,0.6725933741028851,2026-10-07T23:00:19+00:00,8477492.0
2026-10-07-late-2300,2026-10-07T23:00:37+00:00,2026020054,2026-10-07,player_assists,over:8477504,J. Morrissey Over 0.5,0.5,0.37946148935465207,0.43078182246458446,0.0,,2.3,-0.05132033310993239,-0.12723857448430032,2,,,0.4794517620397327,2026-10-07T23:00:19+00:00,8477504.0
2026-10-07-late-2300,2026-10-07T23:00:37+00:00,2026020054,2026-10-07,player_assists,over:8478038,D. Toews Over 0.5,0.5,0.34676253496710097,0.3644944464272052,0.0,,2.55,-0.01773191146010422,-0.11575553583389264,2,,,0.4276329019794158,2026-10-07T23:00:19+00:00,8478038.0
2026-10-07-late-2300,2026-10-07T23:00:37+00:00,2026020054,2026-10-07,player_assists,over:8478398,K. Connor Over 0.5,0.5,0.4207782310149827,0.4240792942343228,0.0,,2.2,-0.0033010632193400946,-0.07428789176703798,2,,,0.5490626621905457,2026-10-07T23:00:19+00:00,8478398.0
2026-10-07-late-2300,2026-10-07T23:00:37+00:00,2026020054,2026-10-07,player_assists,over:8480014,G. Vilardi Over 0.5,0.5,0.35063570634931185,0.3157617619761705,0.0,,2.9,0.03487394437314134,0.016843548413004283,2,,,0.4336309610022338,2026-10-07T23:00:19+00:00,8480014.0
2026-10-07-late-2300,2026-10-07T23:00:37+00:00,2026020054,2026-10-07,player_assists,over:8480039,M. Necas Over 0.5,0.5,0.4974768156907494,0.5073158401460746,0.0,,1.91,-0.00983902445532514,-0.049819282030668655,2,,,0.692870300501931,2026-10-07T23:00:19+00:00,8480039.0
2026-10-07-late-2300,2026-10-07T23:00:37+00:00,2026020054,2026-10-07,player_assists,over:8480069,C. Makar Over 0.5,0.5,0.4258281410715269,0.5647997542109406,0.0,,1.74,-0.13897161313941375,-0.25905903453554324,2,,,0.5579162642667529,2026-10-07T23:00:19+00:00,8480069.0
2026-10-07-late-2300,2026-10-07T23:00:37+00:00,2026020054,2026-10-07,player_assists,over:8480113,A. Iafallo Over 0.5,0.5,0.24456657349873934,0.1746903889760533,0.0,,4.9,0.06987618452268604,0.19837621014382278,1,,,0.2812516908472408,2026-10-07T23:00:19+00:00,8480113.0
2026-10-07-late-2300,2026-10-07T23:00:37+00:00,2026020054,2026-10-07,player_assists,over:8480289,M. Barron Over 0.5,0.5,0.19168425420573698,0.1604554865424443,0.0,,5.25,0.03122876766329269,0.006342334580119124,1,,,0.21325601456435578,2026-10-07T23:00:19+00:00,8480289.0
2026-10-07-late-2300,2026-10-07T23:00:37+00:00,2026020054,2026-10-07,player_assists,over:8482149,C. Perfetti Over 0.5,0.5,0.29378017330327577,0.34150747081780336,0.0,,2.7,-0.04772729751452759,-0.20679353208115536,2,,,0.34904137923705625,2026-10-07T23:00:19+00:00,8482149.0
2026-10-07-late-2300,2026-10-07T23:00:37+00:00,2026020054,2026-10-07,player_assists,over:8484258,S. Malinski Over 0.5,0.5,0.24631193488737457,0.22335647202933934,0.0,,3.95,0.022955462858035236,-0.02706785719487037,1,,,0.28357783953334414,2026-10-07T23:00:19+00:00,8484258.0
2026-10-07-late-2300,2026-10-07T23:00:37+00:00,2026020054,2026-10-07,player_assists,under:8475172,N. Kadri Under 0.5,0.5,0.7228871278768116,0.6281479479208945,0.0,,1.51,0.09473917995591724,0.09155956309398561,2,,,0.32555748378919575,2026-10-07T23:00:19+00:00,8475172.0
2026-10-07-late-2300,2026-10-07T23:00:37+00:00,2026020054,2026-10-07,player_assists,under:8475754,B. Nelson Under 0.5,0.5,0.6119957270836823,0.7076672183946597,0.0,,1.38,-0.09567149131097746,-0.15544589662451846,2,,,0.49344899502677175,2026-10-07T23:00:19+00:00,8475754.0
2026-10-07-late-2300,2026-10-07T23:00:37+00:00,2026020054,2026-10-07,player_assists,under:8475768,J. Schwartz Under 0.5,0.5,0.7201940985289853,0.7225378787878448,0.0,,1.32,-0.002343780258859507,-0.04934378994173935,1,,,0.3293142624541716,2026-10-07T23:00:19+00:00,8475768.0
2026-10-07-late-2300,2026-10-07T23:00:37+00:00,2026020054,2026-10-07,player_assists,under:8476312,J. Manson Under 0.5,0.5,0.7676105152141791,0.7634920634920118,0.0,,1.26,0.004118451722167293,-0.03281075083013432,1,,,0.2651735097117966,2026-10-07T23:00:19+00:00,8476312.0
2026-10-07-late-2300,2026-10-07T23:00:37+00:00,2026020054,2026-10-07,player_assists,under:8476392,A. Lowry Under 0.5,0.5,0.7511746141450765,0.7878848460615869,0.0,,1.22,-0.03671023191651043,-0.08356697074300673,1,,,0.2869373393352548,2026-10-07T23:00:19+00:00,8476392.0
2026-10-07-late-2300,2026-10-07T23:00:37+00:00,2026020054,2026-10-07,player_assists,under:8476455,G. Landeskog Under 0.5,0.5,0.7390805168133646,0.7077783191858141,0.0,,1.36,0.03130219762755049,0.005149502866175937,2,,,0.30326440123337906,2026-10-07T23:00:19+00:00,8476455.0
2026-10-07-late-2300,2026-10-07T23:00:37+00:00,2026020054,2026-10-07,player_assists,under:8476460,M. Scheifele Under 0.5,0.5,0.5233741069481749,0.5244001304214386,0.0,,1.83,-0.0010260234732637485,-0.04222538428483996,2,,,0.6516689426146531,2026-10-07T23:00:19+00:00,8476460.0
2026-10-07-late-2300,2026-10-07T23:00:37+00:00,2026020054,2026-10-07,player_assists,under:8477476,A. Lehkonen Under 0.5,0.5,0.6902182307824225,0.6807246280446964,0.0,,1.48,0.009493602737726148,0.021522981557985266,2,,,0.37212539533312367,2026-10-07T23:00:19+00:00,8477476.0
2026-10-07-late-2300,2026-10-07T23:00:37+00:00,2026020054,2026-10-07,player_assists,under:8477492,N. MacKinnon Under 0.5,0.5,0.5126767651147295,0.392484558303251,0.0,,2.35,0.12019220681147846,0.2047903980196143,2,,,0.6725933741028851,2026-10-07T23:00:19+00:00,8477492.0
2026-10-07-late-2300,2026-10-07T23:00:37+00:00,2026020054,2026-10-07,player_assists,under:8477504,J. Morrissey Under 0.5,0.5,0.6205385106453479,0.5692181775354155,0.0,,1.74,0.05132033310993239,0.07973700852290538,2,,,0.4794517620397327,2026-10-07T23:00:19+00:00,8477504.0
2026-10-07-late-2300,2026-10-07T23:00:37+00:00,2026020054,2026-10-07,player_assists,under:8478038,D. Toews Under 0.5,0.5,0.653237465032899,0.6355055535727948,0.0,,1.5,0.01773191146010422,-0.02014380245065145,2,,,0.4276329019794158,2026-10-07T23:00:19+00:00,8478038.0
2026-10-07-late-2300,2026-10-07T23:00:37+00:00,2026020054,2026-10-07,player_assists,under:8478398,K. Connor Under 0.5,0.5,0.5792217689850173,0.5759207057656772,0.0,,1.65,0.0033010632193400946,-0.04428408117472149,2,,,0.5490626621905457,2026-10-07T23:00:19+00:00,8478398.0
2026-10-07-late-2300,2026-10-07T23:00:37+00:00,2026020054,2026-10-07,player_assists,under:8480014,G. Vilardi Under 0.5,0.5,0.6493642936506882,0.6842382380238294,0.0,,1.4,-0.03487394437314134,-0.09088998888903665,2,,,0.4336309610022338,2026-10-07T23:00:19+00:00,8480014.0
2026-10-07-late-2300,2026-10-07T23:00:37+00:00,2026020054,2026-10-07,player_assists,under:8480039,M. Necas Under 0.5,0.5,0.5025231843092506,0.49268415985392544,0.0,,1.95,0.00983902445532514,-0.02007979059696141,2,,,0.692870300501931,2026-10-07T23:00:19+00:00,8480039.0
2026-10-07-late-2300,2026-10-07T23:00:37+00:00,2026020054,2026-10-07,player_assists,under:8480069,C. Makar Under 0.5,0.5,0.5741718589284731,0.43520024578905936,0.0,,2.25,0.13897161313941375,0.2918866825890645,2,,,0.5579162642667529,2026-10-07T23:00:19+00:00,8480069.0
2026-10-07-late-2300,2026-10-07T23:00:37+00:00,2026020054,2026-10-07,player_assists,under:8480113,A. Iafallo Under 0.5,0.5,0.7554334265012607,0.8253096110239467,0.0,,1.17,-0.06987618452268604,-0.11614289099352507,1,,,0.2812516908472408,2026-10-07T23:00:19+00:00,8480113.0
2026-10-07-late-2300,2026-10-07T23:00:37+00:00,2026020054,2026-10-07,player_assists,under:8480289,M. Barron Under 0.5,0.5,0.808315745794263,0.8395445134575557,0.0,,1.15,-0.03122876766329269,-0.0704368923365976,1,,,0.21325601456435578,2026-10-07T23:00:19+00:00,8480289.0
2026-10-07-late-2300,2026-10-07T23:00:37+00:00,2026020054,2026-10-07,player_assists,under:8482149,C. Perfetti Under 0.5,0.5,0.7062198266967242,0.6584925291821966,0.0,,1.45,0.04772729751452759,0.024018748710250115,2,,,0.34904137923705625,2026-10-07T23:00:19+00:00,8482149.0
2026-10-07-late-2300,2026-10-07T23:00:37+00:00,2026020054,2026-10-07,player_assists,under:8484258,S. Malinski Under 0.5,0.5,0.7536880651126254,0.7766435279706607,0.0,,1.24,-0.022955462858035236,-0.06542679926034448,1,,,0.28357783953334414,2026-10-07T23:00:19+00:00,8484258.0
2026-10-07-late-2300,2026-10-07T23:00:37+00:00,2026020054,2026-10-07,player_goals,over:8470613,B. Burns to score (anytime),0.5,0.11436366960159361,0.09531114671301587,0.0,,12.0,0.01905252288857774,0.3723640352191232,5,,,0.12181836820507083,2026-10-07T23:00:19+00:00,8470613.0
2026-10-07-late-2300,2026-10-07T23:00:37+00:00,2026020054,2026-10-07,player_goals,over:8475172,N. Kadri to score (anytime),0.5,0.1780094065244906,0.28076924278565396,0.0,,3.45,-0.10275983626116336,-0.3858675474905074,5,,,0.19699013175495472,2026-10-07T23:00:19+00:00,8475172.0
2026-10-07-late-2300,2026-10-07T23:00:37+00:00,2026020054,2026-10-07,player_goals,over:8475754,B. Nelson to score (anytime),0.5,0.22237135109712192,0.2849747081857557,0.0,,3.35,-0.0626033570886338,-0.2550559738246415,5,,,0.25309421749175265,2026-10-07T23:00:19+00:00,8475754.0
2026-10-07-late-2300,2026-10-07T23:00:37+00:00,2026020054,2026-10-07,player_goals,over:8475768,J. Schwartz to score (anytime),0.5,0.13700504308081318,0.19755783909460228,0.0,,5.0,-0.0605527960137891,-0.3149747845959341,5,,,0.14789054124036732,2026-10-07T23:00:19+00:00,8475768.0
2026-10-07-late-2300,2026-10-07T23:00:37+00:00,2026020054,2026-10-07,player_goals,over:8475799,N. Niederreiter to score (anytime),0.5,0.09119811057246607,0.16992353440951571,0.0,,5.5,-0.07872542383704964,-0.4984103918514366,1,,,0.0958571353769718,2026-10-07T23:00:19+00:00,8475799.0
2026-10-07-late-2300,2026-10-07T23:00:37+00:00,2026020054,2026-10-07,player_goals,over:8476312,J. Manson to score (anytime),0.5,0.10480203407789068,0.07257494923505745,0.0,,16.0,0.03222708484283324,0.676832545246251,5,,,0.11101738015742486,2026-10-07T23:00:19+00:00,8476312.0
2026-10-07-late-2300,2026-10-07T23:00:37+00:00,2026020054,2026-10-07,player_goals,over:8476331,D. DeMelo to score (anytime),0.5,0.11466735271409256,0.06733486221926951,0.0,,22.0,0.04733249049482305,1.5226817597100362,5,,,0.1221634170998085,2026-10-07T23:00:19+00:00,8476331.0
2026-10-07-late-2300,2026-10-07T23:00:37+00:00,2026020054,2026-10-07,player_goals,over:8476392,A. Lowry to score (anytime),0.5,0.13947110349326441,0.14296288688812053,0.0,,7.0,-0.0034917833948561183,-0.0237022755471491,5,,,0.1507735592985229,2026-10-07T23:00:19+00:00,8476392.0
2026-10-07-late-2300,2026-10-07T23:00:37+00:00,2026020054,2026-10-07,player_goals,over:8476455,G. Landeskog to score (anytime),0.5,0.2420669491083115,0.24409235624188894,0.0,,3.9,-0.0020254071335774337,-0.05593889847758515,5,,,0.2790895673003782,2026-10-07T23:00:19+00:00,8476455.0
2026-10-07-late-2300,2026-10-07T23:00:37+00:00,2026020054,2026-10-07,player_goals,over:8476460,M. Scheifele to score (anytime),0.5,0.2632515243364911,0.29453939689091935,0.0,,3.25,-0.03128787255442822,-0.14443254590640386,5,,,0.3078540426073183,2026-10-07T23:00:19+00:00,8476460.0
2026-10-07-late-2300,2026-10-07T23:00:37+00:00,2026020054,2026-10-07,player_goals,over:8476480,V. Namestnikov to score (anytime),0.5,0.09090632713179514,0.14051910062222664,0.0,,7.5,-0.0496127734904315,-0.31820254651153645,5,,,0.09553458707150751,2026-10-07T23:00:19+00:00,8476480.0
2026-10-07-late-2300,2026-10-07T23:00:37+00:00,2026020054,2026-10-07,player_goals,over:8476967,B. Kulak to score (anytime),0.5,0.04125347066743412,0.0721528912724984,0.0,,19.0,-0.030899420605064273,-0.21618405731875168,4,,,0.042172947830391605,2026-10-07T23:00:19+00:00,8476967.0
2026-10-07-late-2300,2026-10-07T23:00:37+00:00,2026020054,2026-10-07,player_goals,over:8477476,A. Lehkonen to score (anytime),0.5,0.27903133845167016,0.27435721558149073,0.0,,3.6,0.004674122870179431,0.004512818426012588,5,,,0.32985009341002614,2026-10-07T23:00:19+00:00,8477476.0
2026-10-07-late-2300,2026-10-07T23:00:37+00:00,2026020054,2026-10-07,player_goals,over:8477492,N. MacKinnon to score (anytime),0.5,0.36767758916241666,0.4357092334535384,0.0,,2.2,-0.06803164429112174,-0.19110930384268326,5,,,0.4636484780896557,2026-10-07T23:00:19+00:00,8477492.0
2026-10-07-late-2300,2026-10-07T23:00:37+00:00,2026020054,2026-10-07,player_goals,over:8477504,J. Morrissey to score (anytime),0.5,0.1623267999570942,0.1399198931909212,0.0,,7.0,0.02240690676617299,0.13628759969965942,5,,,0.1779139026744974,2026-10-07T23:00:19+00:00,8477504.0
2026-10-07-late-2300,2026-10-07T23:00:37+00:00,2026020054,2026-10-07,player_goals,over:8478038,D. Toews to score (anytime),0.5,0.12052805764875885,0.12270681896850122,0.0,,8.0,-0.0021787613197423727,-0.03577553880992923,5,,,0.128846881124332,2026-10-07T23:00:19+00:00,8478038.0
2026-10-07-late-2300,2026-10-07T23:00:37+00:00,2026020054,2026-10-07,player_goals,over:8478398,K. Connor to score (anytime),0.5,0.3719111331045136,0.3615301231816099,0.0,,2.65,0.01038100992290375,-0.014435497273038944,5,,,0.47052310969974676,2026-10-07T23:00:19+00:00,8478398.0
2026-10-07-late-2300,2026-10-07T23:00:37+00:00,2026020054,2026-10-07,player_goals,over:8478462,N. Roy to score (anytime),0.5,0.16965783002009172,0.14579439252336449,0.0,,7.5,0.02386343749672723,0.27243372515068787,5,,,0.186784226095828,2026-10-07T23:00:19+00:00,8478462.0
2026-10-07-late-2300,2026-10-07T23:00:37+00:00,2026020054,2026-10-07,player_goals,over:8479983,M. Ferraro to score (anytime),0.5,0.16438051466615988,0.07065070616472485,0.0,,18.0,0.09372980850143503,1.9588492639908779,5,,,0.180390590877653,2026-10-07T23:00:19+00:00,8479983.0
2026-10-07-late-2300,2026-10-07T23:00:37+00:00,2026020054,2026-10-07,player_goals,over:8480014,G. Vilardi to score (anytime),0.5,0.20509951992098308,0.2685706545925969,0.0,,3.5,-0.0634711346716138,-0.28215168027655924,5,,,0.2308606044683352,2026-10-07T23:00:19+00:00,8480014.0
2026-10-07-late-2300,2026-10-07T23:00:37+00:00,2026020054,2026-10-07,player_goals,over:8480039,M. Necas to score (anytime),0.5,0.3626557742404207,0.37838969190642663,0.0,,2.7,-0.015733917666005903,-0.020829409550863986,5,,,0.455556206637032,2026-10-07T23:00:19+00:00,8480039.0
2026-10-07-late-2300,2026-10-07T23:00:37+00:00,2026020054,2026-10-07,player_goals,over:8480049,D. Samberg to score (anytime),0.5,0.054951569714335013,0.06480964928672081,0.0,,21.0,-0.009858079572385797,0.15398296400103528,5,,,0.05659903932977821,2026-10-07T23:00:19+00:00,8480049.0
2026-10-07-late-2300,2026-10-07T23:00:37+00:00,2026020054,2026-10-07,player_goals,over:8480069,C. Makar to score (anytime),0.5,0.19540968641912293,0.22756899676565032,0.0,,4.33,-0.03215931034652739,-0.15387605780519775,5,,,0.2186081613119673,2026-10-07T23:00:19+00:00,8480069.0
2026-10-07-late-2300,2026-10-07T23:00:37+00:00,2026020054,2026-10-07,player_goals,over:8480113,A. Iafallo to score (anytime),0.5,0.18997808157556917,0.15650796493088792,0.0,,6.25,0.03347011664468125,0.18736300984730736,5,,,0.21180767806057302,2026-10-07T23:00:19+00:00,8480113.0
2026-10-07-late-2300,2026-10-07T23:00:37+00:00,2026020054,2026-10-07,player_goals,over:8480145,N. Pionk to score (anytime),0.5,0.09271677123402022,0.11238401500686697,0.0,,9.0,-0.019667243772846746,-0.165549058893818,5,,,0.09753767725072959,2026-10-07T23:00:19+00:00,8480145.0
2026-10-07-late-2300,2026-10-07T23:00:37+00:00,2026020054,2026-10-07,player_goals,over:8480289,M. Barron to score (anytime),0.5,0.13159156911312841,0.11752489157656831,0.0,,9.0,0.014066677536560102,0.18432412201815573,5,,,0.1415919866884472,2026-10-07T23:00:19+00:00,8480289.0
2026-10-07-late-2300,2026-10-07T23:00:37+00:00,2026020054,2026-10-07,player_goals,over:8480448,P. Kelly to score (anytime),0.5,0.18888530837463124,0.13085320397030129,0.0,,8.5,0.05803210440432996,0.6055251211843656,5,,,0.21044528943877955,2026-10-07T23:00:19+00:00,8480448.0
2026-10-07-late-2300,2026-10-07T23:00:37+00:00,2026020054,2026-10-07,player_goals,over:8481030,J. St. Ivany to score (anytime),0.5,0.030385459960849404,0.07870142646335464,0.0,,19.0,-0.048315966502505234,-0.42267626074386133,3,,,0.03088048345960785,2026-10-07T23:00:19+00:00,8481030.0
2026-10-07-late-2300,2026-10-07T23:00:37+00:00,2026020054,2026-10-07,player_goals,over:8481043,C. Koepke to score (anytime),0.5,0.13074553988684978,0.11646651927779451,0.0,,9.0,0.014279020609055268,0.17670985898164804,4,,,0.14061136138436747,2026-10-07T23:00:19+00:00,8481043.0
2026-10-07-late-2300,2026-10-07T23:00:37+00:00,2026020054,2026-10-07,player_goals,over:8482149,C. Perfetti to score (anytime),0.5,0.21998580948590585,0.252785702792104,0.0,,3.9,-0.03279989330619815,-0.14205534300496725,5,,,0.2499926761089582,2026-10-07T23:00:19+00:00,8482149.0
2026-10-07-late-2300,2026-10-07T23:00:37+00:00,2026020054,2026-10-07,player_goals,over:8482765,I. Rosen to score (anytime),0.5,0.11011650612656831,0.15316875156604443,0.0,,6.5,-0.04305224543947611,-0.28424271017730596,5,,,0.1170056596533775,2026-10-07T23:00:19+00:00,8482765.0
2026-10-07-late-2300,2026-10-07T23:00:37+00:00,2026020054,2026-10-07,player_goals,over:8482768,F. Svechkov to score (anytime),0.5,0.09877175299328422,0.12676463079299044,0.0,,8.25,-0.027992877799706217,-0.18513303780540513,5,,,0.10426757938429003,2026-10-07T23:00:19+00:00,8482768.0
2026-10-07-late-2300,2026-10-07T23:00:37+00:00,2026020054,2026-10-07,player_goals,over:8483471,B. Lambert to score (anytime),0.5,0.09721047910824165,0.11433958728597193,0.0,,9.5,-0.01712910817773028,-0.07650044847170434,5,,,0.10252774521270956,2026-10-07T23:00:19+00:00,8483471.0
2026-10-07-late-2300,2026-10-07T23:00:37+00:00,2026020054,2026-10-07,player_goals,over:8484258,S. Malinski to score (anytime),0.5,0.16109248805003185,0.10172321854564845,0.0,,10.0,0.0593692695043834,0.6109248805003186,5,,,0.17642844319499423,2026-10-07T23:00:19+00:00,8484258.0
2026-10-07-late-2300,2026-10-07T23:00:37+00:00,2026020054,2026-10-07,player_points,over:8475172,N. Kadri Over 0.5,0.5,0.40698476424580643,0.5340592420070981,0.0,,1.8,-0.12707447776129166,-0.2674274243575484,3,,,0.5252751544082137,2026-10-07T23:00:19+00:00,8475172.0
2026-10-07-late-2300,2026-10-07T23:00:37+00:00,2026020054,2026-10-07,player_points,over:8475754,B. Nelson Over 0.5,0.5,0.5266105767669986,0.4875339723119787,0.0,,1.95,0.039076604455019925,0.02689062469564729,3,,,0.7534575118657961,2026-10-07T23:00:19+00:00,8475754.0
2026-10-07-late-2300,2026-10-07T23:00:37+00:00,2026020054,2026-10-07,player_points,over:8475768,J. Schwartz Over 0.5,0.5,0.3909620073353537,0.3989907559725231,0.0,,2.32,-0.008028748637169403,-0.09296814298197953,2,,,0.49834169331233863,2026-10-07T23:00:19+00:00,8475768.0
2026-10-07-late-2300,2026-10-07T23:00:37+00:00,2026020054,2026-10-07,player_points,over:8476312,J. Manson Over 0.5,0.5,0.3253291632065973,0.269153261519661,0.0,,3.33,0.056175901686936314,0.08334611347796916,2,,,0.39508308863258246,2026-10-07T23:00:19+00:00,8476312.0
2026-10-07-late-2300,2026-10-07T23:00:37+00:00,2026020054,2026-10-07,player_points,over:8476392,A. Lowry Over 0.5,0.5,0.34605222026212934,0.30067732358061283,0.0,,3.04,0.04537489668151651,0.05199874959687323,2,,,0.42653683381071283,2026-10-07T23:00:19+00:00,8476392.0
2026-10-07-late-2300,2026-10-07T23:00:37+00:00,2026020054,2026-10-07,player_points,over:8476455,G. Landeskog Over 0.5,0.5,0.43743804960844435,0.46504657826272117,0.0,,2.06,-0.02760852865427682,-0.09887761780660465,3,,,0.5785759161273131,2026-10-07T23:00:19+00:00,8476455.0
2026-10-07-late-2300,2026-10-07T23:00:37+00:00,2026020054,2026-10-07,player_points,over:8476460,M. Scheifele Over 0.5,0.5,0.6264899707217664,0.6240373035485682,0.0,,1.54,0.002452667173198142,-0.03520544508847978,3,,,0.9945729277429345,2026-10-07T23:00:19+00:00,8476460.0
2026-10-07-late-2300,2026-10-07T23:00:37+00:00,2026020054,2026-10-07,player_points,over:8477476,A. Lehkonen Over 0.5,0.5,0.49983069004366754,0.5038744892202033,0.0,,1.95,-0.004043799176535745,-0.025330154414848316,3,,,0.6976307019121333,2026-10-07T23:00:19+00:00,8477476.0
2026-10-07-late-2300,2026-10-07T23:00:37+00:00,2026020054,2026-10-07,player_points,over:8477492,N. MacKinnon Over 1.5,1.5,0.33139442480308734,0.4533801206897739,0.0,,2.05,-0.12198569588668656,-0.320641429153671,3,,,1.1856842177889473,2026-10-07T23:00:19+00:00,8477492.0
2026-10-07-late-2300,2026-10-07T23:00:37+00:00,2026020054,2026-10-07,player_points,over:8477504,J. Morrissey Over 0.5,0.5,0.48620268697037416,0.49229271804987484,0.0,,1.95,-0.00609003107950068,-0.05190476040777042,3,,,0.6703807570312754,2026-10-07T23:00:19+00:00,8477504.0
2026-10-07-late-2300,2026-10-07T23:00:37+00:00,2026020054,2026-10-07,player_points,over:8478038,D. Toews Over 0.5,0.5,0.4295065359108302,0.42351775565363114,0.0,,2.2,0.005988780257199067,-0.05508562099617342,3,,,0.5644154415458258,2026-10-07T23:00:19+00:00,8478038.0
2026-10-07-late-2300,2026-10-07T23:00:37+00:00,2026020054,2026-10-07,player_points,over:8478398,K. Connor Over 0.5,0.5,0.643481172758458,0.6335613652533173,0.0,,1.51,0.009919807505140654,-0.02834342913472848,3,,,1.0420789513190192,2026-10-07T23:00:19+00:00,8478398.0
2026-10-07-late-2300,2026-10-07T23:00:37+00:00,2026020054,2026-10-07,player_points,over:8480014,G. Vilardi Over 0.5,0.5,0.49500459163459154,0.4927810057900122,0.0,,1.91,0.0022235858445793233,-0.054541229977930206,3,,,0.687894978529614,2026-10-07T23:00:19+00:00,8480014.0
2026-10-07-late-2300,2026-10-07T23:00:37+00:00,2026020054,2026-10-07,player_points,over:8480039,M. Necas Over 1.5,1.5,0.3339108135648594,0.35368860187753615,0.0,,2.61,-0.019777788312676736,-0.128492776595717,2,,,1.1927272108970532,2026-10-07T23:00:19+00:00,8480039.0
2026-10-07-late-2300,2026-10-07T23:00:37+00:00,2026020054,2026-10-07,player_points,over:8480069,C. Makar Over 0.5,0.5,0.5755239664357683,0.6587955855066232,0.0,,1.47,-0.0832716190708549,-0.1539797693394206,3,,,0.8642846315128747,2026-10-07T23:00:19+00:00,8480069.0
2026-10-07-late-2300,2026-10-07T23:00:37+00:00,2026020054,2026-10-07,player_points,over:8480113,A. Iafallo Over 0.5,0.5,0.37622437930021324,0.2952307676036704,0.0,,3.09,0.08099361169654284,0.16253333203765885,2,,,0.47419908818636214,2026-10-07T23:00:19+00:00,8480113.0
2026-10-07-late-2300,2026-10-07T23:00:37+00:00,2026020054,2026-10-07,player_points,over:8480289,M. Barron Over 0.5,0.5,0.282890949629625,0.257330637007106,0.0,,3.45,0.02556031262251901,-0.02402622377779362,1,,,0.333635557164208,2026-10-07T23:00:19+00:00,8480289.0
2026-10-07-late-2300,2026-10-07T23:00:37+00:00,2026020054,2026-10-07,player_points,over:8482149,C. Perfetti Over 0.5,0.5,0.45027342896463496,0.5027330876319689,0.0,,1.91,-0.05245965866733393,-0.13997775067754725,3,,,0.6019286301311485,2026-10-07T23:00:19+00:00,8482149.0
2026-10-07-late-2300,2026-10-07T23:00:37+00:00,2026020054,2026-10-07,player_points,over:8484258,S. Malinski Over 0.5,0.5,0.36074114887409836,0.2841930697390285,0.0,,3.15,0.07654807913506984,0.13633461895340981,2,,,0.44945388193084473,2026-10-07T23:00:19+00:00,8484258.0
2026-10-07-late-2300,2026-10-07T23:00:37+00:00,2026020054,2026-10-07,player_points,under:8475172,N. Kadri Under 0.5,0.5,0.5930152357541936,0.4659407579929019,0.0,,2.05,0.12707447776129166,0.21568123329609667,3,,,0.5252751544082137,2026-10-07T23:00:19+00:00,8475172.0
2026-10-07-late-2300,2026-10-07T23:00:37+00:00,2026020054,2026-10-07,player_points,under:8475754,B. Nelson Under 0.5,0.5,0.47338942323300137,0.5124660276880213,0.0,,1.87,-0.039076604455019925,-0.11476177855428737,3,,,0.7534575118657961,2026-10-07T23:00:19+00:00,8475754.0
2026-10-07-late-2300,2026-10-07T23:00:37+00:00,2026020054,2026-10-07,player_points,under:8475768,J. Schwartz Under 0.5,0.5,0.6090379926646463,0.6010092440274769,0.0,,1.58,0.008028748637169403,-0.03771997158985879,2,,,0.49834169331233863,2026-10-07T23:00:19+00:00,8475768.0
2026-10-07-late-2300,2026-10-07T23:00:37+00:00,2026020054,2026-10-07,player_points,under:8476312,J. Manson Under 0.5,0.5,0.6746708367934027,0.730846738480339,0.0,,1.31,-0.056175901686936314,-0.11618120380064245,2,,,0.39508308863258246,2026-10-07T23:00:19+00:00,8476312.0
2026-10-07-late-2300,2026-10-07T23:00:37+00:00,2026020054,2026-10-07,player_points,under:8476392,A. Lowry Under 0.5,0.5,0.6539477797378707,0.6993226764193872,0.0,,1.37,-0.04537489668151651,-0.10409154175911711,2,,,0.42653683381071283,2026-10-07T23:00:19+00:00,8476392.0
2026-10-07-late-2300,2026-10-07T23:00:37+00:00,2026020054,2026-10-07,player_points,under:8476455,G. Landeskog Under 0.5,0.5,0.5625619503915557,0.5349534217372789,0.0,,1.83,0.02760852865427682,0.029488369216546906,3,,,0.5785759161273131,2026-10-07T23:00:19+00:00,8476455.0
2026-10-07-late-2300,2026-10-07T23:00:37+00:00,2026020054,2026-10-07,player_points,under:8476460,M. Scheifele Under 0.5,0.5,0.3735100292782336,0.37596269645143177,0.0,,2.47,-0.002452667173198142,-0.07743022768276286,3,,,0.9945729277429345,2026-10-07T23:00:19+00:00,8476460.0
2026-10-07-late-2300,2026-10-07T23:00:37+00:00,2026020054,2026-10-07,player_points,under:8477476,A. Lehkonen Under 0.5,0.5,0.5001693099563325,0.4961255107797967,0.0,,1.94,0.004043799176535745,-0.02967153868471506,3,,,0.6976307019121333,2026-10-07T23:00:19+00:00,8477476.0
2026-10-07-late-2300,2026-10-07T23:00:37+00:00,2026020054,2026-10-07,player_points,under:8477492,N. MacKinnon Under 1.5,1.5,0.6686055751969127,0.5466198793102262,0.0,,1.75,0.12198569588668656,0.17005975659459716,3,,,1.1856842177889473,2026-10-07T23:00:19+00:00,8477492.0
2026-10-07-late-2300,2026-10-07T23:00:37+00:00,2026020054,2026-10-07,player_points,under:8477504,J. Morrissey Under 0.5,0.5,0.5137973130296258,0.5077072819501252,0.0,,1.91,0.00609003107950068,-0.018647132113414677,3,,,0.6703807570312754,2026-10-07T23:00:19+00:00,8477504.0
2026-10-07-late-2300,2026-10-07T23:00:37+00:00,2026020054,2026-10-07,player_points,under:8478038,D. Toews Under 0.5,0.5,0.5704934640891698,0.5764822443463689,0.0,,1.65,-0.005988780257199067,-0.05868578425286991,3,,,0.5644154415458258,2026-10-07T23:00:19+00:00,8478038.0
2026-10-07-late-2300,2026-10-07T23:00:37+00:00,2026020054,2026-10-07,player_points,under:8478398,K. Connor Under 0.5,0.5,0.35651882724154205,0.3664386347466827,0.0,,2.5,-0.009919807505140654,-0.10870293189614488,3,,,1.0420789513190192,2026-10-07T23:00:19+00:00,8478398.0
2026-10-07-late-2300,2026-10-07T23:00:37+00:00,2026020054,2026-10-07,player_points,under:8480014,G. Vilardi Under 0.5,0.5,0.5049954083654085,0.5072189942099878,0.0,,1.87,-0.0022235858445793233,-0.055658586356686135,3,,,0.687894978529614,2026-10-07T23:00:19+00:00,8480014.0
2026-10-07-late-2300,2026-10-07T23:00:37+00:00,2026020054,2026-10-07,player_points,under:8480039,M. Necas Under 1.5,1.5,0.6660891864351406,0.6463113981224639,0.0,,1.47,0.019777788312676736,-0.020848895940343337,2,,,1.1927272108970532,2026-10-07T23:00:19+00:00,8480039.0
2026-10-07-late-2300,2026-10-07T23:00:37+00:00,2026020054,2026-10-07,player_points,under:8480069,C. Makar Under 0.5,0.5,0.4244760335642317,0.3412044144933768,0.0,,2.8,0.0832716190708549,0.18853289397984863,3,,,0.8642846315128747,2026-10-07T23:00:19+00:00,8480069.0
2026-10-07-late-2300,2026-10-07T23:00:37+00:00,2026020054,2026-10-07,player_points,under:8480113,A. Iafallo Under 0.5,0.5,0.6237756206997868,0.7047692323963296,0.0,,1.36,-0.08099361169654284,-0.15166515584828993,2,,,0.47419908818636214,2026-10-07T23:00:19+00:00,8480113.0
2026-10-07-late-2300,2026-10-07T23:00:37+00:00,2026020054,2026-10-07,player_points,under:8480289,M. Barron Under 0.5,0.5,0.717109050370375,0.742669362992894,0.0,,1.29,-0.02556031262251901,-0.07492932502221625,1,,,0.333635557164208,2026-10-07T23:00:19+00:00,8480289.0
2026-10-07-late-2300,2026-10-07T23:00:37+00:00,2026020054,2026-10-07,player_points,under:8482149,C. Perfetti Under 0.5,0.5,0.549726571035365,0.4972669123680311,0.0,,1.95,0.05245965866733393,0.07196681351896184,3,,,0.6019286301311485,2026-10-07T23:00:19+00:00,8482149.0
2026-10-07-late-2300,2026-10-07T23:00:37+00:00,2026020054,2026-10-07,player_points,under:8484258,S. Malinski Under 0.5,0.5,0.6392588511259016,0.7158069302609715,0.0,,1.34,-0.07654807913506984,-0.14339313949129176,2,,,0.44945388193084473,2026-10-07T23:00:19+00:00,8484258.0
2026-10-07-late-2300,2026-10-07T23:00:37+00:00,2026020054,2026-10-07,player_sog,over:8470613,B. Burns Over 1.5,1.5,0.46836656710080504,0.4986770995066181,0.0,,1.91,-0.03031053240581305,-0.10541985683746241,2,,,1.6166227615280468,2026-10-07T23:00:19+00:00,8470613.0
2026-10-07-late-2300,2026-10-07T23:00:37+00:00,2026020054,2026-10-07,player_sog,over:8475172,N. Kadri Over 2.5,2.5,0.3712605946887364,0.43951190255324113,0.0,,2.15,-0.06825130786450473,-0.20178972141921675,5,,,2.194693663542754,2026-10-07T23:00:19+00:00,8475172.0
2026-10-07-late-2300,2026-10-07T23:00:37+00:00,2026020054,2026-10-07,player_sog,over:8475754,B. Nelson Over 1.5,1.5,0.5649064030011286,0.5804839215835152,0.0,,1.7,-0.015577518582386651,-0.03965911489808138,4,,,1.964467988713769,2026-10-07T23:00:19+00:00,8475754.0
2026-10-07-late-2300,2026-10-07T23:00:37+00:00,2026020054,2026-10-07,player_sog,over:8476455,G. Landeskog Over 1.5,1.5,0.5637847293134052,0.5617842933091274,0.0,,1.74,0.0020004360042777947,-0.019014570994675017,4,,,1.9600835017654217,2026-10-07T23:00:19+00:00,8476455.0
2026-10-07-late-2300,2026-10-07T23:00:37+00:00,2026020054,2026-10-07,player_sog,over:8476460,M. Scheifele Over 1.5,1.5,0.6052516960736463,0.6029681787243835,0.0,,1.61,0.002283517349262798,-0.02554476932142946,5,,,2.1289679206660077,2026-10-07T23:00:19+00:00,8476460.0
2026-10-07-late-2300,2026-10-07T23:00:37+00:00,2026020054,2026-10-07,player_sog,over:8477476,A. Lehkonen Over 1.5,1.5,0.5377243749311352,0.5579619970123494,0.0,,1.77,-0.020237622081214157,-0.04822785637189064,4,,,1.8607629060059416,2026-10-07T23:00:19+00:00,8477476.0
2026-10-07-late-2300,2026-10-07T23:00:37+00:00,2026020054,2026-10-07,player_sog,over:8477492,N. MacKinnon Over 3.5,3.5,0.515313105681864,0.5267923635742735,0.0,,1.87,-0.011479257892409556,-0.03636449237491435,5,,,3.858942921861063,2026-10-07T23:00:19+00:00,8477492.0
2026-10-07-late-2300,2026-10-07T23:00:37+00:00,2026020054,2026-10-07,player_sog,over:8477504,J. Morrissey Over 1.5,1.5,0.6522714974124466,0.6022041811412744,0.0,,1.61,0.050067316271172224,0.05015711083403912,5,,,2.3404475624928387,2026-10-07T23:00:19+00:00,8477504.0
2026-10-07-late-2300,2026-10-07T23:00:37+00:00,2026020054,2026-10-07,player_sog,over:8478038,D. Toews Over 1.5,1.5,0.4581904504244003,0.4567380929407531,0.0,,2.1,0.001452357483647193,-0.03780005410875931,3,,,1.5828568938645353,2026-10-07T23:00:19+00:00,8478038.0
2026-10-07-late-2300,2026-10-07T23:00:37+00:00,2026020054,2026-10-07,player_sog,over:8478398,K. Connor Over 3.5,3.5,0.5231580288892053,0.4463448687283952,0.0,,2.2,0.07681316016081008,0.15094766355625167,5,,,3.903843317146749,2026-10-07T23:00:19+00:00,8478398.0
2026-10-07-late-2300,2026-10-07T23:00:37+00:00,2026020054,2026-10-07,player_sog,over:8480014,G. Vilardi Over 1.5,1.5,0.4839274393775663,0.5271249410193238,0.0,,1.87,-0.04319750164175751,-0.0950556883639509,4,,,1.6691782410449592,2026-10-07T23:00:19+00:00,8480014.0
2026-10-07-late-2300,2026-10-07T23:00:37+00:00,2026020054,2026-10-07,player_sog,over:8480039,M. Necas Over 2.5,2.5,0.5811197671451775,0.5117321222812159,0.0,,1.88,0.06938764486396165,0.0925051622329337,5,,,3.1442263310651017,2026-10-07T23:00:19+00:00,8480039.0
2026-10-07-late-2300,2026-10-07T23:00:37+00:00,2026020054,2026-10-07,player_sog,over:8480069,C. Makar Over 2.5,2.5,0.38878868106839604,0.4700106866245484,0.0,,2.03,-0.08122200555615239,-0.21075897743115612,5,,,2.2663698347464973,2026-10-07T23:00:19+00:00,8480069.0
2026-10-07-late-2300,2026-10-07T23:00:37+00:00,2026020054,2026-10-07,player_sog,over:8482149,C. Perfetti Over 2.5,2.5,0.3240503939456886,0.4071291190559412,0.0,,2.3,-0.0830787251102526,-0.2546840939249163,3,,,2.004874488081089,2026-10-07T23:00:19+00:00,8482149.0
2026-10-07-late-2300,2026-10-07T23:00:37+00:00,2026020054,2026-10-07,player_sog,over:8484258,S. Malinski Over 1.5,1.5,0.5655686222693909,0.5201161527494215,0.0,,1.83,0.045452469519969396,0.034990578752985335,2,,,1.9670609828517065,2026-10-07T23:00:19+00:00,8484258.0
2026-10-07-late-2300,2026-10-07T23:00:37+00:00,2026020054,2026-10-07,player_sog,under:8470613,B. Burns Under 1.5,1.5,0.531633432899195,0.5013229004933819,0.0,,1.87,0.03031053240581305,-0.0058454804785053605,2,,,1.6166227615280468,2026-10-07T23:00:19+00:00,8470613.0
2026-10-07-late-2300,2026-10-07T23:00:37+00:00,2026020054,2026-10-07,player_sog,under:8475172,N. Kadri Under 2.5,2.5,0.6287394053112636,0.5604880974467589,0.0,,1.74,0.06825130786450473,0.09400656524159867,5,,,2.194693663542754,2026-10-07T23:00:19+00:00,8475172.0
2026-10-07-late-2300,2026-10-07T23:00:37+00:00,2026020054,2026-10-07,player_sog,under:8475754,B. Nelson Under 1.5,1.5,0.4350935969988714,0.41951607841648475,0.0,,2.35,0.015577518582386651,0.022469952947347882,4,,,1.964467988713769,2026-10-07T23:00:19+00:00,8475754.0
2026-10-07-late-2300,2026-10-07T23:00:37+00:00,2026020054,2026-10-07,player_sog,under:8476455,G. Landeskog Under 1.5,1.5,0.4362152706865948,0.4382157066908726,0.0,,2.2,-0.0020004360042777947,-0.04032640448949132,4,,,1.9600835017654217,2026-10-07T23:00:19+00:00,8476455.0
2026-10-07-late-2300,2026-10-07T23:00:37+00:00,2026020054,2026-10-07,player_sog,under:8476460,M. Scheifele Under 1.5,1.5,0.39474830392635374,0.39703182127561654,0.0,,2.35,-0.002283517349262798,-0.07234148577306865,5,,,2.1289679206660077,2026-10-07T23:00:19+00:00,8476460.0
2026-10-07-late-2300,2026-10-07T23:00:37+00:00,2026020054,2026-10-07,player_sog,under:8477476,A. Lehkonen Under 1.5,1.5,0.46227562506886477,0.4420380029876506,0.0,,2.25,0.020237622081214157,0.040120156404945706,4,,,1.8607629060059416,2026-10-07T23:00:19+00:00,8477476.0
2026-10-07-late-2300,2026-10-07T23:00:37+00:00,2026020054,2026-10-07,player_sog,under:8477492,N. MacKinnon Under 3.5,3.5,0.48468689431813605,0.4732076364257265,0.0,,2.05,0.011479257892409556,-0.006391866647821209,5,,,3.858942921861063,2026-10-07T23:00:19+00:00,8477492.0
2026-10-07-late-2300,2026-10-07T23:00:37+00:00,2026020054,2026-10-07,player_sog,under:8477504,J. Morrissey Under 1.5,1.5,0.3477285025875534,0.3977958188587256,0.0,,2.4,-0.050067316271172224,-0.1654515937898719,5,,,2.3404475624928387,2026-10-07T23:00:19+00:00,8477504.0
2026-10-07-late-2300,2026-10-07T23:00:37+00:00,2026020054,2026-10-07,player_sog,under:8478038,D. Toews Under 1.5,1.5,0.5418095495755997,0.5432619070592468,0.0,,1.77,-0.001452357483647193,-0.04099709725118855,3,,,1.5828568938645353,2026-10-07T23:00:19+00:00,8478038.0
2026-10-07-late-2300,2026-10-07T23:00:37+00:00,2026020054,2026-10-07,player_sog,under:8478398,K. Connor Under 3.5,3.5,0.47684197111079474,0.5536551312716048,0.0,,1.71,-0.07681316016081008,-0.184600229400541,5,,,3.903843317146749,2026-10-07T23:00:19+00:00,8478398.0
2026-10-07-late-2300,2026-10-07T23:00:37+00:00,2026020054,2026-10-07,player_sog,under:8480014,G. Vilardi Under 1.5,1.5,0.5160725606224337,0.47287505898067617,0.0,,2.02,0.04319750164175751,0.042466572457316,4,,,1.6691782410449592,2026-10-07T23:00:19+00:00,8480014.0
2026-10-07-late-2300,2026-10-07T23:00:37+00:00,2026020054,2026-10-07,player_sog,under:8480039,M. Necas Under 2.5,2.5,0.41888023285482245,0.4882678777187841,0.0,,1.96,-0.06938764486396165,-0.17899474360454798,5,,,3.1442263310651017,2026-10-07T23:00:19+00:00,8480039.0
2026-10-07-late-2300,2026-10-07T23:00:37+00:00,2026020054,2026-10-07,player_sog,under:8480069,C. Makar Under 2.5,2.5,0.611211318931604,0.5299893133754516,0.0,,1.8,0.08122200555615239,0.10018037407688718,5,,,2.2663698347464973,2026-10-07T23:00:19+00:00,8480069.0
2026-10-07-late-2300,2026-10-07T23:00:37+00:00,2026020054,2026-10-07,player_sog,under:8482149,C. Perfetti Under 2.5,2.5,0.6759496060543114,0.5928708809440588,0.0,,1.61,0.0830787251102526,0.08827886574744148,3,,,2.004874488081089,2026-10-07T23:00:19+00:00,8482149.0
2026-10-07-late-2300,2026-10-07T23:00:37+00:00,2026020054,2026-10-07,player_sog,under:8484258,S. Malinski Under 1.5,1.5,0.43443137773060914,0.47988384725057853,0.0,,1.95,-0.045452469519969396,-0.1528588134253122,2,,,1.9670609828517065,2026-10-07T23:00:19+00:00,8484258.0
2026-10-07-late-2300,2026-10-07T23:00:37+00:00,2026020054,2026-10-07,spreads,away,COL -1.5,-1.5,0.36806910846397567,0.4239991783803223,0.0,,2.3,-0.055930069916346636,-0.153441050532856,9,2.6975031256104214,3.436215460821737,6.240068606750375,2026-10-07T23:00:19+00:00,
2026-10-07-late-2300,2026-10-07T23:00:37+00:00,2026020054,2026-10-07,spreads,home,WPG +1.5,1.5,0.6319308915360243,0.5760008216196777,0.0,,1.69,0.055930069916346636,0.06796320669588107,9,2.6975031256104214,3.436215460821737,6.240068606750375,2026-10-07T23:00:19+00:00,
2026-10-07-late-2300,2026-10-07T23:00:37+00:00,2026020054,2026-10-07,totals,over,Over 6.5,6.5,0.46149164841999135,0.49745947442478156,0.0,,1.96,-0.035967826004790204,-0.09547636909681695,9,2.6975031256104214,3.436215460821737,6.240068606750375,2026-10-07T23:00:19+00:00,
2026-10-07-late-2300,2026-10-07T23:00:37+00:00,2026020054,2026-10-07,totals,under,Under 6.5,6.5,0.5385083515800086,0.5025405255752184,0.0,,1.94,0.035967826004790204,0.044706202065216805,9,2.6975031256104214,3.436215460821737,6.240068606750375,2026-10-07T23:00:19+00:00,
2026-10-07-late-2300,2026-10-07T23:00:37+00:00,2026020055,2026-10-07,player_assists,over:8473986,A. Killorn Over 0.5,0.5,0.25174957067724,0.24653860663975094,0.0,,3.55,0.00521096403748908,-0.10628902409579799,2,,,0.2908602889122233,2026-10-07T23:00:19+00:00,8473986.0
2026-10-07-late-2300,2026-10-07T23:00:37+00:00,2026020055,2026-10-07,player_assists,over:8475218,M. Ekholm Over 0.5,0.5,0.2399850543607308,0.2727433156147663,0.0,,3.45,-0.03275826125403547,-0.1720515624554787,2,,,0.27517160802446905,2026-10-07T23:00:19+00:00,8475218.0
2026-10-07-late-2300,2026-10-07T23:00:37+00:00,2026020055,2026-10-07,player_assists,over:8475798,M. Granlund Over 0.5,0.5,0.404155892623715,0.4000833498382186,0.0,,2.4,0.0040725427854964025,-0.03002585770308408,2,,,0.5204664111070632,2026-10-07T23:00:19+00:00,8475798.0
2026-10-07-late-2300,2026-10-07T23:00:37+00:00,2026020055,2026-10-07,player_assists,over:8476473,C. Murphy Over 0.5,0.5,0.1983035574063915,0.1746903889760533,0.0,,4.9,0.0236131684303382,-0.028312568708681596,1,,,0.22151448548693303,2026-10-07T23:00:19+00:00,8476473.0
2026-10-07-late-2300,2026-10-07T23:00:37+00:00,2026020055,2026-10-07,player_assists,over:8477934,L. Draisaitl Over 0.5,0.5,0.43968255911257903,0.594708408610364,0.0,,1.61,-0.15502584949778497,-0.29211107982874773,2,,,0.5826201183808878,2026-10-07T23:00:19+00:00,8477934.0
2026-10-07-late-2300,2026-10-07T23:00:37+00:00,2026020055,2026-10-07,player_assists,over:8477953,K. Kapanen Over 0.5,0.5,0.20177648022141592,0.3004320372216398,0.0,,3.0,-0.09865555700022388,-0.39467055933575224,2,,,0.22587528587119393,2026-10-07T23:00:19+00:00,8477953.0
2026-10-07-late-2300,2026-10-07T23:00:37+00:00,2026020055,2026-10-07,player_assists,over:8478402,C. McDavid Over 0.5,0.5,0.5788997110061738,0.6614071940686885,0.0,,1.45,-0.08250748306251476,-0.16059541904104807,2,,,0.8724078228051215,2026-10-07T23:00:19+00:00,8478402.0
2026-10-07-late-2300,2026-10-07T23:00:37+00:00,2026020055,2026-10-07,player_assists,over:8478421,A. Greer Over 0.5,0.5,0.23992523592978543,0.2624434389140076,0.0,,3.4,-0.02251820298422219,-0.18425419783872954,1,,,0.2750924711288903,2026-10-07T23:00:19+00:00,8478421.0
2026-10-07-late-2300,2026-10-07T23:00:37+00:00,2026020055,2026-10-07,player_assists,over:8478854,R. Shea Over 0.5,0.5,0.29385382123892756,0.3100949525237259,0.0,,2.9,-0.016241131284798316,-0.14782391840711007,1,,,0.34914639753446014,2026-10-07T23:00:19+00:00,8478854.0
2026-10-07-late-2300,2026-10-07T23:00:37+00:00,2026020055,2026-10-07,player_assists,over:8479365,T. Frederic Over 0.5,0.5,0.11731057441600512,0.16521739130440577,0.0,,5.0,-0.04790681688840065,-0.4134471279199744,1,,,0.12493770140502622,2026-10-07T23:00:19+00:00,8479365.0
2026-10-07-late-2300,2026-10-07T23:00:37+00:00,2026020055,2026-10-07,player_assists,over:8480068,R. Poehling Over 0.5,0.5,0.24081939622724435,0.22335647202933934,0.0,,3.95,0.017462924197905016,-0.04876338490238474,1,,,0.27627606480090366,2026-10-07T23:00:19+00:00,8480068.0
2026-10-07-late-2300,2026-10-07T23:00:37+00:00,2026020055,2026-10-07,player_assists,over:8480803,E. Bouchard Over 0.5,0.5,0.46976663853545664,0.5891095132806965,0.0,,1.65,-0.11934287474523986,-0.2248850464164966,2,,,0.6384802599945343,2026-10-07T23:00:19+00:00,8480803.0
2026-10-07-late-2300,2026-10-07T23:00:37+00:00,2026020055,2026-10-07,player_assists,over:8481605,J. LaCombe Over 0.5,0.5,0.41147767747840625,0.49200116346713435,0.0,,1.91,-0.0805234859887281,-0.21407763601624408,2,,,0.5329608698613439,2026-10-07T23:00:19+00:00,8481605.0
2026-10-07-late-2300,2026-10-07T23:00:37+00:00,2026020055,2026-10-07,player_assists,over:8481617,V. Podkolzin Over 0.5,0.5,0.2696097253655009,0.39022795724030745,0.0,,2.4,-0.12061823187480658,-0.3529366591227979,2,,,0.3151654028393578,2026-10-07T23:00:19+00:00,8481617.0
2026-10-07-late-2300,2026-10-07T23:00:37+00:00,2026020055,2026-10-07,player_assists,over:8481754,N. Nesterenko Over 0.5,0.5,0.14171156224862347,0.1444786456329743,0.0,,5.75,-0.0027670833843508325,-0.18515851707041509,1,,,0.15304882397172936,2026-10-07T23:00:19+00:00,8481754.0
2026-10-07-late-2300,2026-10-07T23:00:37+00:00,2026020055,2026-10-07,player_assists,over:8483445,C. Gauthier Over 0.5,0.5,0.2756855453798507,0.39022795724030745,0.0,,2.4,-0.11454241186045677,-0.33835469108835836,2,,,0.32357214542704477,2026-10-07T23:00:19+00:00,8483445.0
2026-10-07-late-2300,2026-10-07T23:00:37+00:00,2026020055,2026-10-07,player_assists,over:8483482,T. Luneau Over 0.5,0.5,0.19677357335687407,0.2881559942224265,0.0,,3.1,-0.09138242086555243,-0.3900019225936904,1,,,0.21959946076227885,2026-10-07T23:00:19+00:00,8483482.0
2026-10-07-late-2300,2026-10-07T23:00:37+00:00,2026020055,2026-10-07,player_assists,over:8483490,P. Mintyukov Over 0.5,0.5,0.2056390060324761,0.259461924304669,0.0,,3.4,-0.05382291827219293,-0.3008273794895813,1,,,0.23074808298552887,2026-10-07T23:00:19+00:00,8483490.0
2026-10-07-late-2300,2026-10-07T23:00:37+00:00,2026020055,2026-10-07,player_assists,over:8484153,L. Carlsson Over 0.5,0.5,0.39283990155000925,0.4341109384975137,0.0,,2.15,-0.04127103694750445,-0.15539421166748013,2,,,0.5014607098059785,2026-10-07T23:00:19+00:00,8484153.0
2026-10-07-late-2300,2026-10-07T23:00:37+00:00,2026020055,2026-10-07,player_assists,over:8484262,T. Mitchell Over 0.5,0.5,0.08960274972868376,0.1168831168830436,0.0,,7.0,-0.027280367154359844,-0.37278075189921367,1,,,0.09396241486486633,2026-10-07T23:00:19+00:00,8484262.0
2026-10-07-late-2300,2026-10-07T23:00:37+00:00,2026020055,2026-10-07,player_assists,over:8484762,B. Sennecke Over 0.5,0.5,0.3145378571313525,0.40877535936615417,0.0,,2.3,-0.09423750223480165,-0.2765629285978893,2,,,0.37909189081312494,2026-10-07T23:00:19+00:00,8484762.0
2026-10-07-late-2300,2026-10-07T23:00:37+00:00,2026020055,2026-10-07,player_assists,under:8473986,A. Killorn Under 0.5,0.5,0.74825042932276,0.7534613933602491,0.0,,1.28,-0.00521096403748908,-0.042239450466867196,2,,,0.2908602889122233,2026-10-07T23:00:19+00:00,8473986.0
2026-10-07-late-2300,2026-10-07T23:00:37+00:00,2026020055,2026-10-07,player_assists,under:8475218,M. Ekholm Under 0.5,0.5,0.7600149456392692,0.7272566843852337,0.0,,1.34,0.03275826125403547,0.018420027156620777,2,,,0.27517160802446905,2026-10-07T23:00:19+00:00,8475218.0
2026-10-07-late-2300,2026-10-07T23:00:37+00:00,2026020055,2026-10-07,player_assists,under:8475798,M. Granlund Under 0.5,0.5,0.595844107376285,0.5999166501617814,0.0,,1.62,-0.0040725427854964025,-0.0347325460504182,2,,,0.5204664111070632,2026-10-07T23:00:19+00:00,8475798.0
2026-10-07-late-2300,2026-10-07T23:00:37+00:00,2026020055,2026-10-07,player_assists,under:8476473,C. Murphy Under 0.5,0.5,0.8016964425936085,0.8253096110239467,0.0,,1.17,-0.0236131684303382,-0.062015162165478116,1,,,0.22151448548693303,2026-10-07T23:00:19+00:00,8476473.0
2026-10-07-late-2300,2026-10-07T23:00:37+00:00,2026020055,2026-10-07,player_assists,under:8477934,L. Draisaitl Under 0.5,0.5,0.560317440887421,0.405291591389636,0.0,,2.3,0.15502584949778497,0.2887301140410682,2,,,0.5826201183808878,2026-10-07T23:00:19+00:00,8477934.0
2026-10-07-late-2300,2026-10-07T23:00:37+00:00,2026020055,2026-10-07,player_assists,under:8477953,K. Kapanen Under 0.5,0.5,0.7982235197785841,0.6995679627783602,0.0,,1.36,0.09865555700022388,0.08558398689887442,2,,,0.22587528587119393,2026-10-07T23:00:19+00:00,8477953.0
2026-10-07-late-2300,2026-10-07T23:00:37+00:00,2026020055,2026-10-07,player_assists,under:8478402,C. McDavid Under 0.5,0.5,0.42110028899382623,0.33859280593131147,0.0,,2.75,0.08250748306251476,0.15802579473302214,2,,,0.8724078228051215,2026-10-07T23:00:19+00:00,8478402.0
2026-10-07-late-2300,2026-10-07T23:00:37+00:00,2026020055,2026-10-07,player_assists,under:8478421,A. Greer Under 0.5,0.5,0.7600747640702146,0.7375565610859924,0.0,,1.3,0.02251820298422219,-0.011902806708721014,1,,,0.2750924711288903,2026-10-07T23:00:19+00:00,8478421.0
2026-10-07-late-2300,2026-10-07T23:00:37+00:00,2026020055,2026-10-07,player_assists,under:8478854,R. Shea Under 0.5,0.5,0.7061461787610724,0.6899050474762741,0.0,,1.38,0.016241131284798316,-0.02551827330972012,1,,,0.34914639753446014,2026-10-07T23:00:19+00:00,8478854.0
2026-10-07-late-2300,2026-10-07T23:00:37+00:00,2026020055,2026-10-07,player_assists,under:8479365,T. Frederic Under 0.5,0.5,0.8826894255839949,0.8347826086955943,0.0,,1.15,0.04790681688840065,0.015092839421594034,1,,,0.12493770140502622,2026-10-07T23:00:19+00:00,8479365.0
2026-10-07-late-2300,2026-10-07T23:00:37+00:00,2026020055,2026-10-07,player_assists,under:8480068,R. Poehling Under 0.5,0.5,0.7591806037727556,0.7766435279706607,0.0,,1.24,-0.017462924197905016,-0.05861605132178299,1,,,0.27627606480090366,2026-10-07T23:00:19+00:00,8480068.0
2026-10-07-late-2300,2026-10-07T23:00:37+00:00,2026020055,2026-10-07,player_assists,under:8480803,E. Bouchard Under 0.5,0.5,0.5302333614645434,0.4108904867193035,0.0,,2.35,0.11934287474523986,0.246048399441677,2,,,0.6384802599945343,2026-10-07T23:00:19+00:00,8480803.0
2026-10-07-late-2300,2026-10-07T23:00:37+00:00,2026020055,2026-10-07,player_assists,under:8481605,J. LaCombe Under 0.5,0.5,0.5885223225215938,0.5079988365328656,0.0,,1.87,0.0805234859887281,0.10053674311538041,2,,,0.5329608698613439,2026-10-07T23:00:19+00:00,8481605.0
2026-10-07-late-2300,2026-10-07T23:00:37+00:00,2026020055,2026-10-07,player_assists,under:8481617,V. Podkolzin Under 0.5,0.5,0.7303902746344991,0.6097720427596925,0.0,,1.57,0.12061823187480658,0.14671273117616368,2,,,0.3151654028393578,2026-10-07T23:00:19+00:00,8481617.0
2026-10-07-late-2300,2026-10-07T23:00:37+00:00,2026020055,2026-10-07,player_assists,under:8481754,N. Nesterenko Under 0.5,0.5,0.8582884377513765,0.8555213543670257,0.0,,1.13,0.0027670833843508325,-0.030134065340944607,1,,,0.15304882397172936,2026-10-07T23:00:19+00:00,8481754.0
2026-10-07-late-2300,2026-10-07T23:00:37+00:00,2026020055,2026-10-07,player_assists,under:8483445,C. Gauthier Under 0.5,0.5,0.7243144546201493,0.6097720427596925,0.0,,1.57,0.11454241186045677,0.13717369375363447,2,,,0.32357214542704477,2026-10-07T23:00:19+00:00,8483445.0
2026-10-07-late-2300,2026-10-07T23:00:37+00:00,2026020055,2026-10-07,player_assists,under:8483482,T. Luneau Under 0.5,0.5,0.8032264266431259,0.7118440057775735,0.0,,1.34,0.09138242086555243,0.0763234117017888,1,,,0.21959946076227885,2026-10-07T23:00:19+00:00,8483482.0
2026-10-07-late-2300,2026-10-07T23:00:37+00:00,2026020055,2026-10-07,player_assists,under:8483490,P. Mintyukov Under 0.5,0.5,0.7943609939675239,0.740538075695331,0.0,,1.29,0.05382291827219293,0.024725682218105866,1,,,0.23074808298552887,2026-10-07T23:00:19+00:00,8483490.0
2026-10-07-late-2300,2026-10-07T23:00:37+00:00,2026020055,2026-10-07,player_assists,under:8484153,L. Carlsson Under 0.5,0.5,0.6071600984499907,0.5658890615024863,0.0,,1.67,0.04127103694750445,0.013957364411484485,2,,,0.5014607098059785,2026-10-07T23:00:19+00:00,8484153.0
2026-10-07-late-2300,2026-10-07T23:00:37+00:00,2026020055,2026-10-07,player_assists,under:8484262,T. Mitchell Under 0.5,0.5,0.9103972502713162,0.8831168831169564,0.0,,1.1,0.027280367154359844,0.00143697529844794,1,,,0.09396241486486633,2026-10-07T23:00:19+00:00,8484262.0
2026-10-07-late-2300,2026-10-07T23:00:37+00:00,2026020055,2026-10-07,player_assists,under:8484762,B. Sennecke Under 0.5,0.5,0.6854621428686475,0.5912246406338458,0.0,,1.62,0.09423750223480165,0.11044867144720899,2,,,0.37909189081312494,2026-10-07T23:00:19+00:00,8484762.0
2026-10-07-late-2300,2026-10-07T23:00:37+00:00,2026020055,2026-10-07,player_goals,over:8473986,A. Killorn to score (anytime),0.5,0.24466786833141196,0.2149826228990605,0.0,,4.5,0.02968524543235146,0.1010054074913539,5,,,0.282575331685768,2026-10-07T23:00:19+00:00,8473986.0
2026-10-07-late-2300,2026-10-07T23:00:37+00:00,2026020055,2026-10-07,player_goals,over:8475218,M. Ekholm to score (anytime),0.5,0.055990204369735674,0.0975651690330085,0.0,,12.0,-0.04157496466327283,-0.3281175475631719,5,,,0.057701813893831236,2026-10-07T23:00:19+00:00,8475218.0
2026-10-07-late-2300,2026-10-07T23:00:37+00:00,2026020055,2026-10-07,player_goals,over:8475798,M. Granlund to score (anytime),0.5,0.2685436754786271,0.2618401771816692,0.0,,3.65,0.006703498296957933,-0.01981558450301102,5,,,0.31517536931204815,2026-10-07T23:00:19+00:00,8475798.0
2026-10-07-late-2300,2026-10-07T23:00:37+00:00,2026020055,2026-10-07,player_goals,over:8476473,C. Murphy to score (anytime),0.5,0.07951628977859815,0.05940267564641859,0.0,,19.0,0.02011361413217956,0.5108095057933648,5,,,0.08302784019646184,2026-10-07T23:00:19+00:00,8476473.0
2026-10-07-late-2300,2026-10-07T23:00:37+00:00,2026020055,2026-10-07,player_goals,over:8477934,L. Draisaitl to score (anytime),0.5,0.3441177704004985,0.447309717298744,0.0,,2.15,-0.10319194689824551,-0.26014679363892823,5,,,0.4262527959528087,2026-10-07T23:00:19+00:00,8477934.0
2026-10-07-late-2300,2026-10-07T23:00:37+00:00,2026020055,2026-10-07,player_goals,over:8477953,K. Kapanen to score (anytime),0.5,0.16131150264840932,0.24673415327620934,0.0,,3.9,-0.08542265062780002,-0.3708851396712037,5,,,0.176691853528475,2026-10-07T23:00:19+00:00,8477953.0
2026-10-07-late-2300,2026-10-07T23:00:37+00:00,2026020055,2026-10-07,player_goals,over:8478013,J. Walman to score (anytime),0.5,0.06519885120801916,0.11281708945260346,0.0,,10.5,-0.047618238244584304,-0.3154120623157989,5,,,0.06753521649539812,2026-10-07T23:00:19+00:00,8478013.0
2026-10-07-late-2300,2026-10-07T23:00:37+00:00,2026020055,2026-10-07,player_goals,over:8478402,C. McDavid to score (anytime),0.5,0.3907952853339224,0.44222148056267463,0.0,,2.15,-0.05142619522875225,-0.15979013653206692,5,,,0.5017924621093858,2026-10-07T23:00:19+00:00,8478402.0
2026-10-07-late-2300,2026-10-07T23:00:37+00:00,2026020055,2026-10-07,player_goals,over:8478421,A. Greer to score (anytime),0.5,0.19958797446122511,0.16753982568050446,0.0,,6.0,0.03204814878072065,0.1975278467673507,5,,,0.22387235032205974,2026-10-07T23:00:19+00:00,8478421.0
2026-10-07-late-2300,2026-10-07T23:00:37+00:00,2026020055,2026-10-07,player_goals,over:8478472,M. Joseph to score (anytime),0.5,0.04164811712738892,0.1154817633652158,0.0,,9.0,-0.07383364623782689,-0.6251669458534997,5,,,0.04258553249882939,2026-10-07T23:00:19+00:00,8478472.0
2026-10-07-late-2300,2026-10-07T23:00:37+00:00,2026020055,2026-10-07,player_goals,over:8478854,R. Shea to score (anytime),0.5,0.15011154987254638,0.09379561248720128,0.0,,12.0,0.0563159373853451,0.8013385984705564,5,,,0.1633133467612699,2026-10-07T23:00:19+00:00,8478854.0
2026-10-07-late-2300,2026-10-07T23:00:37+00:00,2026020055,2026-10-07,player_goals,over:8479365,T. Frederic to score (anytime),0.5,0.10728852356173468,0.1937372901268373,0.0,,5.75,-0.08644876656510261,-0.3830909895200256,5,,,0.11381446493486909,2026-10-07T23:00:19+00:00,8479365.0
2026-10-07-late-2300,2026-10-07T23:00:37+00:00,2026020055,2026-10-07,player_goals,over:8479368,M. Jones to score (anytime),0.5,0.07736698332700198,0.13351134846461948,0.0,,7.0,-0.0561443651376175,-0.45843111671098613,1,,,0.08068604146125803,2026-10-07T23:00:19+00:00,8479368.0
2026-10-07-late-2300,2026-10-07T23:00:37+00:00,2026020055,2026-10-07,player_goals,over:8480068,R. Poehling to score (anytime),0.5,0.15276426749753214,0.18470560950779152,0.0,,5.3,-0.03194134201025939,-0.19034938226307974,5,,,0.1664652552224504,2026-10-07T23:00:19+00:00,8480068.0
2026-10-07-late-2300,2026-10-07T23:00:37+00:00,2026020055,2026-10-07,player_goals,over:8480803,E. Bouchard to score (anytime),0.5,0.2783137488492423,0.24113201592116568,0.0,,4.1,0.03718173292807664,0.14108637028189341,5,,,0.3288388933437945,2026-10-07T23:00:19+00:00,8480803.0
2026-10-07-late-2300,2026-10-07T23:00:37+00:00,2026020055,2026-10-07,player_goals,over:8480834,T. Emberson to score (anytime),0.5,0.03864992229942932,0.08024166902671574,0.0,,14.0,-0.041591746727286424,-0.45890108780798955,3,,,0.03945551887930538,2026-10-07T23:00:19+00:00,8480834.0
2026-10-07-late-2300,2026-10-07T23:00:37+00:00,2026020055,2026-10-07,player_goals,over:8481605,J. LaCombe to score (anytime),0.5,0.16054148004393765,0.16938536688139932,0.0,,6.0,-0.008843886837461679,-0.03675111973637413,5,,,0.17576606137214912,2026-10-07T23:00:19+00:00,8481605.0
2026-10-07-late-2300,2026-10-07T23:00:37+00:00,2026020055,2026-10-07,player_goals,over:8481617,V. Podkolzin to score (anytime),0.5,0.2512210378141516,0.3185963920411818,0.0,,3.1,-0.06737535422703017,-0.22121478277612994,5,,,0.291414103922382,2026-10-07T23:00:19+00:00,8481617.0
2026-10-07-late-2300,2026-10-07T23:00:37+00:00,2026020055,2026-10-07,player_goals,over:8481754,N. Nesterenko to score (anytime),0.5,0.06539098888192552,0.12701903191183014,0.0,,8.5,-0.06162804302990463,-0.4441765945036331,5,,,0.06774147135847736,2026-10-07T23:00:19+00:00,8481754.0
2026-10-07-late-2300,2026-10-07T23:00:37+00:00,2026020055,2026-10-07,player_goals,over:8482408,J. Malott to score (anytime),0.5,0.06591366376994545,0.09519132883618864,0.0,,13.0,-0.029277665066243186,-0.14312237099070912,5,,,0.06830277481030753,2026-10-07T23:00:19+00:00,8482408.0
2026-10-07-late-2300,2026-10-07T23:00:37+00:00,2026020055,2026-10-07,player_goals,over:8482703,C. Dach to score (anytime),0.5,0.09676970871967683,0.13219271786249978,0.0,,7.5,-0.03542300914282295,-0.2742271846024238,3,,,0.10203713647418257,2026-10-07T23:00:19+00:00,8482703.0
2026-10-07-late-2300,2026-10-07T23:00:37+00:00,2026020055,2026-10-07,player_goals,over:8482731,T. Hinds to score (anytime),0.5,0.049366406601742074,0.0789388364979349,0.0,,17.0,-0.029572429896192826,-0.16077108777038474,3,,,0.05069070663014214,2026-10-07T23:00:19+00:00,8482731.0
2026-10-07-late-2300,2026-10-07T23:00:37+00:00,2026020055,2026-10-07,player_goals,over:8483445,C. Gauthier to score (anytime),0.5,0.3230984210522493,0.4335400166085045,0.0,,2.2,-0.11044159555625521,-0.28918347368505154,5,,,0.39406125050718427,2026-10-07T23:00:19+00:00,8483445.0
2026-10-07-late-2300,2026-10-07T23:00:37+00:00,2026020055,2026-10-07,player_goals,over:8483455,I. Howard to score (anytime),0.5,0.06181432275931242,0.16203533507001294,0.0,,6.5,-0.10022101231070052,-0.5982069020644692,5,,,0.06390929235088287,2026-10-07T23:00:19+00:00,8483455.0
2026-10-07-late-2300,2026-10-07T23:00:37+00:00,2026020055,2026-10-07,player_goals,over:8483482,T. Luneau to score (anytime),0.5,0.12530247846057052,0.10728902152761415,0.0,,10.5,0.018013456932956376,0.3156760238359906,5,,,0.13432622075100284,2026-10-07T23:00:19+00:00,8483482.0
2026-10-07-late-2300,2026-10-07T23:00:37+00:00,2026020055,2026-10-07,player_goals,over:8483490,P. Mintyukov to score (anytime),0.5,0.08244377004391867,0.0959765445746754,0.0,,11.0,-0.013532774530756728,-0.09311852951689459,5,,,0.08622675869458846,2026-10-07T23:00:19+00:00,8483490.0
2026-10-07-late-2300,2026-10-07T23:00:37+00:00,2026020055,2026-10-07,player_goals,over:8484153,L. Carlsson to score (anytime),0.5,0.2836907889155439,0.3292128626651374,0.0,,2.95,-0.045522073749593495,-0.16311217269914546,5,,,0.336441833202732,2026-10-07T23:00:19+00:00,8484153.0
2026-10-07-late-2300,2026-10-07T23:00:37+00:00,2026020055,2026-10-07,player_goals,over:8484262,T. Mitchell to score (anytime),0.5,0.07621790223779956,0.07216630721303617,0.0,,16.0,0.004051595024763391,0.219486435804793,5,,,0.07943639714194664,2026-10-07T23:00:19+00:00,8484262.0
2026-10-07-late-2300,2026-10-07T23:00:37+00:00,2026020055,2026-10-07,player_goals,over:8484509,J. Samanski to score (anytime),0.5,0.09399713762419681,0.11952496452216588,0.0,,9.5,-0.025527826897969064,-0.10702719257013027,5,,,0.09895682035619653,2026-10-07T23:00:19+00:00,8484509.0
2026-10-07-late-2300,2026-10-07T23:00:37+00:00,2026020055,2026-10-07,player_goals,over:8484762,B. Sennecke to score (anytime),0.5,0.20694321951472316,0.30781909048573597,0.0,,3.15,-0.1008758709710128,-0.3481288585286221,5,,,0.23320964827379267,2026-10-07T23:00:19+00:00,8484762.0
2026-10-07-late-2300,2026-10-07T23:00:37+00:00,2026020055,2026-10-07,player_goals,over:8485512,T. Washe to score (anytime),0.5,0.06817794663970289,0.08882669465407234,0.0,,12.0,-0.020648748014369445,-0.1818646403235653,5,,,0.07073821558358098,2026-10-07T23:00:19+00:00,8485512.0
2026-10-07-late-2300,2026-10-07T23:00:37+00:00,2026020055,2026-10-07,player_points,over:8473986,A. Killorn Over 0.5,0.5,0.4238303297023406,0.3927873952688587,0.0,,2.36,0.031042934433481884,0.00023957809752372938,3,,,0.5544042021309152,2026-10-07T23:00:19+00:00,8473986.0
2026-10-07-late-2300,2026-10-07T23:00:37+00:00,2026020055,2026-10-07,player_points,over:8475218,M. Ekholm Over 0.5,0.5,0.29193096135146035,0.31938631619539143,0.0,,3.0,-0.02745535484393108,-0.12420711594561895,3,,,0.34640815006588643,2026-10-07T23:00:19+00:00,8475218.0
2026-10-07-late-2300,2026-10-07T23:00:37+00:00,2026020055,2026-10-07,player_points,over:8475798,M. Granlund Over 0.5,0.5,0.5617760888553288,0.5252015390853909,0.0,,1.83,0.0365745497699379,0.028050242605251796,3,,,0.8318695465701472,2026-10-07T23:00:19+00:00,8475798.0
2026-10-07-late-2300,2026-10-07T23:00:37+00:00,2026020055,2026-10-07,player_points,over:8476473,C. Murphy Over 0.5,0.5,0.24215451602062743,0.20921155347385378,0.0,,4.2,0.032942962546773646,0.017048967286635297,1,,,0.27804600272661556,2026-10-07T23:00:19+00:00,8476473.0
2026-10-07-late-2300,2026-10-07T23:00:37+00:00,2026020055,2026-10-07,player_points,over:8477934,L. Draisaitl Over 1.5,1.5,0.2905727267723275,0.445557321827638,0.0,,2.13,-0.15498459505531054,-0.38108009197494247,3,,,1.072435512089246,2026-10-07T23:00:19+00:00,8477934.0
2026-10-07-late-2300,2026-10-07T23:00:37+00:00,2026020055,2026-10-07,player_points,over:8477953,K. Kapanen Over 0.5,0.5,0.3113095829011089,0.4733638844919057,0.0,,2.0,-0.1620543015907968,-0.37738083419778223,3,,,0.37435791333153623,2026-10-07T23:00:19+00:00,8477953.0
2026-10-07-late-2300,2026-10-07T23:00:37+00:00,2026020055,2026-10-07,player_points,over:8478402,C. McDavid Over 1.5,1.5,0.43543494762302914,0.500466293801466,0.0,,1.95,-0.06503134617843687,-0.15090185213509316,3,,,1.487069325670606,2026-10-07T23:00:19+00:00,8478402.0
2026-10-07-late-2300,2026-10-07T23:00:37+00:00,2026020055,2026-10-07,player_points,over:8478421,A. Greer Over 0.5,0.5,0.38619832706046253,0.3616599793069905,0.0,,2.55,0.024538347753472023,-0.015194265995820633,2,,,0.4904734359643146,2026-10-07T23:00:19+00:00,8478421.0
2026-10-07-late-2300,2026-10-07T23:00:37+00:00,2026020055,2026-10-07,player_points,over:8478854,R. Shea Over 0.5,0.5,0.411070652483706,0.3518032323451199,0.0,,2.61,0.0592674201385861,0.07289440298247263,2,,,0.5322621392969467,2026-10-07T23:00:19+00:00,8478854.0
2026-10-07-late-2300,2026-10-07T23:00:37+00:00,2026020055,2026-10-07,player_points,over:8479365,T. Frederic Over 0.5,0.5,0.19532602941587096,0.2911809397872672,0.0,,3.1,-0.09585491037139626,-0.3944893088108,2,,,0.21779104556951417,2026-10-07T23:00:19+00:00,8479365.0
2026-10-07-late-2300,2026-10-07T23:00:37+00:00,2026020055,2026-10-07,player_points,over:8480068,R. Poehling Over 0.5,0.5,0.3483257431053288,0.3423798644484899,0.0,,2.71,0.005945878656838932,-0.056037236184558914,2,,,0.4300493355574884,2026-10-07T23:00:19+00:00,8480068.0
2026-10-07-late-2300,2026-10-07T23:00:37+00:00,2026020055,2026-10-07,player_points,over:8480803,E. Bouchard Over 1.5,1.5,0.2853082901923567,0.3407336135144178,0.0,,2.67,-0.05542532332206107,-0.23822686518640762,2,,,1.0579349438831618,2026-10-07T23:00:19+00:00,8480803.0
2026-10-07-late-2300,2026-10-07T23:00:37+00:00,2026020055,2026-10-07,player_points,over:8481605,J. LaCombe Over 0.5,0.5,0.5227103298863656,0.563929018188952,0.0,,1.69,-0.04121868830258646,-0.1166195424920422,3,,,0.7451293226884467,2026-10-07T23:00:19+00:00,8481605.0
2026-10-07-late-2300,2026-10-07T23:00:37+00:00,2026020055,2026-10-07,player_points,over:8481617,V. Podkolzin Over 0.5,0.5,0.4498609720658423,0.5983806789296208,0.0,,1.62,-0.14851970686377847,-0.2712252252533354,3,,,0.6011695934263609,2026-10-07T23:00:19+00:00,8481617.0
2026-10-07-late-2300,2026-10-07T23:00:37+00:00,2026020055,2026-10-07,player_points,over:8481754,N. Nesterenko Over 0.5,0.5,0.18850591433367647,0.22987012987012992,0.0,,3.85,-0.04136421553645345,-0.2742522298153456,1,,,0.2093150893390172,2026-10-07T23:00:19+00:00,8481754.0
2026-10-07-late-2300,2026-10-07T23:00:37+00:00,2026020055,2026-10-07,player_points,over:8483445,C. Gauthier Over 0.5,0.5,0.5232776511552293,0.6385757017749117,0.0,,1.53,-0.11529805061968246,-0.1993851937324992,3,,,0.7463363991770507,2026-10-07T23:00:19+00:00,8483445.0
2026-10-07-late-2300,2026-10-07T23:00:37+00:00,2026020055,2026-10-07,player_points,over:8483455,I. Howard Over 0.5,0.5,0.18984158075963564,0.2628772407534258,0.0,,3.39,-0.07303565999379014,-0.35643704122483516,1,,,0.21096930357123653,2026-10-07T23:00:19+00:00,8483455.0
2026-10-07-late-2300,2026-10-07T23:00:37+00:00,2026020055,2026-10-07,player_points,over:8483482,T. Luneau Over 0.5,0.5,0.2811479022140263,0.34945746645252157,0.0,,2.61,-0.06830956423849527,-0.2662039752213914,2,,,0.33119170757433486,2026-10-07T23:00:19+00:00,8483482.0
2026-10-07-late-2300,2026-10-07T23:00:37+00:00,2026020055,2026-10-07,player_points,over:8483490,P. Mintyukov Over 0.5,0.5,0.2600281670406013,0.31144952555966,0.0,,2.95,-0.05142135851905871,-0.23291690723022618,2,,,0.3020518524873125,2026-10-07T23:00:19+00:00,8483490.0
2026-10-07-late-2300,2026-10-07T23:00:37+00:00,2026020055,2026-10-07,player_points,over:8484153,L. Carlsson Over 0.5,0.5,0.5712968539176915,0.6089635502417009,0.0,,1.57,-0.03766669632400943,-0.10306393934922436,3,,,0.8542051774247628,2026-10-07T23:00:19+00:00,8484153.0
2026-10-07-late-2300,2026-10-07T23:00:37+00:00,2026020055,2026-10-07,player_points,over:8484262,T. Mitchell Over 0.5,0.5,0.14565307710263997,0.1604554865424443,0.0,,5.25,-0.01480240943980432,-0.23532134521114012,1,,,0.1576659991083442,2026-10-07T23:00:19+00:00,8484262.0
2026-10-07-late-2300,2026-10-07T23:00:37+00:00,2026020055,2026-10-07,player_points,over:8484762,B. Sennecke Over 0.5,0.5,0.4482151038205998,0.5886645453786875,0.0,,1.61,-0.1404494415580877,-0.27837368284883424,3,,,0.5981465015237567,2026-10-07T23:00:19+00:00,8484762.0
2026-10-07-late-2300,2026-10-07T23:00:37+00:00,2026020055,2026-10-07,player_points,under:8473986,A. Killorn Under 0.5,0.5,0.5761696702976594,0.6072126047311412,0.0,,1.57,-0.031042934433481884,-0.0954136176326747,3,,,0.5544042021309152,2026-10-07T23:00:19+00:00,8473986.0
2026-10-07-late-2300,2026-10-07T23:00:37+00:00,2026020055,2026-10-07,player_points,under:8475218,M. Ekholm Under 0.5,0.5,0.7080690386485397,0.6806136838046086,0.0,,1.44,0.02745535484393108,0.019619415653897077,3,,,0.34640815006588643,2026-10-07T23:00:19+00:00,8475218.0
2026-10-07-late-2300,2026-10-07T23:00:37+00:00,2026020055,2026-10-07,player_points,under:8475798,M. Granlund Under 0.5,0.5,0.4382239111446712,0.4747984609146091,0.0,,2.0,-0.0365745497699379,-0.12355217771065763,3,,,0.8318695465701472,2026-10-07T23:00:19+00:00,8475798.0
2026-10-07-late-2300,2026-10-07T23:00:37+00:00,2026020055,2026-10-07,player_points,under:8476473,C. Murphy Under 0.5,0.5,0.7578454839793726,0.7907884465261462,0.0,,1.22,-0.032942962546773646,-0.07542850954516547,1,,,0.27804600272661556,2026-10-07T23:00:19+00:00,8476473.0
2026-10-07-late-2300,2026-10-07T23:00:37+00:00,2026020055,2026-10-07,player_points,under:8477934,L. Draisaitl Under 1.5,1.5,0.7094272732276725,0.5544426781723619,0.0,,1.71,0.15498459505531054,0.21312063721931995,3,,,1.072435512089246,2026-10-07T23:00:19+00:00,8477934.0
2026-10-07-late-2300,2026-10-07T23:00:37+00:00,2026020055,2026-10-07,player_points,under:8477953,K. Kapanen Under 0.5,0.5,0.6886904170988911,0.5266361155080943,0.0,,1.83,0.1620543015907968,0.26030346329097076,3,,,0.37435791333153623,2026-10-07T23:00:19+00:00,8477953.0
2026-10-07-late-2300,2026-10-07T23:00:37+00:00,2026020055,2026-10-07,player_points,under:8478402,C. McDavid Under 1.5,1.5,0.5645650523769709,0.499533706198534,0.0,,1.92,0.06503134617843687,0.08396490056378403,3,,,1.487069325670606,2026-10-07T23:00:19+00:00,8478402.0
2026-10-07-late-2300,2026-10-07T23:00:37+00:00,2026020055,2026-10-07,player_points,under:8478421,A. Greer Under 0.5,0.5,0.6138016729395375,0.6383400206930094,0.0,,1.5,-0.024538347753472023,-0.0792974905906938,2,,,0.4904734359643146,2026-10-07T23:00:19+00:00,8478421.0
2026-10-07-late-2300,2026-10-07T23:00:37+00:00,2026020055,2026-10-07,player_points,under:8478854,R. Shea Under 0.5,0.5,0.588929347516294,0.6481967676548801,0.0,,1.47,-0.0592674201385861,-0.13427385915104784,2,,,0.5322621392969467,2026-10-07T23:00:19+00:00,8478854.0
2026-10-07-late-2300,2026-10-07T23:00:37+00:00,2026020055,2026-10-07,player_points,under:8479365,T. Frederic Under 0.5,0.5,0.804673970584129,0.7088190602127328,0.0,,1.35,0.09585491037139626,0.08630986028857429,2,,,0.21779104556951417,2026-10-07T23:00:19+00:00,8479365.0
2026-10-07-late-2300,2026-10-07T23:00:37+00:00,2026020055,2026-10-07,player_points,under:8480068,R. Poehling Under 0.5,0.5,0.6516742568946712,0.6576201355515101,0.0,,1.45,-0.005945878656838932,-0.05507232750272684,2,,,0.4300493355574884,2026-10-07T23:00:19+00:00,8480068.0
2026-10-07-late-2300,2026-10-07T23:00:37+00:00,2026020055,2026-10-07,player_points,under:8480803,E. Bouchard Under 1.5,1.5,0.7146917098076433,0.6592663864855822,0.0,,1.45,0.05542532332206107,0.03630297922108272,2,,,1.0579349438831618,2026-10-07T23:00:19+00:00,8480803.0
2026-10-07-late-2300,2026-10-07T23:00:37+00:00,2026020055,2026-10-07,player_points,under:8481605,J. LaCombe Under 0.5,0.5,0.47728967011363443,0.436070981811048,0.0,,2.15,0.04121868830258646,0.026172790744314,3,,,0.7451293226884467,2026-10-07T23:00:19+00:00,8481605.0
2026-10-07-late-2300,2026-10-07T23:00:37+00:00,2026020055,2026-10-07,player_points,under:8481617,V. Podkolzin Under 0.5,0.5,0.5501390279341577,0.40161932107037923,0.0,,2.35,0.14851970686377847,0.29282671564527063,3,,,0.6011695934263609,2026-10-07T23:00:19+00:00,8481617.0
2026-10-07-late-2300,2026-10-07T23:00:37+00:00,2026020055,2026-10-07,player_points,under:8481754,N. Nesterenko Under 0.5,0.5,0.8114940856663235,0.7701298701298701,0.0,,1.25,0.04136421553645345,0.01436760708290441,1,,,0.2093150893390172,2026-10-07T23:00:19+00:00,8481754.0
2026-10-07-late-2300,2026-10-07T23:00:37+00:00,2026020055,2026-10-07,player_points,under:8483445,C. Gauthier Under 0.5,0.5,0.4767223488447707,0.36142429822508826,0.0,,2.65,0.11529805061968246,0.2633142244386424,3,,,0.7463363991770507,2026-10-07T23:00:19+00:00,8483445.0
2026-10-07-late-2300,2026-10-07T23:00:37+00:00,2026020055,2026-10-07,player_points,under:8483455,I. Howard Under 0.5,0.5,0.8101584192403644,0.7371227592465742,0.0,,1.3,0.07303565999379014,0.05320594501247369,1,,,0.21096930357123653,2026-10-07T23:00:19+00:00,8483455.0
2026-10-07-late-2300,2026-10-07T23:00:37+00:00,2026020055,2026-10-07,player_points,under:8483482,T. Luneau Under 0.5,0.5,0.7188520977859737,0.6505425335474784,0.0,,1.47,0.06830956423849527,0.056712583745381295,2,,,0.33119170757433486,2026-10-07T23:00:19+00:00,8483482.0
2026-10-07-late-2300,2026-10-07T23:00:37+00:00,2026020055,2026-10-07,player_points,under:8483490,P. Mintyukov Under 0.5,0.5,0.7399718329593987,0.68855047444034,0.0,,1.39,0.05142135851905871,0.02856084781356416,2,,,0.3020518524873125,2026-10-07T23:00:19+00:00,8483490.0
2026-10-07-late-2300,2026-10-07T23:00:37+00:00,2026020055,2026-10-07,player_points,under:8484153,L. Carlsson Under 0.5,0.5,0.42870314608230853,0.3910364497582991,0.0,,2.42,0.03766669632400943,0.03746161351918664,3,,,0.8542051774247628,2026-10-07T23:00:19+00:00,8484153.0
2026-10-07-late-2300,2026-10-07T23:00:37+00:00,2026020055,2026-10-07,player_points,under:8484262,T. Mitchell Under 0.5,0.5,0.85434692289736,0.8395445134575557,0.0,,1.15,0.01480240943980432,-0.01750103866803604,1,,,0.1576659991083442,2026-10-07T23:00:19+00:00,8484262.0
2026-10-07-late-2300,2026-10-07T23:00:37+00:00,2026020055,2026-10-07,player_points,under:8484762,B. Sennecke Under 0.5,0.5,0.5517848961794002,0.4113354546213125,0.0,,2.26,0.1404494415580877,0.24703386536544425,3,,,0.5981465015237567,2026-10-07T23:00:19+00:00,8484762.0
2026-10-07-late-2300,2026-10-07T23:00:37+00:00,2026020055,2026-10-07,player_sog,over:8473986,A. Killorn Over 1.5,1.5,0.4752075368766697,0.5143003033453979,0.0,,1.91,-0.03909276646872817,-0.09235360456556085,4,,,1.6395860589011362,2026-10-07T23:00:19+00:00,8473986.0
2026-10-07-late-2300,2026-10-07T23:00:37+00:00,2026020055,2026-10-07,player_sog,over:8475798,M. Granlund Over 1.5,1.5,0.5610359141919885,0.5429197832124555,0.0,,1.83,0.01811613097953302,0.026695722971338987,4,,,1.949378550559123,2026-10-07T23:00:19+00:00,8475798.0
2026-10-07-late-2300,2026-10-07T23:00:37+00:00,2026020055,2026-10-07,player_sog,over:8477934,L. Draisaitl Over 3.5,3.5,0.3161358932872589,0.41830647742065236,0.0,,2.25,-0.10217058413339347,-0.2886942401036675,4,,,2.8227549201637054,2026-10-07T23:00:19+00:00,8477934.0
2026-10-07-late-2300,2026-10-07T23:00:37+00:00,2026020055,2026-10-07,player_sog,over:8477953,K. Kapanen Over 1.5,1.5,0.3889689851563465,0.5536231569581912,0.0,,1.76,-0.16465417180184472,-0.3154145861248302,4,,,1.3638786172147772,2026-10-07T23:00:19+00:00,8477953.0
2026-10-07-late-2300,2026-10-07T23:00:37+00:00,2026020055,2026-10-07,player_sog,over:8478402,C. McDavid Over 3.5,3.5,0.40953190978175336,0.42955093767351527,0.0,,2.25,-0.02001902789176191,-0.07855320299105495,5,,,3.290508457569099,2026-10-07T23:00:19+00:00,8478402.0
2026-10-07-late-2300,2026-10-07T23:00:37+00:00,2026020055,2026-10-07,player_sog,over:8480803,E. Bouchard Over 2.5,2.5,0.4183664222883682,0.531683388357431,0.0,,1.87,-0.11331696606906283,-0.21765479032075147,5,,,2.389363728846026,2026-10-07T23:00:19+00:00,8480803.0
2026-10-07-late-2300,2026-10-07T23:00:37+00:00,2026020055,2026-10-07,player_sog,over:8481605,J. LaCombe Over 1.5,1.5,0.5047685503354157,0.5574833284635947,0.0,,1.71,-0.05271477812817904,-0.13684577892643923,4,,,1.7414625124553307,2026-10-07T23:00:19+00:00,8481605.0
2026-10-07-late-2300,2026-10-07T23:00:37+00:00,2026020055,2026-10-07,player_sog,over:8481617,V. Podkolzin Over 2.5,2.5,0.36775563758655827,0.4714282355874995,0.0,,2.05,-0.10367259800094125,-0.24610094294755563,4,,,2.1804530907318824,2026-10-07T23:00:19+00:00,8481617.0
2026-10-07-late-2300,2026-10-07T23:00:37+00:00,2026020055,2026-10-07,player_sog,over:8483445,C. Gauthier Over 3.5,3.5,0.344596459419806,0.48744926428124263,0.0,,1.96,-0.14285280486143664,-0.32459093953718027,5,,,2.963674514853744,2026-10-07T23:00:19+00:00,8483445.0
2026-10-07-late-2300,2026-10-07T23:00:37+00:00,2026020055,2026-10-07,player_sog,over:8483490,P. Mintyukov Over 1.5,1.5,0.29266778648528846,0.38876967478851304,0.0,,2.41,-0.09610188830322458,-0.2946706345704548,3,,,1.081177521523039,2026-10-07T23:00:19+00:00,8483490.0
2026-10-07-late-2300,2026-10-07T23:00:37+00:00,2026020055,2026-10-07,player_sog,over:8484153,L. Carlsson Over 2.5,2.5,0.49858754398256366,0.4497072356795426,0.0,,2.2,0.048880308303021036,0.09689259676164019,5,,,2.7409954318037144,2026-10-07T23:00:19+00:00,8484153.0
2026-10-07-late-2300,2026-10-07T23:00:37+00:00,2026020055,2026-10-07,player_sog,over:8484762,B. Sennecke Over 2.5,2.5,0.3812870018905914,0.4259362690246008,0.0,,2.4,-0.04464926713400941,-0.08491119546258075,5,,,2.2355956116599334,2026-10-07T23:00:19+00:00,8484762.0
2026-10-07-late-2300,2026-10-07T23:00:37+00:00,2026020055,2026-10-07,player_sog,under:8473986,A. Killorn Under 1.5,1.5,0.5247924631233303,0.4856996966546021,0.0,,1.95,0.03909276646872817,0.02334530309049404,4,,,1.6395860589011362,2026-10-07T23:00:19+00:00,8473986.0
2026-10-07-late-2300,2026-10-07T23:00:37+00:00,2026020055,2026-10-07,player_sog,under:8475798,M. Granlund Under 1.5,1.5,0.4389640858080115,0.4570802167875445,0.0,,2.07,-0.01811613097953302,-0.09134434237741629,4,,,1.949378550559123,2026-10-07T23:00:19+00:00,8475798.0
2026-10-07-late-2300,2026-10-07T23:00:37+00:00,2026020055,2026-10-07,player_sog,under:8477934,L. Draisaitl Under 3.5,3.5,0.6838641067127411,0.5816935225793476,0.0,,1.66,0.10217058413339347,0.1352144171431502,4,,,2.8227549201637054,2026-10-07T23:00:19+00:00,8477934.0
2026-10-07-late-2300,2026-10-07T23:00:37+00:00,2026020055,2026-10-07,player_sog,under:8477953,K. Kapanen Under 1.5,1.5,0.6110310148436535,0.4463768430418088,0.0,,2.15,0.16465417180184472,0.31371668191385504,4,,,1.3638786172147772,2026-10-07T23:00:19+00:00,8477953.0
2026-10-07-late-2300,2026-10-07T23:00:37+00:00,2026020055,2026-10-07,player_sog,under:8478402,C. McDavid Under 3.5,3.5,0.5904680902182466,0.5704490623264847,0.0,,1.69,0.02001902789176191,-0.002108927531163207,5,,,3.290508457569099,2026-10-07T23:00:19+00:00,8478402.0
2026-10-07-late-2300,2026-10-07T23:00:37+00:00,2026020055,2026-10-07,player_sog,under:8480803,E. Bouchard Under 2.5,2.5,0.5816335777116318,0.468316611642569,0.0,,2.2,0.11331696606906283,0.2795938709655901,5,,,2.389363728846026,2026-10-07T23:00:19+00:00,8480803.0
2026-10-07-late-2300,2026-10-07T23:00:37+00:00,2026020055,2026-10-07,player_sog,under:8481605,J. LaCombe Under 1.5,1.5,0.4952314496645843,0.4425166715364053,0.0,,2.15,0.05271477812817904,0.06474761677885621,4,,,1.7414625124553307,2026-10-07T23:00:19+00:00,8481605.0
2026-10-07-late-2300,2026-10-07T23:00:37+00:00,2026020055,2026-10-07,player_sog,under:8481617,V. Podkolzin Under 2.5,2.5,0.6322443624134417,0.5285717644125005,0.0,,1.82,0.10367259800094125,0.15068473959246398,4,,,2.1804530907318824,2026-10-07T23:00:19+00:00,8481617.0
2026-10-07-late-2300,2026-10-07T23:00:37+00:00,2026020055,2026-10-07,player_sog,under:8483445,C. Gauthier Under 3.5,3.5,0.655403540580194,0.5125507357187573,0.0,,1.87,0.14285280486143664,0.22560462088496291,5,,,2.963674514853744,2026-10-07T23:00:19+00:00,8483445.0
2026-10-07-late-2300,2026-10-07T23:00:37+00:00,2026020055,2026-10-07,player_sog,under:8483490,P. Mintyukov Under 1.5,1.5,0.7073322135147115,0.611230325211487,0.0,,1.54,0.09610188830322458,0.0892916088126558,3,,,1.081177521523039,2026-10-07T23:00:19+00:00,8483490.0
2026-10-07-late-2300,2026-10-07T23:00:37+00:00,2026020055,2026-10-07,player_sog,under:8484153,L. Carlsson Under 2.5,2.5,0.5014124560174363,0.5502927643204574,0.0,,1.74,-0.048880308303021036,-0.1275423265296608,5,,,2.7409954318037144,2026-10-07T23:00:19+00:00,8484153.0
2026-10-07-late-2300,2026-10-07T23:00:37+00:00,2026020055,2026-10-07,player_sog,under:8484762,B. Sennecke Under 2.5,2.5,0.6187129981094086,0.5740637309753992,0.0,,1.69,0.04464926713400941,0.045624966804900524,5,,,2.2355956116599334,2026-10-07T23:00:19+00:00,8484762.0
2026-10-07-late-2300,2026-10-07T23:00:37+00:00,2026020055,2026-10-07,spreads,away,EDM -1.5,-1.5,0.26112839818417055,0.3406477400628519,0.0,,2.8,-0.07951934187868137,-0.2688404850843225,9,3.1560969480799725,2.934497483027167,6.203902645553092,2026-10-07T23:00:19+00:00,
2026-10-07-late-2300,2026-10-07T23:00:37+00:00,2026020055,2026-10-07,spreads,home,ANA +1.5,1.5,0.7388716018158294,0.6593522599371481,0.0,,1.49,0.07951934187868137,0.10091868670558585,9,3.1560969480799725,2.934497483027167,6.203902645553092,2026-10-07T23:00:19+00:00,
2026-10-07-late-2300,2026-10-07T23:00:37+00:00,2026020055,2026-10-07,totals,over,Over 6.5,6.5,0.4560029962414317,0.5657594625313755,0.0,,1.75,-0.10975646628994384,-0.20199475657749455,6,3.1560969480799725,2.934497483027167,6.203902645553092,2026-10-07T23:00:19+00:00,
2026-10-07-late-2300,2026-10-07T23:00:37+00:00,2026020055,2026-10-07,totals,under,Under 6.5,6.5,0.5439970037585683,0.43424053746862445,0.0,,2.25,0.10975646628994384,0.22399325845677864,6,3.1560969480799725,2.934497483027167,6.203902645553092,2026-10-07T23:00:19+00:00,
