run_id,run_at,game_id,game_date,market,side,label,point,p_model,p_market,p_push,book,decimal,edge,ev,n_books,lam_home,lam_away,exp_total,odds_captured_at,player_id
2026-10-07-late-2213,2026-10-07T22:13:12+00:00,2026020053,2026-10-07,player_assists,over:8471214,A. Ovechkin Over 0.5,0.5,0.297894119132151,0.3502269025408069,0.0,,2.75,-0.05233278340865588,-0.1807911723865847,2,,,0.3549248455050754,2026-10-07T22:12:45+00:00,8471214.0
2026-10-07-late-2213,2026-10-07T22:13:12+00:00,2026020053,2026-10-07,player_assists,over:8471215,E. Malkin Over 0.5,0.5,0.373705678633799,0.388046373106174,0.0,,2.5,-0.014340694472375015,-0.06573580341550256,2,,,0.47013133345262653,2026-10-07T22:12:45+00:00,8471215.0
2026-10-07-late-2213,2026-10-07T22:13:12+00:00,2026020053,2026-10-07,player_assists,over:8471675,S. Crosby Over 0.5,0.5,0.408893133797663,0.4570742281833107,0.0,,2.05,-0.048181094385647716,-0.16176907571479088,2,,,0.528532389046349,2026-10-07T22:12:45+00:00,8471675.0
2026-10-07-late-2213,2026-10-07T22:13:12+00:00,2026020053,2026-10-07,player_assists,over:8471724,K. Letang Over 0.5,0.5,0.2978957541624867,0.29111442774600604,0.0,,3.2,0.00678132641648066,-0.04673358668004246,2,,,0.3549271907903026,2026-10-07T22:12:45+00:00,8471724.0
2026-10-07-late-2213,2026-10-07T22:13:12+00:00,2026020053,2026-10-07,player_assists,over:8474578,E. Karlsson Over 0.5,0.5,0.38119600684378097,0.4570742281833107,0.0,,2.05,-0.07587822133952976,-0.2185481859702491,2,,,0.4822777766300834,2026-10-07T22:12:45+00:00,8474578.0
2026-10-07-late-2213,2026-10-07T22:13:12+00:00,2026020053,2026-10-07,player_assists,over:8476432,B. Jenner Over 0.5,0.5,0.2726147918646128,0.25335803612782504,0.0,,3.4,0.019256755736787756,-0.07310970766031655,1,,,0.31931437825576997,2026-10-07T22:12:45+00:00,8476432.0
2026-10-07-late-2213,2026-10-07T22:13:12+00:00,2026020053,2026-10-07,player_assists,over:8476483,R. Rakell Over 0.5,0.5,0.32276407433232035,0.3257759877922648,0.0,,2.9,-0.0030119134599444486,-0.06398418443627096,2,,,0.3912584723097759,2026-10-07T22:12:45+00:00,8476483.0
2026-10-07-late-2213,2026-10-07T22:13:12+00:00,2026020053,2026-10-07,player_assists,over:8476880,T. Wilson Over 0.5,0.5,0.3530360237380866,0.4088092346380515,0.0,,2.35,-0.0557732108999649,-0.17036534421549643,2,,,0.43736647601626744,2026-10-07T22:12:45+00:00,8476880.0
2026-10-07-late-2213,2026-10-07T22:13:12+00:00,2026020053,2026-10-07,player_assists,over:8477845,T. van Riemsdyk Over 0.5,0.5,0.1917841546826654,0.20729719540499503,0.0,,4.3,-0.015513040722329619,-0.1753281348645388,2,,,0.21338014042637346,2026-10-07T22:12:45+00:00,8477845.0
2026-10-07-late-2213,2026-10-07T22:13:12+00:00,2026020053,2026-10-07,player_assists,over:8477949,A. Tuch Over 0.5,0.5,0.30980565845227026,0.3468143304733737,0.0,,2.65,-0.03700867202110342,-0.17901500510148383,2,,,0.37216026467483204,2026-10-07T22:12:45+00:00,8477949.0
2026-10-07-late-2213,2026-10-07T22:13:12+00:00,2026020053,2026-10-07,player_assists,over:8478438,T. Novak Over 0.5,0.5,0.26848280185043516,0.2897156527146464,0.0,,3.2,-0.021232850864211228,-0.14085503407860744,2,,,0.31361399192783895,2026-10-07T22:12:45+00:00,8478438.0
2026-10-07-late-2213,2026-10-07T22:13:12+00:00,2026020053,2026-10-07,player_assists,over:8478440,D. Strome Over 0.5,0.5,0.3141694877788124,0.4205955262578046,0.0,,2.25,-0.10642603847899224,-0.29311865249767216,2,,,0.3785505617500886,2026-10-07T22:12:45+00:00,8478440.0
2026-10-07-late-2213,2026-10-07T22:13:12+00:00,2026020053,2026-10-07,player_assists,over:8478463,A. Beauvillier Over 0.5,0.5,0.2086869897007374,0.22023150199381122,0.0,,4.0,-0.011544512293073822,-0.1652520411970504,2,,,0.23461037937163765,2026-10-07T22:12:45+00:00,8478463.0
2026-10-07-late-2213,2026-10-07T22:13:12+00:00,2026020053,2026-10-07,player_assists,over:8479345,J. Chychrun Over 0.5,0.5,0.33945081004924627,0.43869404049044725,0.0,,2.1,-0.09924323044120098,-0.2871532988965828,2,,,0.41640807343943204,2026-10-07T22:12:45+00:00,8479345.0
2026-10-07-late-2213,2026-10-07T22:13:12+00:00,2026020053,2026-10-07,player_assists,over:8479385,J. Kyrou Over 0.5,0.5,0.2689568599416027,0.30460805378854194,0.0,,2.95,-0.035651193846939266,-0.2065772631722721,2,,,0.3142663200579306,2026-10-07T22:12:45+00:00,8479385.0
2026-10-07-late-2213,2026-10-07T22:13:12+00:00,2026020053,2026-10-07,player_assists,over:8479398,S. Girard Over 0.5,0.5,0.2579943945382783,0.25335803612782504,0.0,,3.4,0.0046363584104532896,-0.12281905856985376,1,,,0.2992906718214078,2026-10-07T22:12:45+00:00,8479398.0
2026-10-07-late-2213,2026-10-07T22:13:12+00:00,2026020053,2026-10-07,player_assists,over:8479400,P. Dubois Over 0.5,0.5,0.33975401158201457,0.4054419444490461,0.0,,2.35,-0.0656879328670315,-0.20157807278226575,2,,,0.4168710188803616,2026-10-07T22:12:45+00:00,8479400.0
2026-10-07-late-2213,2026-10-07T22:13:12+00:00,2026020053,2026-10-07,player_assists,over:8479576,V. Desharnais Over 0.5,0.5,0.1813064784769528,0.211538461538476,0.0,,3.9,-0.030231983061523193,-0.29290473393988403,1,,,0.2004461919130705,2026-10-07T22:12:45+00:00,8479576.0
2026-10-07-late-2213,2026-10-07T22:13:12+00:00,2026020053,2026-10-07,player_assists,over:8480043,T. Liljegren Over 0.5,0.5,0.1866497413254289,0.32142857142861514,0.0,,2.8,-0.13477883010318625,-0.47738072428879913,1,,,0.20702083667376553,2026-10-07T22:12:45+00:00,8480043.0
2026-10-07-late-2213,2026-10-07T22:13:12+00:00,2026020053,2026-10-07,player_assists,over:8480796,M. Fehérváry Over 0.5,0.5,0.25060700796213253,0.2444487870219474,0.0,,3.9,0.006158220940185144,-0.02263266894768312,2,,,0.2893256219688334,2026-10-07T22:12:45+00:00,8480796.0
2026-10-07-late-2213,2026-10-07T22:13:12+00:00,2026020053,2026-10-07,player_assists,over:8480980,C. Dewar Over 0.5,0.5,0.21886876102099895,0.194600792161669,0.0,,4.1,0.02426796885932994,-0.10263807981390438,1,,,0.24762325939166757,2026-10-07T22:12:45+00:00,8480980.0
2026-10-07-late-2213,2026-10-07T22:13:12+00:00,2026020053,2026-10-07,player_assists,over:8481481,B. Lizotte Over 0.5,0.5,0.18746994684413987,0.22529906956143284,0.0,,3.7,-0.03782912271729297,-0.3063611966766825,1,,,0.20803396154515366,2026-10-07T22:12:45+00:00,8481481.0
2026-10-07-late-2213,2026-10-07T22:13:12+00:00,2026020053,2026-10-07,player_assists,over:8481527,K. Korczak Over 0.5,0.5,0.16526247924891257,0.17503987240840968,0.0,,4.4,-0.009777393159497105,-0.2728450913047846,1,,,0.18096464394774048,2026-10-07T22:12:45+00:00,8481527.0
2026-10-07-late-2213,2026-10-07T22:13:12+00:00,2026020053,2026-10-07,player_assists,over:8481582,N. Robertson Over 0.5,0.5,0.12347229596793452,0.1866125760649293,0.0,,4.25,-0.06314028009699477,-0.47524274213627826,1,,,0.13196079829261376,2026-10-07T22:12:45+00:00,8481582.0
2026-10-07-late-2213,2026-10-07T22:13:12+00:00,2026020053,2026-10-07,player_assists,over:8481656,A. Protas Over 0.5,0.5,0.29302532932606706,0.2790853425181531,0.0,,3.35,0.013939986807913973,-0.01836514675767531,2,,,0.3479656527655989,2026-10-07T22:12:45+00:00,8481656.0
2026-10-07-late-2213,2026-10-07T22:13:12+00:00,2026020053,2026-10-07,player_assists,over:8482088,J. Sourdif Over 0.5,0.5,0.24036580731819224,0.2738969559353127,0.0,,3.4,-0.033531148617120476,-0.18275625511814642,2,,,0.2756754747689364,2026-10-07T22:12:45+00:00,8482088.0
2026-10-07-late-2213,2026-10-07T22:13:12+00:00,2026020053,2026-10-07,player_assists,over:8482148,H. Lapierre Over 0.5,0.5,0.16354603778631682,0.194600792161669,0.0,,4.1,-0.031054754375352184,-0.3294612450761011,1,,,0.17890309803301807,2026-10-07T22:12:45+00:00,8482148.0
2026-10-07-late-2213,2026-10-07T22:13:12+00:00,2026020053,2026-10-07,player_assists,over:8482758,V. Koivunen Over 0.5,0.5,0.16632097856337047,0.20803706097834865,0.0,,3.9,-0.04171608241497818,-0.3513481836028552,1,,,0.18223811964020747,2026-10-07T22:12:45+00:00,8482758.0
2026-10-07-late-2213,2026-10-07T22:13:12+00:00,2026020053,2026-10-07,player_assists,over:8483398,D. Carlile Over 0.5,0.5,0.16837664736329594,0.18069083241284958,0.0,,4.33,-0.012314185049553644,-0.27092911691692856,1,,,0.18471600382630368,2026-10-07T22:12:45+00:00,8483398.0
2026-10-07-late-2213,2026-10-07T22:13:12+00:00,2026020053,2026-10-07,player_assists,over:8484186,R. Leonard Over 0.5,0.5,0.20691520874387037,0.235916212452982,0.0,,3.85,-0.029001003709111628,-0.20337644633609908,2,,,0.23236339891092792,2026-10-07T22:12:45+00:00,8484186.0
2026-10-07-late-2213,2026-10-07T22:13:12+00:00,2026020053,2026-10-07,player_assists,over:8484873,C. Hutson Over 0.5,0.5,0.24721395196407103,0.3200314286545102,0.0,,2.95,-0.07281747669043914,-0.2707188417059904,2,,,0.2847821667520595,2026-10-07T22:12:45+00:00,8484873.0
2026-10-07-late-2213,2026-10-07T22:13:12+00:00,2026020053,2026-10-07,player_assists,over:8484999,I. Protas Over 0.5,0.5,0.2719445323008588,0.28429530668338454,0.0,,3.25,-0.012350774382525742,-0.11618027002220888,2,,,0.31838746466840934,2026-10-07T22:12:45+00:00,8484999.0
2026-10-07-late-2213,2026-10-07T22:13:12+00:00,2026020053,2026-10-07,player_assists,over:8485414,B. Kindel Over 0.5,0.5,0.2159283105360471,0.23752911567875423,0.0,,3.85,-0.021600805142707125,-0.16867600443621866,2,,,0.24384751202909663,2026-10-07T22:12:45+00:00,8485414.0
2026-10-07-late-2213,2026-10-07T22:13:12+00:00,2026020053,2026-10-07,player_assists,under:8471214,A. Ovechkin Under 0.5,0.5,0.702105880867849,0.6497730974591931,0.0,,1.5,0.05233278340865588,0.05315882130177346,2,,,0.3549248455050754,2026-10-07T22:12:45+00:00,8471214.0
2026-10-07-late-2213,2026-10-07T22:13:12+00:00,2026020053,2026-10-07,player_assists,under:8471215,E. Malkin Under 0.5,0.5,0.626294321366201,0.6119536268938259,0.0,,1.61,0.014340694472375015,0.0083338573995837,2,,,0.47013133345262653,2026-10-07T22:12:45+00:00,8471215.0
2026-10-07-late-2213,2026-10-07T22:13:12+00:00,2026020053,2026-10-07,player_assists,under:8471675,S. Crosby Under 0.5,0.5,0.591106866202337,0.5429257718166893,0.0,,1.74,0.048181094385647716,0.02852594719206636,2,,,0.528532389046349,2026-10-07T22:12:45+00:00,8471675.0
2026-10-07-late-2213,2026-10-07T22:13:12+00:00,2026020053,2026-10-07,player_assists,under:8471724,K. Letang Under 0.5,0.5,0.7021042458375133,0.708885572253994,0.0,,1.36,-0.00678132641648066,-0.04513822566098186,2,,,0.3549271907903026,2026-10-07T22:12:45+00:00,8471724.0
2026-10-07-late-2213,2026-10-07T22:13:12+00:00,2026020053,2026-10-07,player_assists,under:8474578,E. Karlsson Under 0.5,0.5,0.618803993156219,0.5429257718166893,0.0,,1.74,0.07587822133952976,0.07671894809182112,2,,,0.4822777766300834,2026-10-07T22:12:45+00:00,8474578.0
2026-10-07-late-2213,2026-10-07T22:13:12+00:00,2026020053,2026-10-07,player_assists,under:8476432,B. Jenner Under 0.5,0.5,0.7273852081353872,0.746641963872175,0.0,,1.27,-0.019256755736787756,-0.07622078566805823,1,,,0.31931437825576997,2026-10-07T22:12:45+00:00,8476432.0
2026-10-07-late-2213,2026-10-07T22:13:12+00:00,2026020053,2026-10-07,player_assists,under:8476483,R. Rakell Under 0.5,0.5,0.6772359256676797,0.6742240122077352,0.0,,1.44,0.0030119134599444486,-0.02478026703854136,2,,,0.3912584723097759,2026-10-07T22:12:45+00:00,8476483.0
2026-10-07-late-2213,2026-10-07T22:13:12+00:00,2026020053,2026-10-07,player_assists,under:8476880,T. Wilson Under 0.5,0.5,0.6469639762619134,0.5911907653619485,0.0,,1.65,0.0557732108999649,0.06749056083215699,2,,,0.43736647601626744,2026-10-07T22:12:45+00:00,8476880.0
2026-10-07-late-2213,2026-10-07T22:13:12+00:00,2026020053,2026-10-07,player_assists,under:8477845,T. van Riemsdyk Under 0.5,0.5,0.8082158453173346,0.792702804595005,0.0,,1.21,0.015513040722329619,-0.02205882716602517,2,,,0.21338014042637346,2026-10-07T22:12:45+00:00,8477845.0
2026-10-07-late-2213,2026-10-07T22:13:12+00:00,2026020053,2026-10-07,player_assists,under:8477949,A. Tuch Under 0.5,0.5,0.6901943415477297,0.6531856695266263,0.0,,1.47,0.03700867202110342,0.014585682075162698,2,,,0.37216026467483204,2026-10-07T22:12:45+00:00,8477949.0
2026-10-07-late-2213,2026-10-07T22:13:12+00:00,2026020053,2026-10-07,player_assists,under:8478438,T. Novak Under 0.5,0.5,0.7315171981495648,0.7102843472853536,0.0,,1.35,0.021232850864211228,-0.012451782498087427,2,,,0.31361399192783895,2026-10-07T22:12:45+00:00,8478438.0
2026-10-07-late-2213,2026-10-07T22:13:12+00:00,2026020053,2026-10-07,player_assists,under:8478440,D. Strome Under 0.5,0.5,0.6858305122211876,0.5794044737421954,0.0,,1.65,0.10642603847899224,0.13162034516495952,2,,,0.3785505617500886,2026-10-07T22:12:45+00:00,8478440.0
2026-10-07-late-2213,2026-10-07T22:13:12+00:00,2026020053,2026-10-07,player_assists,under:8478463,A. Beauvillier Under 0.5,0.5,0.7913130102992626,0.7797684980061887,0.0,,1.22,0.011544512293073822,-0.03459812743489965,2,,,0.23461037937163765,2026-10-07T22:12:45+00:00,8478463.0
2026-10-07-late-2213,2026-10-07T22:13:12+00:00,2026020053,2026-10-07,player_assists,under:8479345,J. Chychrun Under 0.5,0.5,0.6605491899507537,0.5613059595095528,0.0,,1.67,0.09924323044120098,0.10311714721775866,2,,,0.41640807343943204,2026-10-07T22:12:45+00:00,8479345.0
2026-10-07-late-2213,2026-10-07T22:13:12+00:00,2026020053,2026-10-07,player_assists,under:8479385,J. Kyrou Under 0.5,0.5,0.7310431400583973,0.6953919462114581,0.0,,1.38,0.035651193846939266,0.00883953328058823,2,,,0.3142663200579306,2026-10-07T22:12:45+00:00,8479385.0
2026-10-07-late-2213,2026-10-07T22:13:12+00:00,2026020053,2026-10-07,player_assists,under:8479398,S. Girard Under 0.5,0.5,0.7420056054617217,0.746641963872175,0.0,,1.27,-0.0046363584104532896,-0.057652881063613465,1,,,0.2992906718214078,2026-10-07T22:12:45+00:00,8479398.0
2026-10-07-late-2213,2026-10-07T22:13:12+00:00,2026020053,2026-10-07,player_assists,under:8479400,P. Dubois Under 0.5,0.5,0.6602459884179854,0.594558055550954,0.0,,1.62,0.0656879328670315,0.06959850123713646,2,,,0.4168710188803616,2026-10-07T22:12:45+00:00,8479400.0
2026-10-07-late-2213,2026-10-07T22:13:12+00:00,2026020053,2026-10-07,player_assists,under:8479576,V. Desharnais Under 0.5,0.5,0.8186935215230472,0.788461538461524,0.0,,1.2,0.030231983061523193,-0.017567774172343398,1,,,0.2004461919130705,2026-10-07T22:12:45+00:00,8479576.0
2026-10-07-late-2213,2026-10-07T22:13:12+00:00,2026020053,2026-10-07,player_assists,under:8480043,T. Liljegren Under 0.5,0.5,0.8133502586745711,0.6785714285713849,0.0,,1.4,0.13477883010318625,0.1386903621443995,1,,,0.20702083667376553,2026-10-07T22:12:45+00:00,8480043.0
2026-10-07-late-2213,2026-10-07T22:13:12+00:00,2026020053,2026-10-07,player_assists,under:8480796,M. Fehérváry Under 0.5,0.5,0.7493929920378675,0.7555512129780526,0.0,,1.29,-0.006158220940185144,-0.03328304027115095,2,,,0.2893256219688334,2026-10-07T22:12:45+00:00,8480796.0
2026-10-07-late-2213,2026-10-07T22:13:12+00:00,2026020053,2026-10-07,player_assists,under:8480980,C. Dewar Under 0.5,0.5,0.781131238979001,0.805399207838331,0.0,,1.17,-0.02426796885932994,-0.08607645039456882,1,,,0.24762325939166757,2026-10-07T22:12:45+00:00,8480980.0
2026-10-07-late-2213,2026-10-07T22:13:12+00:00,2026020053,2026-10-07,player_assists,under:8481481,B. Lizotte Under 0.5,0.5,0.8125300531558601,0.7747009304385671,0.0,,1.22,0.03782912271729297,-0.008713335149850648,1,,,0.20803396154515366,2026-10-07T22:12:45+00:00,8481481.0
2026-10-07-late-2213,2026-10-07T22:13:12+00:00,2026020053,2026-10-07,player_assists,under:8481527,K. Korczak Under 0.5,0.5,0.8347375207510874,0.8249601275915903,0.0,,1.14,0.009777393159497105,-0.04839922634376041,1,,,0.18096464394774048,2026-10-07T22:12:45+00:00,8481527.0
2026-10-07-late-2213,2026-10-07T22:13:12+00:00,2026020053,2026-10-07,player_assists,under:8481582,N. Robertson Under 0.5,0.5,0.8765277040320655,0.8133874239350707,0.0,,1.16,0.06314028009699477,0.016772136677195876,1,,,0.13196079829261376,2026-10-07T22:12:45+00:00,8481582.0
2026-10-07-late-2213,2026-10-07T22:13:12+00:00,2026020053,2026-10-07,player_assists,under:8481656,A. Protas Under 0.5,0.5,0.7069746706739329,0.7209146574818469,0.0,,1.34,-0.013939986807913973,-0.052653941296929796,2,,,0.3479656527655989,2026-10-07T22:12:45+00:00,8481656.0
2026-10-07-late-2213,2026-10-07T22:13:12+00:00,2026020053,2026-10-07,player_assists,under:8482088,J. Sourdif Under 0.5,0.5,0.7596341926818078,0.7261030440646873,0.0,,1.33,0.033531148617120476,0.0103134762668044,2,,,0.2756754747689364,2026-10-07T22:12:45+00:00,8482088.0
2026-10-07-late-2213,2026-10-07T22:13:12+00:00,2026020053,2026-10-07,player_assists,under:8482148,H. Lapierre Under 0.5,0.5,0.8364539622136832,0.805399207838331,0.0,,1.17,0.031054754375352184,-0.021348864209990742,1,,,0.17890309803301807,2026-10-07T22:12:45+00:00,8482148.0
2026-10-07-late-2213,2026-10-07T22:13:12+00:00,2026020053,2026-10-07,player_assists,under:8482758,V. Koivunen Under 0.5,0.5,0.8336790214366295,0.7919629390216514,0.0,,1.19,0.04171608241497818,-0.00792196449041091,1,,,0.18223811964020747,2026-10-07T22:12:45+00:00,8482758.0
2026-10-07-late-2213,2026-10-07T22:13:12+00:00,2026020053,2026-10-07,player_assists,under:8483398,D. Carlile Under 0.5,0.5,0.8316233526367041,0.8193091675871504,0.0,,1.15,0.012314185049553644,-0.0436331444677904,1,,,0.18471600382630368,2026-10-07T22:12:45+00:00,8483398.0
2026-10-07-late-2213,2026-10-07T22:13:12+00:00,2026020053,2026-10-07,player_assists,under:8484186,R. Leonard Under 0.5,0.5,0.7930847912561296,0.764083787547018,0.0,,1.27,0.029001003709111628,0.007217684895284654,2,,,0.23236339891092792,2026-10-07T22:12:45+00:00,8484186.0
2026-10-07-late-2213,2026-10-07T22:13:12+00:00,2026020053,2026-10-07,player_assists,under:8484873,C. Hutson Under 0.5,0.5,0.752786048035929,0.6799685713454898,0.0,,1.43,0.07281747669043914,0.07648404869137837,2,,,0.2847821667520595,2026-10-07T22:12:45+00:00,8484873.0
2026-10-07-late-2213,2026-10-07T22:13:12+00:00,2026020053,2026-10-07,player_assists,under:8484999,I. Protas Under 0.5,0.5,0.7280554676991412,0.7157046933166155,0.0,,1.34,0.012350774382525742,-0.02440567328315074,2,,,0.31838746466840934,2026-10-07T22:12:45+00:00,8484999.0
2026-10-07-late-2213,2026-10-07T22:13:12+00:00,2026020053,2026-10-07,player_assists,under:8485414,B. Kindel Under 0.5,0.5,0.7840716894639529,0.7624708843212458,0.0,,1.27,0.021600805142707125,-0.004228954380779804,2,,,0.24384751202909663,2026-10-07T22:12:45+00:00,8485414.0
2026-10-07-late-2213,2026-10-07T22:13:12+00:00,2026020053,2026-10-07,player_goals,over:8471214,A. Ovechkin to score (anytime),0.5,0.23668050162767706,0.3205698257471123,0.0,,2.95,-0.08388932411943523,-0.3017925201983526,5,,,0.2719103930658377,2026-10-07T22:12:45+00:00,8471214.0
2026-10-07-late-2213,2026-10-07T22:13:12+00:00,2026020053,2026-10-07,player_goals,over:8471215,E. Malkin to score (anytime),0.5,0.2788480212132459,0.2426372145998314,0.0,,4.2,0.036210806613414526,0.1711616890956329,5,,,0.3295916692390045,2026-10-07T22:12:45+00:00,8471215.0
2026-10-07-late-2213,2026-10-07T22:13:12+00:00,2026020053,2026-10-07,player_goals,over:8471675,S. Crosby to score (anytime),0.5,0.17421240030597196,0.28674596431605776,0.0,,3.3,-0.1125335640100858,-0.4250990789902926,5,,,0.1923366293518274,2026-10-07T22:12:45+00:00,8471675.0
2026-10-07-late-2213,2026-10-07T22:13:12+00:00,2026020053,2026-10-07,player_goals,over:8471724,K. Letang to score (anytime),0.5,0.03921588277133037,0.094646420099966,0.0,,11.0,-0.055430537328635635,-0.568625289515366,5,,,0.040045576900940516,2026-10-07T22:12:45+00:00,8471724.0
2026-10-07-late-2213,2026-10-07T22:13:12+00:00,2026020053,2026-10-07,player_goals,over:8474578,E. Karlsson to score (anytime),0.5,0.21811731937986611,0.16185323120886327,0.0,,6.0,0.05626408817100284,0.3087039162791966,5,,,0.2475703224572174,2026-10-07T22:12:45+00:00,8474578.0
2026-10-07-late-2213,2026-10-07T22:13:12+00:00,2026020053,2026-10-07,player_goals,over:8476432,B. Jenner to score (anytime),0.5,0.19003518892370963,0.14478355806442375,0.0,,7.0,0.04525163085928588,0.3302463224659674,5,,,0.2118789283215515,2026-10-07T22:12:45+00:00,8476432.0
2026-10-07-late-2213,2026-10-07T22:13:12+00:00,2026020053,2026-10-07,player_goals,over:8476483,R. Rakell to score (anytime),0.5,0.28459903453777935,0.2701413763392395,0.0,,3.5,0.014457658198539836,-0.0039033791177722765,5,,,0.3377319736880918,2026-10-07T22:12:45+00:00,8476483.0
2026-10-07-late-2213,2026-10-07T22:13:12+00:00,2026020053,2026-10-07,player_goals,over:8476880,T. Wilson to score (anytime),0.5,0.25056881889281857,0.2782319230410775,0.0,,3.45,-0.027663104148258955,-0.1355375748197759,5,,,0.2905307727655535,2026-10-07T22:12:45+00:00,8476880.0
2026-10-07-late-2213,2026-10-07T22:13:12+00:00,2026020053,2026-10-07,player_goals,over:8477845,T. van Riemsdyk to score (anytime),0.5,0.09435060032806664,0.057471264367816084,0.0,,29.0,0.03687933596025055,1.7361674095139326,3,,,0.09934896520461482,2026-10-07T22:12:45+00:00,8477845.0
2026-10-07-late-2213,2026-10-07T22:13:12+00:00,2026020053,2026-10-07,player_goals,over:8477949,A. Tuch to score (anytime),0.5,0.33899133271347937,0.3212510812965382,0.0,,3.0,0.01774025141694119,0.016973998140438096,5,,,0.41830270213067894,2026-10-07T22:12:45+00:00,8477949.0
2026-10-07-late-2213,2026-10-07T22:13:12+00:00,2026020053,2026-10-07,player_goals,over:8478438,T. Novak to score (anytime),0.5,0.19873258220335566,0.1895979125825106,0.0,,5.0,0.009134669620845054,-0.006337088983221717,5,,,0.2227923037738322,2026-10-07T22:12:45+00:00,8478438.0
2026-10-07-late-2213,2026-10-07T22:13:12+00:00,2026020053,2026-10-07,player_goals,over:8478440,D. Strome to score (anytime),0.5,0.17978739718353876,0.23772637355831722,0.0,,4.2,-0.05793897637477846,-0.24489293182913718,5,,,0.19917695114158773,2026-10-07T22:12:45+00:00,8478440.0
2026-10-07-late-2213,2026-10-07T22:13:12+00:00,2026020053,2026-10-07,player_goals,over:8478463,A. Beauvillier to score (anytime),0.5,0.17135091364493138,0.21137370269546502,0.0,,4.9,-0.040022789050533636,-0.1603805231398362,5,,,0.18884449432332343,2026-10-07T22:12:45+00:00,8478463.0
2026-10-07-late-2213,2026-10-07T22:13:12+00:00,2026020053,2026-10-07,player_goals,over:8479345,J. Chychrun to score (anytime),0.5,0.2322663345786542,0.2225262080791348,0.0,,4.5,0.009740126499519386,0.045198505603943895,5,,,0.26606664115528456,2026-10-07T22:12:45+00:00,8479345.0
2026-10-07-late-2213,2026-10-07T22:13:12+00:00,2026020053,2026-10-07,player_goals,over:8479385,J. Kyrou to score (anytime),0.5,0.15284090551770757,0.2630762689788759,0.0,,3.8,-0.11023536346116836,-0.41920455903271125,5,,,0.1665564689964057,2026-10-07T22:12:45+00:00,8479385.0
2026-10-07-late-2213,2026-10-07T22:13:12+00:00,2026020053,2026-10-07,player_goals,over:8479398,S. Girard to score (anytime),0.5,0.10111463653780572,0.0909851475517978,0.0,,13.0,0.01012948898600792,0.3144902749914744,5,,,0.10688436142247501,2026-10-07T22:12:45+00:00,8479398.0
2026-10-07-late-2213,2026-10-07T22:13:12+00:00,2026020053,2026-10-07,player_goals,over:8479400,P. Dubois to score (anytime),0.5,0.13963532963898573,0.2210356472992015,0.0,,4.3,-0.08140031766021577,-0.39956808255236137,5,,,0.1509658605389416,2026-10-07T22:12:45+00:00,8479400.0
2026-10-07-late-2213,2026-10-07T22:13:12+00:00,2026020053,2026-10-07,player_goals,over:8479576,V. Desharnais to score (anytime),0.5,0.044305954394707636,0.06891905256391237,0.0,,21.0,-0.024613098169204733,-0.06957495771113964,3,,,0.04536883371982435,2026-10-07T22:12:45+00:00,8479576.0
2026-10-07-late-2213,2026-10-07T22:13:12+00:00,2026020053,2026-10-07,player_goals,over:8480043,T. Liljegren to score (anytime),0.5,0.08162450159909085,0.058408244639772254,0.0,,23.0,0.023216256959318594,0.8773635367790895,5,,,0.08533044836697505,2026-10-07T22:12:45+00:00,8480043.0
2026-10-07-late-2213,2026-10-07T22:13:12+00:00,2026020053,2026-10-07,player_goals,over:8480796,M. Fehérváry to score (anytime),0.5,0.09808815050051356,0.06420210320560425,0.0,,19.0,0.03388604729490931,0.8636748595097576,5,,,0.1035054052413126,2026-10-07T22:12:45+00:00,8480796.0
2026-10-07-late-2213,2026-10-07T22:13:12+00:00,2026020053,2026-10-07,player_goals,over:8480980,C. Dewar to score (anytime),0.5,0.09855352453928956,0.11775937387315494,0.0,,8.5,-0.019205849333865377,-0.1622950414160388,5,,,0.10402420232666994,2026-10-07T22:12:45+00:00,8480980.0
2026-10-07-late-2213,2026-10-07T22:13:12+00:00,2026020053,2026-10-07,player_goals,over:8481481,B. Lizotte to score (anytime),0.5,0.1019050077454633,0.11931480125631466,0.0,,9.0,-0.017409793510851368,-0.08285493029083035,3,,,0.10776874799595383,2026-10-07T22:12:45+00:00,8481481.0
2026-10-07-late-2213,2026-10-07T22:13:12+00:00,2026020053,2026-10-07,player_goals,over:8481527,K. Korczak to score (anytime),0.5,0.025000104653165045,0.049130065383620844,0.0,,23.0,-0.0241299607304558,-0.42499759297720396,5,,,0.025333947005880826,2026-10-07T22:12:45+00:00,8481527.0
2026-10-07-late-2213,2026-10-07T22:13:12+00:00,2026020053,2026-10-07,player_goals,over:8481582,N. Robertson to score (anytime),0.5,0.1795173460933781,0.1664280686003786,0.0,,6.0,0.013089277492999513,0.07710407656026863,5,,,0.1988444844698334,2026-10-07T22:12:45+00:00,8481582.0
2026-10-07-late-2213,2026-10-07T22:13:12+00:00,2026020053,2026-10-07,player_goals,over:8481656,A. Protas to score (anytime),0.5,0.2046415028639631,0.20022981217617547,0.0,,4.8,0.004411690687787628,-0.017720786252977128,5,,,0.2302779354699398,2026-10-07T22:12:45+00:00,8481656.0
2026-10-07-late-2213,2026-10-07T22:13:12+00:00,2026020053,2026-10-07,player_goals,over:8482088,J. Sourdif to score (anytime),0.5,0.1769300480866678,0.14546622467183212,0.0,,6.75,0.03146382341483567,0.19427782458500764,5,,,0.19566500850904803,2026-10-07T22:12:45+00:00,8482088.0
2026-10-07-late-2213,2026-10-07T22:13:12+00:00,2026020053,2026-10-07,player_goals,over:8482148,H. Lapierre to score (anytime),0.5,0.11169836602657612,0.19141345411431435,0.0,,5.5,-0.07971508808773822,-0.38565898685383126,5,,,0.11879533317741192,2026-10-07T22:12:45+00:00,8482148.0
2026-10-07-late-2213,2026-10-07T22:13:12+00:00,2026020053,2026-10-07,player_goals,over:8482758,V. Koivunen to score (anytime),0.5,0.11299399823223,0.14296288688812053,0.0,,7.0,-0.029968888655890535,-0.20904201237439002,5,,,0.12026367108557036,2026-10-07T22:12:45+00:00,8482758.0
2026-10-07-late-2213,2026-10-07T22:13:12+00:00,2026020053,2026-10-07,player_goals,over:8483398,D. Carlile to score (anytime),0.5,0.13124694741043086,0.07768329648483578,0.0,,17.0,0.05356365092559508,1.2311981059773247,5,,,0.1411924175619004,2026-10-07T22:12:45+00:00,8483398.0
2026-10-07-late-2213,2026-10-07T22:13:12+00:00,2026020053,2026-10-07,player_goals,over:8484186,R. Leonard to score (anytime),0.5,0.23513373607238786,0.23529511970239952,0.0,,4.2,-0.0001613836300116689,-0.01243830849597094,5,,,0.2698586584264014,2026-10-07T22:12:45+00:00,8484186.0
2026-10-07-late-2213,2026-10-07T22:13:12+00:00,2026020053,2026-10-07,player_goals,over:8484873,C. Hutson to score (anytime),0.5,0.1705165697440264,0.15347523937528001,0.0,,6.5,0.017041330368746388,0.10835770333617167,5,,,0.18782865169685198,2026-10-07T22:12:45+00:00,8484873.0
2026-10-07-late-2213,2026-10-07T22:13:12+00:00,2026020053,2026-10-07,player_goals,over:8484999,I. Protas to score (anytime),0.5,0.15955915790912722,0.24412449372756204,0.0,,3.95,-0.08456533581843481,-0.36974132625894746,5,,,0.17458631662998558,2026-10-07T22:12:45+00:00,8484999.0
2026-10-07-late-2213,2026-10-07T22:13:12+00:00,2026020053,2026-10-07,player_goals,over:8485414,B. Kindel to score (anytime),0.5,0.17864023293942866,0.19932863836733974,0.0,,4.8,-0.02068840542791109,-0.14252688189074247,5,,,0.19776544056007428,2026-10-07T22:12:45+00:00,8485414.0
2026-10-07-late-2213,2026-10-07T22:13:12+00:00,2026020053,2026-10-07,player_points,over:8471214,A. Ovechkin Over 0.5,0.5,0.4671138482326609,0.5284554724861743,0.0,,1.83,-0.061341624253513416,-0.14518165773423053,3,,,0.6334261962620048,2026-10-07T22:12:45+00:00,8471214.0
2026-10-07-late-2213,2026-10-07T22:13:12+00:00,2026020053,2026-10-07,player_points,over:8471215,E. Malkin Over 0.5,0.5,0.5658101589300909,0.5210111746409801,0.0,,1.83,0.04479898428911078,0.0354325908420664,3,,,0.8412724130539111,2026-10-07T22:12:45+00:00,8471215.0
2026-10-07-late-2213,2026-10-07T22:13:12+00:00,2026020053,2026-10-07,player_points,over:8471675,S. Crosby Over 0.5,0.5,0.5444239640771212,0.6007194309920805,0.0,,1.6,-0.056295466914959236,-0.128921657476606,3,,,0.7924061605960088,2026-10-07T22:12:45+00:00,8471675.0
2026-10-07-late-2213,2026-10-07T22:13:12+00:00,2026020053,2026-10-07,player_points,over:8471724,K. Letang Over 0.5,0.5,0.3778124859773845,0.3447686664400751,0.0,,2.75,0.033043819537309393,0.0389843364378073,3,,,0.4767725350953277,2026-10-07T22:12:45+00:00,8471724.0
2026-10-07-late-2213,2026-10-07T22:13:12+00:00,2026020053,2026-10-07,player_points,over:8474578,E. Karlsson Over 0.5,0.5,0.5466499716475685,0.5316748281332115,0.0,,1.82,0.014975143514356914,-0.005097051601425373,3,,,0.7973821448630456,2026-10-07T22:12:45+00:00,8474578.0
2026-10-07-late-2213,2026-10-07T22:13:12+00:00,2026020053,2026-10-07,player_points,over:8476432,B. Jenner Over 0.5,0.5,0.4050627733078317,0.3438516590761019,0.0,,2.65,0.06121111423172981,0.07341634926575391,1,,,0.5220054591438844,2026-10-07T22:12:45+00:00,8476432.0
2026-10-07-late-2213,2026-10-07T22:13:12+00:00,2026020053,2026-10-07,player_points,over:8476483,R. Rakell Over 0.5,0.5,0.5176275018444939,0.49753895044798363,0.0,,1.91,0.02008855139651028,-0.011331471477016686,3,,,0.7343795456987298,2026-10-07T22:12:45+00:00,8476483.0
2026-10-07-late-2213,2026-10-07T22:13:12+00:00,2026020053,2026-10-07,player_points,over:8476880,T. Wilson Over 0.5,0.5,0.5143598037505905,0.5534865674991584,0.0,,1.71,-0.03912676374856783,-0.12044473558649021,3,,,0.7275294672348094,2026-10-07T22:12:45+00:00,8476880.0
2026-10-07-late-2213,2026-10-07T22:13:12+00:00,2026020053,2026-10-07,player_points,over:8477845,T. van Riemsdyk Over 0.5,0.5,0.2512839481088547,0.2383572540785822,0.0,,3.95,0.012926694030272495,-0.00742840497002395,2,,,0.29023458580097694,2026-10-07T22:12:45+00:00,8477845.0
2026-10-07-late-2213,2026-10-07T22:13:12+00:00,2026020053,2026-10-07,player_points,over:8477949,A. Tuch Over 0.5,0.5,0.5480133968835269,0.5582337236719637,0.0,,1.69,-0.010220326788436762,-0.07385735926683956,3,,,0.8004422473168658,2026-10-07T22:12:45+00:00,8477949.0
2026-10-07-late-2213,2026-10-07T22:13:12+00:00,2026020053,2026-10-07,player_points,over:8478438,T. Novak Over 0.5,0.5,0.413435176428926,0.41598819392121755,0.0,,2.26,-0.0025530174922915316,-0.06563650127062726,3,,,0.5363281641220904,2026-10-07T22:12:45+00:00,8478438.0
2026-10-07-late-2213,2026-10-07T22:13:12+00:00,2026020053,2026-10-07,player_points,over:8478440,D. Strome Over 0.5,0.5,0.44295001499927167,0.5500289226526315,0.0,,1.74,-0.10707890765335981,-0.22926697390126732,3,,,0.5885371198526491,2026-10-07T22:12:45+00:00,8478440.0
2026-10-07-late-2213,2026-10-07T22:13:12+00:00,2026020053,2026-10-07,player_points,over:8478463,A. Beauvillier Over 0.5,0.5,0.3253165566107019,0.3523851754799052,0.0,,2.61,-0.02706861886920331,-0.15092378724606803,3,,,0.39506425561480046,2026-10-07T22:12:45+00:00,8478463.0
2026-10-07-late-2213,2026-10-07T22:13:12+00:00,2026020053,2026-10-07,player_points,over:8479345,J. Chychrun Over 0.5,0.5,0.49753182697783516,0.5502251089275719,0.0,,1.74,-0.05269328194973677,-0.13429462105856682,3,,,0.6929812938185027,2026-10-07T22:12:45+00:00,8479345.0
2026-10-07-late-2213,2026-10-07T22:13:12+00:00,2026020053,2026-10-07,player_points,over:8479385,J. Kyrou Over 0.5,0.5,0.39213059569791453,0.45492385401190916,0.0,,2.1,-0.06279325831399463,-0.17652574903437945,3,,,0.5002814604994231,2026-10-07T22:12:45+00:00,8479385.0
2026-10-07-late-2213,2026-10-07T22:13:12+00:00,2026020053,2026-10-07,player_points,over:8479398,S. Girard Over 0.5,0.5,0.34690747460706894,0.28535047295661775,0.0,,3.1,0.06155700165045119,0.07541317128191372,1,,,0.42785670390571734,2026-10-07T22:12:45+00:00,8479398.0
2026-10-07-late-2213,2026-10-07T22:13:12+00:00,2026020053,2026-10-07,player_points,over:8479400,P. Dubois Over 0.5,0.5,0.4680601515673106,0.5263136556063577,0.0,,1.83,-0.058253504039047055,-0.14344992263182155,3,,,0.6352261314362704,2026-10-07T22:12:45+00:00,8479400.0
2026-10-07-late-2213,2026-10-07T22:13:12+00:00,2026020053,2026-10-07,player_points,over:8479576,V. Desharnais Over 0.5,0.5,0.19562860319538233,0.24285714285704807,0.0,,3.5,-0.047228539661665736,-0.31529988881616183,1,,,0.21816877622815506,2026-10-07T22:12:45+00:00,8479576.0
2026-10-07-late-2213,2026-10-07T22:13:12+00:00,2026020053,2026-10-07,player_points,over:8480043,T. Liljegren Over 0.5,0.5,0.23676887344339348,0.33216783216776746,0.0,,2.75,-0.09539895872437398,-0.34888559803066793,1,,,0.27092574222698373,2026-10-07T22:12:45+00:00,8480043.0
2026-10-07-late-2213,2026-10-07T22:13:12+00:00,2026020053,2026-10-07,player_points,over:8480796,M. Fehérváry Over 0.5,0.5,0.32600463732769314,0.2758602056513855,0.0,,3.4,0.05014443167630761,0.10841576691415666,3,,,0.39609270593598656,2026-10-07T22:12:45+00:00,8480796.0
2026-10-07-late-2213,2026-10-07T22:13:12+00:00,2026020053,2026-10-07,player_points,over:8480980,C. Dewar Over 0.5,0.5,0.28698495670433,0.2935323383084572,0.0,,3.0,-0.0065473816041272115,-0.13904512988701,1,,,0.3393994939440566,2026-10-07T22:12:45+00:00,8480980.0
2026-10-07-late-2213,2026-10-07T22:13:12+00:00,2026020053,2026-10-07,player_points,over:8481481,B. Lizotte Over 0.5,0.5,0.258223407589415,0.30596405228760254,0.0,,2.88,-0.04774064469818756,-0.25631658614248487,1,,,0.29960120876391855,2026-10-07T22:12:45+00:00,8481481.0
2026-10-07-late-2213,2026-10-07T22:13:12+00:00,2026020053,2026-10-07,player_points,over:8481527,K. Korczak Over 0.5,0.5,0.2256248462941438,0.194600792161669,0.0,,4.1,0.031024054132474804,-0.07493813019401041,1,,,0.2563537629800763,2026-10-07T22:12:45+00:00,8481527.0
2026-10-07-late-2213,2026-10-07T22:13:12+00:00,2026020053,2026-10-07,player_points,over:8481582,N. Robertson Over 0.5,0.5,0.2790303345712427,0.30476673427985695,0.0,,2.9,-0.025736399708614244,-0.19081202974339617,1,,,0.32823087873735335,2026-10-07T22:12:45+00:00,8481582.0
2026-10-07-late-2213,2026-10-07T22:13:12+00:00,2026020053,2026-10-07,player_points,over:8481656,A. Protas Over 0.5,0.5,0.4360186347792362,0.40450302610734995,0.0,,2.3,0.03151560867188624,0.0028428599922432074,3,,,0.5760268722121846,2026-10-07T22:12:45+00:00,8481656.0
2026-10-07-late-2213,2026-10-07T22:13:12+00:00,2026020053,2026-10-07,player_points,over:8482088,J. Sourdif Over 0.5,0.5,0.36739821544670725,0.3559720046245471,0.0,,2.61,0.011426210822160165,-0.041090657684094145,3,,,0.4600174166697915,2026-10-07T22:12:45+00:00,8482088.0
2026-10-07-late-2213,2026-10-07T22:13:12+00:00,2026020053,2026-10-07,player_points,over:8482148,H. Lapierre Over 0.5,0.5,0.2623658765087431,0.3221413989981911,0.0,,2.95,-0.05977552248944801,-0.22602066429920775,2,,,0.3052352560565971,2026-10-07T22:12:45+00:00,8482148.0
2026-10-07-late-2213,2026-10-07T22:13:12+00:00,2026020053,2026-10-07,player_points,over:8482758,V. Koivunen Over 0.5,0.5,0.25153828607011186,0.28535047295661775,0.0,,3.1,-0.03381218688650589,-0.2202313131826532,1,,,0.29057631567722686,2026-10-07T22:12:45+00:00,8482758.0
2026-10-07-late-2213,2026-10-07T22:13:12+00:00,2026020053,2026-10-07,player_points,over:8483398,D. Carlile Over 0.5,0.5,0.264981840816347,0.22529906956143284,0.0,,3.7,0.03968277125491418,-0.019567188979516037,1,,,0.3088098001704909,2026-10-07T22:12:45+00:00,8483398.0
2026-10-07-late-2213,2026-10-07T22:13:12+00:00,2026020053,2026-10-07,player_points,over:8484186,R. Leonard Over 0.5,0.5,0.3974904414238356,0.3918865968587357,0.0,,2.4,0.00560384456509988,-0.04602294058279455,3,,,0.5092274012068079,2026-10-07T22:12:45+00:00,8484186.0
2026-10-07-late-2213,2026-10-07T22:13:12+00:00,2026020053,2026-10-07,player_points,over:8484873,C. Hutson Over 0.5,0.5,0.37882906817645445,0.41283280662273475,0.0,,2.3,-0.034003738446280296,-0.1286931431941548,3,,,0.47842337485546776,2026-10-07T22:12:45+00:00,8484873.0
2026-10-07-late-2213,2026-10-07T22:13:12+00:00,2026020053,2026-10-07,player_points,over:8484999,I. Protas Over 0.5,0.5,0.40143402340877354,0.41869692207542225,0.0,,2.3,-0.017262898666648707,-0.07670174615982095,3,,,0.5158614910706683,2026-10-07T22:12:45+00:00,8484999.0
2026-10-07-late-2213,2026-10-07T22:13:12+00:00,2026020053,2026-10-07,player_points,over:8485414,B. Kindel Over 0.5,0.5,0.3530119243351987,0.37034828099766653,0.0,,2.52,-0.017336356662467856,-0.11040995067529935,3,,,0.43732890090021687,2026-10-07T22:12:45+00:00,8485414.0
2026-10-07-late-2213,2026-10-07T22:13:12+00:00,2026020053,2026-10-07,player_points,under:8471214,A. Ovechkin Under 0.5,0.5,0.5328861517673391,0.4715445275138257,0.0,,2.02,0.061341624253513416,0.07643002657002507,3,,,0.6334261962620048,2026-10-07T22:12:45+00:00,8471214.0
2026-10-07-late-2213,2026-10-07T22:13:12+00:00,2026020053,2026-10-07,player_points,under:8471215,E. Malkin Under 0.5,0.5,0.4341898410699091,0.4789888253590199,0.0,,2.0,-0.04479898428911078,-0.1316203178601818,3,,,0.8412724130539111,2026-10-07T22:12:45+00:00,8471215.0
2026-10-07-late-2213,2026-10-07T22:13:12+00:00,2026020053,2026-10-07,player_points,under:8471675,S. Crosby Under 0.5,0.5,0.45557603592287876,0.39928056900791953,0.0,,2.38,0.056295466914959236,0.08427096549645141,3,,,0.7924061605960088,2026-10-07T22:12:45+00:00,8471675.0
2026-10-07-late-2213,2026-10-07T22:13:12+00:00,2026020053,2026-10-07,player_points,under:8471724,K. Letang Under 0.5,0.5,0.6221875140226155,0.6552313335599249,0.0,,1.48,-0.033043819537309393,-0.07916247924652903,3,,,0.4767725350953277,2026-10-07T22:12:45+00:00,8471724.0
2026-10-07-late-2213,2026-10-07T22:13:12+00:00,2026020053,2026-10-07,player_points,under:8474578,E. Karlsson Under 0.5,0.5,0.45335002835243154,0.46832517186678846,0.0,,2.05,-0.014975143514356914,-0.07063244187751544,3,,,0.7973821448630456,2026-10-07T22:12:45+00:00,8474578.0
2026-10-07-late-2213,2026-10-07T22:13:12+00:00,2026020053,2026-10-07,player_points,under:8476432,B. Jenner Under 0.5,0.5,0.5949372266921683,0.6561483409238982,0.0,,1.45,-0.06121111423172981,-0.137341021296356,1,,,0.5220054591438844,2026-10-07T22:12:45+00:00,8476432.0
2026-10-07-late-2213,2026-10-07T22:13:12+00:00,2026020053,2026-10-07,player_points,under:8476483,R. Rakell Under 0.5,0.5,0.4823724981555061,0.5024610495520163,0.0,,1.91,-0.02008855139651028,-0.0786685285229834,3,,,0.7343795456987298,2026-10-07T22:12:45+00:00,8476483.0
2026-10-07-late-2213,2026-10-07T22:13:12+00:00,2026020053,2026-10-07,player_points,under:8476880,T. Wilson Under 0.5,0.5,0.48564019624940946,0.44651343250084163,0.0,,2.12,0.03912676374856783,0.02955721604874806,3,,,0.7275294672348094,2026-10-07T22:12:45+00:00,8476880.0
2026-10-07-late-2213,2026-10-07T22:13:12+00:00,2026020053,2026-10-07,player_points,under:8477845,T. van Riemsdyk Under 0.5,0.5,0.7487160518911453,0.7616427459214178,0.0,,1.27,-0.012926694030272495,-0.04913061409824543,2,,,0.29023458580097694,2026-10-07T22:12:45+00:00,8477845.0
2026-10-07-late-2213,2026-10-07T22:13:12+00:00,2026020053,2026-10-07,player_points,under:8477949,A. Tuch Under 0.5,0.5,0.4519866031164731,0.44176627632803633,0.0,,2.17,0.010220326788436762,-0.01918907123725344,3,,,0.8004422473168658,2026-10-07T22:12:45+00:00,8477949.0
2026-10-07-late-2213,2026-10-07T22:13:12+00:00,2026020053,2026-10-07,player_points,under:8478438,T. Novak Under 0.5,0.5,0.586564823571074,0.5840118060787824,0.0,,1.65,0.0025530174922915316,-0.032168041107727974,3,,,0.5363281641220904,2026-10-07T22:12:45+00:00,8478438.0
2026-10-07-late-2213,2026-10-07T22:13:12+00:00,2026020053,2026-10-07,player_points,under:8478440,D. Strome Under 0.5,0.5,0.5570499850007283,0.4499710773473685,0.0,,2.15,0.10707890765335981,0.1976574677515659,3,,,0.5885371198526491,2026-10-07T22:12:45+00:00,8478440.0
2026-10-07-late-2213,2026-10-07T22:13:12+00:00,2026020053,2026-10-07,player_points,under:8478463,A. Beauvillier Under 0.5,0.5,0.6746834433892981,0.6476148245200948,0.0,,1.48,0.02706861886920331,-0.001468503783838837,3,,,0.39506425561480046,2026-10-07T22:12:45+00:00,8478463.0
2026-10-07-late-2213,2026-10-07T22:13:12+00:00,2026020053,2026-10-07,player_points,under:8479345,J. Chychrun Under 0.5,0.5,0.5024681730221648,0.4497748910724281,0.0,,2.1,0.05269328194973677,0.05518316334654627,3,,,0.6929812938185027,2026-10-07T22:12:45+00:00,8479345.0
2026-10-07-late-2213,2026-10-07T22:13:12+00:00,2026020053,2026-10-07,player_points,under:8479385,J. Kyrou Under 0.5,0.5,0.6078694043020855,0.5450761459880908,0.0,,1.76,0.06279325831399463,0.0698501515716704,3,,,0.5002814604994231,2026-10-07T22:12:45+00:00,8479385.0
2026-10-07-late-2213,2026-10-07T22:13:12+00:00,2026020053,2026-10-07,player_points,under:8479398,S. Girard Under 0.5,0.5,0.6530925253929311,0.7146495270433822,0.0,,1.33,-0.06155700165045119,-0.13138694122740166,1,,,0.42785670390571734,2026-10-07T22:12:45+00:00,8479398.0
2026-10-07-late-2213,2026-10-07T22:13:12+00:00,2026020053,2026-10-07,player_points,under:8479400,P. Dubois Under 0.5,0.5,0.5319398484326894,0.4736863443936423,0.0,,2.05,0.058253504039047055,0.09047668928701313,3,,,0.6352261314362704,2026-10-07T22:12:45+00:00,8479400.0
2026-10-07-late-2213,2026-10-07T22:13:12+00:00,2026020053,2026-10-07,player_points,under:8479576,V. Desharnais Under 0.5,0.5,0.8043713968046177,0.7571428571429519,0.0,,1.25,0.047228539661665736,0.005464246005772083,1,,,0.21816877622815506,2026-10-07T22:12:45+00:00,8479576.0
2026-10-07-late-2213,2026-10-07T22:13:12+00:00,2026020053,2026-10-07,player_points,under:8480043,T. Liljegren Under 0.5,0.5,0.7632311265566065,0.6678321678322325,0.0,,1.43,0.09539895872437398,0.09142051097594728,1,,,0.27092574222698373,2026-10-07T22:12:45+00:00,8480043.0
2026-10-07-late-2213,2026-10-07T22:13:12+00:00,2026020053,2026-10-07,player_points,under:8480796,M. Fehérváry Under 0.5,0.5,0.6739953626723069,0.7241397943486145,0.0,,1.34,-0.05014443167630761,-0.09684621401910876,3,,,0.39609270593598656,2026-10-07T22:12:45+00:00,8480796.0
2026-10-07-late-2213,2026-10-07T22:13:12+00:00,2026020053,2026-10-07,player_points,under:8480980,C. Dewar Under 0.5,0.5,0.71301504329567,0.7064676616915428,0.0,,1.34,0.0065473816041272115,-0.04455984198380214,1,,,0.3393994939440566,2026-10-07T22:12:45+00:00,8480980.0
2026-10-07-late-2213,2026-10-07T22:13:12+00:00,2026020053,2026-10-07,player_points,under:8481481,B. Lizotte Under 0.5,0.5,0.741776592410585,0.6940359477123974,0.0,,1.36,0.04774064469818756,0.008816165678395715,1,,,0.29960120876391855,2026-10-07T22:12:45+00:00,8481481.0
2026-10-07-late-2213,2026-10-07T22:13:12+00:00,2026020053,2026-10-07,player_points,under:8481527,K. Korczak Under 0.5,0.5,0.7743751537058562,0.805399207838331,0.0,,1.17,-0.031024054132474804,-0.0939810701641483,1,,,0.2563537629800763,2026-10-07T22:12:45+00:00,8481527.0
2026-10-07-late-2213,2026-10-07T22:13:12+00:00,2026020053,2026-10-07,player_points,under:8481582,N. Robertson Under 0.5,0.5,0.7209696654287573,0.695233265720143,0.0,,1.36,0.025736399708614244,-0.01948125501689002,1,,,0.32823087873735335,2026-10-07T22:12:45+00:00,8481582.0
2026-10-07-late-2213,2026-10-07T22:13:12+00:00,2026020053,2026-10-07,player_points,under:8481656,A. Protas Under 0.5,0.5,0.5639813652207638,0.5954969738926501,0.0,,1.61,-0.03151560867188624,-0.09199000199457019,3,,,0.5760268722121846,2026-10-07T22:12:45+00:00,8481656.0
2026-10-07-late-2213,2026-10-07T22:13:12+00:00,2026020053,2026-10-07,player_points,under:8482088,J. Sourdif Under 0.5,0.5,0.6326017845532927,0.6440279953754529,0.0,,1.48,-0.011426210822160165,-0.06374935886112676,3,,,0.4600174166697915,2026-10-07T22:12:45+00:00,8482088.0
2026-10-07-late-2213,2026-10-07T22:13:12+00:00,2026020053,2026-10-07,player_points,under:8482148,H. Lapierre Under 0.5,0.5,0.7376341234912569,0.6778586010018088,0.0,,1.45,0.05977552248944801,0.06956947906232247,2,,,0.3052352560565971,2026-10-07T22:12:45+00:00,8482148.0
2026-10-07-late-2213,2026-10-07T22:13:12+00:00,2026020053,2026-10-07,player_points,under:8482758,V. Koivunen Under 0.5,0.5,0.7484617139298881,0.7146495270433822,0.0,,1.33,0.03381218688650589,-0.004545920473248727,1,,,0.29057631567722686,2026-10-07T22:12:45+00:00,8482758.0
2026-10-07-late-2213,2026-10-07T22:13:12+00:00,2026020053,2026-10-07,player_points,under:8483398,D. Carlile Under 0.5,0.5,0.735018159183653,0.7747009304385671,0.0,,1.22,-0.03968277125491418,-0.10327784579594337,1,,,0.3088098001704909,2026-10-07T22:12:45+00:00,8483398.0
2026-10-07-late-2213,2026-10-07T22:13:12+00:00,2026020053,2026-10-07,player_points,under:8484186,R. Leonard Under 0.5,0.5,0.6025095585761644,0.6081134031412643,0.0,,1.57,-0.00560384456509988,-0.05405999303542186,3,,,0.5092274012068079,2026-10-07T22:12:45+00:00,8484186.0
2026-10-07-late-2213,2026-10-07T22:13:12+00:00,2026020053,2026-10-07,player_points,under:8484873,C. Hutson Under 0.5,0.5,0.6211709318235455,0.5871671933772653,0.0,,1.67,0.034003738446280296,0.03735545614532104,3,,,0.47842337485546776,2026-10-07T22:12:45+00:00,8484873.0
2026-10-07-late-2213,2026-10-07T22:13:12+00:00,2026020053,2026-10-07,player_points,under:8484999,I. Protas Under 0.5,0.5,0.5985659765912265,0.5813030779245778,0.0,,1.67,0.017262898666648707,-0.00039481909265187687,3,,,0.5158614910706683,2026-10-07T22:12:45+00:00,8484999.0
2026-10-07-late-2213,2026-10-07T22:13:12+00:00,2026020053,2026-10-07,player_points,under:8485414,B. Kindel Under 0.5,0.5,0.6469880756648013,0.6296517190023334,0.0,,1.53,0.017336356662467856,-0.010108244232853947,3,,,0.43732890090021687,2026-10-07T22:12:45+00:00,8485414.0
2026-10-07-late-2213,2026-10-07T22:13:12+00:00,2026020053,2026-10-07,player_sog,over:8471214,A. Ovechkin Over 2.5,2.5,0.47201562154858956,0.5336763974363407,0.0,,1.86,-0.061660775887751096,-0.1220509439196234,4,,,2.6210275650296797,2026-10-07T22:12:45+00:00,8471214.0
2026-10-07-late-2213,2026-10-07T22:13:12+00:00,2026020053,2026-10-07,player_sog,over:8471215,E. Malkin Over 1.5,1.5,0.6548100303767945,0.5893478835508004,0.0,,1.65,0.06546214682599416,0.08043655012171091,5,,,2.3525841276517556,2026-10-07T22:12:45+00:00,8471215.0
2026-10-07-late-2213,2026-10-07T22:13:12+00:00,2026020053,2026-10-07,player_sog,over:8471675,S. Crosby Over 2.5,2.5,0.41336675201747153,0.42527287503964484,0.0,,2.35,-0.01190612302217331,-0.028588132758941898,5,,,2.368370516715464,2026-10-07T22:12:45+00:00,8471675.0
2026-10-07-late-2213,2026-10-07T22:13:12+00:00,2026020053,2026-10-07,player_sog,over:8471724,K. Letang Over 1.5,1.5,0.35888231482708355,0.4633271111939778,0.0,,2.0,-0.10444479636689424,-0.2822353703458329,3,,,1.2734223691158064,2026-10-07T22:12:45+00:00,8471724.0
2026-10-07-late-2213,2026-10-07T22:13:12+00:00,2026020053,2026-10-07,player_sog,over:8474578,E. Karlsson Over 2.5,2.5,0.3272405652424115,0.4014220911529688,0.0,,2.4,-0.07418152591055727,-0.2146226434182124,5,,,2.017590483655558,2026-10-07T22:12:45+00:00,8474578.0
2026-10-07-late-2213,2026-10-07T22:13:12+00:00,2026020053,2026-10-07,player_sog,over:8476432,B. Jenner Over 1.5,1.5,0.579118150638853,0.4744237828729526,0.0,,1.91,0.10469436776590035,0.10611566772020908,1,,,2.0208629417425557,2026-10-07T22:12:45+00:00,8476432.0
2026-10-07-late-2213,2026-10-07T22:13:12+00:00,2026020053,2026-10-07,player_sog,over:8476483,R. Rakell Over 2.5,2.5,0.4401997771051718,0.43732486941387894,0.0,,2.22,0.0028749076912928384,-0.022756494826518536,5,,,2.4821431928789446,2026-10-07T22:12:45+00:00,8476483.0
2026-10-07-late-2213,2026-10-07T22:13:12+00:00,2026020053,2026-10-07,player_sog,over:8476880,T. Wilson Over 2.5,2.5,0.3008408999775959,0.3789759365808518,0.0,,2.49,-0.07813503660325594,-0.25090615905578617,3,,,1.912650052589553,2026-10-07T22:12:45+00:00,8476880.0
2026-10-07-late-2213,2026-10-07T22:13:12+00:00,2026020053,2026-10-07,player_sog,over:8477949,A. Tuch Over 2.5,2.5,0.43282062721450365,0.45494910653280907,0.0,,2.1,-0.022128479318305416,-0.09107668284954229,3,,,2.450575629278491,2026-10-07T22:12:45+00:00,8477949.0
2026-10-07-late-2213,2026-10-07T22:13:12+00:00,2026020053,2026-10-07,player_sog,over:8478438,T. Novak Over 1.5,1.5,0.49196360164913666,0.5025760693246505,0.0,,1.87,-0.010612467675513826,-0.08002806491611442,3,,,1.6967828026399487,2026-10-07T22:12:45+00:00,8478438.0
2026-10-07-late-2213,2026-10-07T22:13:12+00:00,2026020053,2026-10-07,player_sog,over:8478440,D. Strome Over 1.5,1.5,0.43047421150499265,0.537657061020124,0.0,,1.78,-0.10718284951513135,-0.23375590352111308,4,,,1.493091230419583,2026-10-07T22:12:45+00:00,8478440.0
2026-10-07-late-2213,2026-10-07T22:13:12+00:00,2026020053,2026-10-07,player_sog,over:8478463,A. Beauvillier Over 1.5,1.5,0.46173241683915967,0.4828879708792179,0.0,,2.0,-0.021155554040058255,-0.07653516632168067,3,,,1.5945576419051974,2026-10-07T22:12:45+00:00,8478463.0
2026-10-07-late-2213,2026-10-07T22:13:12+00:00,2026020053,2026-10-07,player_sog,over:8479345,J. Chychrun Over 2.5,2.5,0.27028022339591873,0.47139747838451024,0.0,,2.1,-0.2011172549885915,-0.43241153086857065,4,,,1.7915340641353832,2026-10-07T22:12:45+00:00,8479345.0
2026-10-07-late-2213,2026-10-07T22:13:12+00:00,2026020053,2026-10-07,player_sog,over:8479385,J. Kyrou Over 1.5,1.5,0.5150680663616788,0.58929821362922,0.0,,1.65,-0.07423014726754118,-0.15013769050323006,3,,,1.7780533528647275,2026-10-07T22:12:45+00:00,8479385.0
2026-10-07-late-2213,2026-10-07T22:13:12+00:00,2026020053,2026-10-07,player_sog,over:8479400,P. Dubois Over 1.5,1.5,0.3801316106954463,0.5196673621342544,0.0,,1.88,-0.13953575143880803,-0.28535257189256097,4,,,1.3370585707809899,2026-10-07T22:12:45+00:00,8479400.0
2026-10-07-late-2213,2026-10-07T22:13:12+00:00,2026020053,2026-10-07,player_sog,over:8480980,C. Dewar Over 1.5,1.5,0.36331719677618646,0.46401259559153374,0.0,,1.95,-0.10069539881534728,-0.29153146628643645,1,,,1.2866101027066033,2026-10-07T22:12:45+00:00,8480980.0
2026-10-07-late-2213,2026-10-07T22:13:12+00:00,2026020053,2026-10-07,player_sog,over:8481582,N. Robertson Over 1.5,1.5,0.43908448747764406,0.4445012414195821,0.0,,2.05,-0.005416753941938024,-0.09987680067082977,1,,,1.5206507447252184,2026-10-07T22:12:45+00:00,8481582.0
2026-10-07-late-2213,2026-10-07T22:13:12+00:00,2026020053,2026-10-07,player_sog,over:8481656,A. Protas Over 1.5,1.5,0.5035038720160007,0.4556038289583377,0.0,,2.1,0.04790004305766299,0.05735813123360145,3,,,1.7370104658049534,2026-10-07T22:12:45+00:00,8481656.0
2026-10-07-late-2213,2026-10-07T22:13:12+00:00,2026020053,2026-10-07,player_sog,over:8482088,J. Sourdif Over 1.5,1.5,0.3222956394689357,0.4040902287862609,0.0,,2.36,-0.0817945893173252,-0.2393822908533118,3,,,1.166252152101476,2026-10-07T22:12:45+00:00,8482088.0
2026-10-07-late-2213,2026-10-07T22:13:12+00:00,2026020053,2026-10-07,player_sog,over:8484186,R. Leonard Over 1.5,1.5,0.587862989008798,0.5276602107230922,0.0,,1.87,0.06020277828570575,0.09930378944645224,3,,,2.0563753914319736,2026-10-07T22:12:45+00:00,8484186.0
2026-10-07-late-2213,2026-10-07T22:13:12+00:00,2026020053,2026-10-07,player_sog,over:8484873,C. Hutson Over 1.5,1.5,0.42064996058270765,0.509506103710695,0.0,,1.9,-0.0888561431279874,-0.2007650748928555,4,,,1.4619818797701514,2026-10-07T22:12:45+00:00,8484873.0
2026-10-07-late-2213,2026-10-07T22:13:12+00:00,2026020053,2026-10-07,player_sog,over:8484999,I. Protas Over 1.5,1.5,0.3907818849392728,0.39542483660133076,0.0,,2.25,-0.00464295166205797,-0.12074075888663621,1,,,1.3694080982552495,2026-10-07T22:12:45+00:00,8484999.0
2026-10-07-late-2213,2026-10-07T22:13:12+00:00,2026020053,2026-10-07,player_sog,over:8485414,B. Kindel Over 1.5,1.5,0.4782665930571328,0.5889825176503141,0.0,,1.62,-0.11071592459318125,-0.22520811924744477,5,,,1.6499256034795522,2026-10-07T22:12:45+00:00,8485414.0
2026-10-07-late-2213,2026-10-07T22:13:12+00:00,2026020053,2026-10-07,player_sog,under:8471214,A. Ovechkin Under 2.5,2.5,0.5279843784514104,0.46632360256365935,0.0,,2.1,0.061660775887751096,0.10876719474796193,4,,,2.6210275650296797,2026-10-07T22:12:45+00:00,8471214.0
2026-10-07-late-2213,2026-10-07T22:13:12+00:00,2026020053,2026-10-07,player_sog,under:8471215,E. Malkin Under 1.5,1.5,0.3451899696232055,0.41065211644919963,0.0,,2.3,-0.06546214682599416,-0.20606306986662748,5,,,2.3525841276517556,2026-10-07T22:12:45+00:00,8471215.0
2026-10-07-late-2213,2026-10-07T22:13:12+00:00,2026020053,2026-10-07,player_sog,under:8471675,S. Crosby Under 2.5,2.5,0.5866332479825285,0.5747271249603552,0.0,,1.74,0.01190612302217331,0.02074185148959956,5,,,2.368370516715464,2026-10-07T22:12:45+00:00,8471675.0
2026-10-07-late-2213,2026-10-07T22:13:12+00:00,2026020053,2026-10-07,player_sog,under:8471724,K. Letang Under 1.5,1.5,0.6411176851729165,0.5366728888060222,0.0,,1.79,0.10444479636689424,0.14760065645952047,3,,,1.2734223691158064,2026-10-07T22:12:45+00:00,8471724.0
2026-10-07-late-2213,2026-10-07T22:13:12+00:00,2026020053,2026-10-07,player_sog,under:8474578,E. Karlsson Under 2.5,2.5,0.6727594347575885,0.5985779088470312,0.0,,1.65,0.07418152591055727,0.11005306735002096,5,,,2.017590483655558,2026-10-07T22:12:45+00:00,8474578.0
2026-10-07-late-2213,2026-10-07T22:13:12+00:00,2026020053,2026-10-07,player_sog,under:8476432,B. Jenner Under 1.5,1.5,0.42088184936114703,0.5255762171270474,0.0,,1.74,-0.10469436776590035,-0.2676655821116042,1,,,2.0208629417425557,2026-10-07T22:12:45+00:00,8476432.0
2026-10-07-late-2213,2026-10-07T22:13:12+00:00,2026020053,2026-10-07,player_sog,under:8476483,R. Rakell Under 2.5,2.5,0.5598002228948282,0.5626751305861211,0.0,,1.74,-0.0028749076912928384,-0.0259476121629989,5,,,2.4821431928789446,2026-10-07T22:12:45+00:00,8476483.0
2026-10-07-late-2213,2026-10-07T22:13:12+00:00,2026020053,2026-10-07,player_sog,under:8476880,T. Wilson Under 2.5,2.5,0.6991591000224041,0.6210240634191482,0.0,,1.57,0.07813503660325594,0.09767978703517449,3,,,1.912650052589553,2026-10-07T22:12:45+00:00,8476880.0
2026-10-07-late-2213,2026-10-07T22:13:12+00:00,2026020053,2026-10-07,player_sog,under:8477949,A. Tuch Under 2.5,2.5,0.5671793727854963,0.5450508934671909,0.0,,1.8,0.022128479318305416,0.02092287101389345,3,,,2.450575629278491,2026-10-07T22:12:45+00:00,8477949.0
2026-10-07-late-2213,2026-10-07T22:13:12+00:00,2026020053,2026-10-07,player_sog,under:8478438,T. Novak Under 1.5,1.5,0.5080363983508633,0.4974239306753495,0.0,,1.97,0.010612467675513826,0.0008317047512007569,3,,,1.6967828026399487,2026-10-07T22:12:45+00:00,8478438.0
2026-10-07-late-2213,2026-10-07T22:13:12+00:00,2026020053,2026-10-07,player_sog,under:8478440,D. Strome Under 1.5,1.5,0.5695257884950073,0.462342938979876,0.0,,2.05,0.10718284951513135,0.16752786641476491,4,,,1.493091230419583,2026-10-07T22:12:45+00:00,8478440.0
2026-10-07-late-2213,2026-10-07T22:13:12+00:00,2026020053,2026-10-07,player_sog,under:8478463,A. Beauvillier Under 1.5,1.5,0.5382675831608403,0.517112029120782,0.0,,1.87,0.021155554040058255,0.0065603805107714575,3,,,1.5945576419051974,2026-10-07T22:12:45+00:00,8478463.0
2026-10-07-late-2213,2026-10-07T22:13:12+00:00,2026020053,2026-10-07,player_sog,under:8479345,J. Chychrun Under 2.5,2.5,0.7297197766040813,0.5286025216154897,0.0,,1.83,0.2011172549885915,0.3353871911854688,4,,,1.7915340641353832,2026-10-07T22:12:45+00:00,8479345.0
2026-10-07-late-2213,2026-10-07T22:13:12+00:00,2026020053,2026-10-07,player_sog,under:8479385,J. Kyrou Under 1.5,1.5,0.4849319336383212,0.41070178637078003,0.0,,2.32,0.07423014726754118,0.12504208604090516,3,,,1.7780533528647275,2026-10-07T22:12:45+00:00,8479385.0
2026-10-07-late-2213,2026-10-07T22:13:12+00:00,2026020053,2026-10-07,player_sog,under:8479400,P. Dubois Under 1.5,1.5,0.6198683893045537,0.48033263786574565,0.0,,2.0,0.13953575143880803,0.23973677860910736,4,,,1.3370585707809899,2026-10-07T22:12:45+00:00,8479400.0
2026-10-07-late-2213,2026-10-07T22:13:12+00:00,2026020053,2026-10-07,player_sog,under:8480980,C. Dewar Under 1.5,1.5,0.6366828032238135,0.5359874044084663,0.0,,1.71,0.10069539881534728,0.08872759351272114,1,,,1.2866101027066033,2026-10-07T22:12:45+00:00,8480980.0
2026-10-07-late-2213,2026-10-07T22:13:12+00:00,2026020053,2026-10-07,player_sog,under:8481582,N. Robertson Under 1.5,1.5,0.5609155125223559,0.5554987585804179,0.0,,1.67,0.005416753941938024,-0.06327109408766562,1,,,1.5206507447252184,2026-10-07T22:12:45+00:00,8481582.0
2026-10-07-late-2213,2026-10-07T22:13:12+00:00,2026020053,2026-10-07,player_sog,under:8481656,A. Protas Under 1.5,1.5,0.49649612798399934,0.5443961710416623,0.0,,1.77,-0.04790004305766299,-0.12120185346832119,3,,,1.7370104658049534,2026-10-07T22:12:45+00:00,8481656.0
2026-10-07-late-2213,2026-10-07T22:13:12+00:00,2026020053,2026-10-07,player_sog,under:8482088,J. Sourdif Under 1.5,1.5,0.6777043605310643,0.5959097712137391,0.0,,1.61,0.0817945893173252,0.09110402045501359,3,,,1.166252152101476,2026-10-07T22:12:45+00:00,8482088.0
2026-10-07-late-2213,2026-10-07T22:13:12+00:00,2026020053,2026-10-07,player_sog,under:8484186,R. Leonard Under 1.5,1.5,0.41213701099120204,0.4723397892769078,0.0,,2.1,-0.06020277828570575,-0.13451227691847567,3,,,2.0563753914319736,2026-10-07T22:12:45+00:00,8484186.0
2026-10-07-late-2213,2026-10-07T22:13:12+00:00,2026020053,2026-10-07,player_sog,under:8484873,C. Hutson Under 1.5,1.5,0.5793500394172924,0.49049389628930495,0.0,,1.95,0.0888561431279874,0.12973257686372008,4,,,1.4619818797701514,2026-10-07T22:12:45+00:00,8484873.0
2026-10-07-late-2213,2026-10-07T22:13:12+00:00,2026020053,2026-10-07,player_sog,under:8484999,I. Protas Under 1.5,1.5,0.6092181150607272,0.6045751633986692,0.0,,1.53,0.00464295166205797,-0.06789628395708736,1,,,1.3694080982552495,2026-10-07T22:12:45+00:00,8484999.0
2026-10-07-late-2213,2026-10-07T22:13:12+00:00,2026020053,2026-10-07,player_sog,under:8485414,B. Kindel Under 1.5,1.5,0.5217334069428672,0.41101748234968594,0.0,,2.3,0.11071592459318125,0.19998683596859446,5,,,1.6499256034795522,2026-10-07T22:12:45+00:00,8485414.0
2026-10-07-late-2213,2026-10-07T22:13:12+00:00,2026020053,2026-10-07,spreads,away,PIT +1.5,1.5,0.7315572232016468,0.6206031402932619,0.0,,1.59,0.11095408290838493,0.16317598489061852,9,2.933362744436111,3.1529762237403998,6.199692318334752,2026-10-07T22:12:45+00:00,
2026-10-07-late-2213,2026-10-07T22:13:12+00:00,2026020053,2026-10-07,spreads,home,WSH -1.5,-1.5,0.26844277679835316,0.37939685970673803,0.0,,2.55,-0.11095408290838488,-0.3154709191641995,9,2.933362744436111,3.1529762237403998,6.199692318334752,2026-10-07T22:12:45+00:00,
2026-10-07-late-2213,2026-10-07T22:13:12+00:00,2026020053,2026-10-07,totals,over,Over 6.5,6.5,0.4553069439115791,0.5053084486685795,0.0,,1.91,-0.05000150475700038,-0.13036373712888394,9,2.933362744436111,3.1529762237403998,6.199692318334752,2026-10-07T22:12:45+00:00,
2026-10-07-late-2213,2026-10-07T22:13:12+00:00,2026020053,2026-10-07,totals,under,Under 6.5,6.5,0.5446930560884209,0.4946915513314205,0.0,,1.96,0.05000150475700038,0.06759838993330491,9,2.933362744436111,3.1529762237403998,6.199692318334752,2026-10-07T22:12:45+00:00,
2026-10-07-late-2213,2026-10-07T22:13:12+00:00,2026020054,2026-10-07,player_assists,over:8475172,N. Kadri Over 0.5,0.5,0.27711287212318836,0.3718520520791056,0.0,,2.45,-0.09473917995591724,-0.3210734632981885,2,,,0.32555748378919575,2026-10-07T22:12:45+00:00,8475172.0
2026-10-07-late-2213,2026-10-07T22:13:12+00:00,2026020054,2026-10-07,player_assists,over:8475754,B. Nelson Over 0.5,0.5,0.38800427291631767,0.2923327816053402,0.0,,3.2,0.09567149131097746,0.24161367333221662,2,,,0.49344899502677175,2026-10-07T22:12:45+00:00,8475754.0
2026-10-07-late-2213,2026-10-07T22:13:12+00:00,2026020054,2026-10-07,player_assists,over:8476455,G. Landeskog Over 0.5,0.5,0.2609194831866354,0.29222168081418587,0.0,,3.1,-0.03130219762755049,-0.19114960212143028,2,,,0.30326440123337906,2026-10-07T22:12:45+00:00,8476455.0
2026-10-07-late-2213,2026-10-07T22:13:12+00:00,2026020054,2026-10-07,player_assists,over:8476460,M. Scheifele Over 0.5,0.5,0.4766258930518251,0.4812402208501222,0.0,,1.95,-0.004614327798297069,-0.07057950854894102,2,,,0.6516689426146531,2026-10-07T22:12:45+00:00,8476460.0
2026-10-07-late-2213,2026-10-07T22:13:12+00:00,2026020054,2026-10-07,player_assists,over:8477476,A. Lehkonen Over 0.5,0.5,0.3097817692175775,0.31927537195530364,0.0,,3.2,-0.009493602737726148,-0.008698338503752012,2,,,0.37212539533312367,2026-10-07T22:12:45+00:00,8477476.0
2026-10-07-late-2213,2026-10-07T22:13:12+00:00,2026020054,2026-10-07,player_assists,over:8477492,N. MacKinnon Over 0.5,0.5,0.4873232348852705,0.607515441696749,0.0,,1.56,-0.12019220681147846,-0.23977575357897796,2,,,0.6725933741028851,2026-10-07T22:12:45+00:00,8477492.0
2026-10-07-late-2213,2026-10-07T22:13:12+00:00,2026020054,2026-10-07,player_assists,over:8477504,J. Morrissey Over 0.5,0.5,0.37946148935465207,0.44063721506249565,0.0,,2.2,-0.061175725707843576,-0.16518472341976537,2,,,0.4794517620397327,2026-10-07T22:12:45+00:00,8477504.0
2026-10-07-late-2213,2026-10-07T22:13:12+00:00,2026020054,2026-10-07,player_assists,over:8478038,D. Toews Over 0.5,0.5,0.34676253496710097,0.3644944464272052,0.0,,2.55,-0.01773191146010422,-0.11575553583389264,2,,,0.4276329019794158,2026-10-07T22:12:45+00:00,8478038.0
2026-10-07-late-2213,2026-10-07T22:13:12+00:00,2026020054,2026-10-07,player_assists,over:8478398,K. Connor Over 0.5,0.5,0.4207782310149827,0.4295278365045802,0.0,,2.15,-0.008749605489597523,-0.09532680331778726,2,,,0.5490626621905457,2026-10-07T22:12:45+00:00,8478398.0
2026-10-07-late-2213,2026-10-07T22:13:12+00:00,2026020054,2026-10-07,player_assists,over:8480014,G. Vilardi Over 0.5,0.5,0.35063570634931185,0.3226950354610276,0.0,,2.8,0.027940670888284225,-0.018220022221926868,2,,,0.4336309610022338,2026-10-07T22:12:45+00:00,8480014.0
2026-10-07-late-2213,2026-10-07T22:13:12+00:00,2026020054,2026-10-07,player_assists,over:8480039,M. Necas Over 0.5,0.5,0.4974768156907494,0.5073158401460746,0.0,,1.91,-0.00983902445532514,-0.049819282030668655,2,,,0.692870300501931,2026-10-07T22:12:45+00:00,8480039.0
2026-10-07-late-2213,2026-10-07T22:13:12+00:00,2026020054,2026-10-07,player_assists,over:8480069,C. Makar Over 0.5,0.5,0.4258281410715269,0.5603213003887737,0.0,,1.74,-0.1344931593172468,-0.25905903453554324,2,,,0.5579162642667529,2026-10-07T22:12:45+00:00,8480069.0
2026-10-07-late-2213,2026-10-07T22:13:12+00:00,2026020054,2026-10-07,player_assists,over:8482149,C. Perfetti Over 0.5,0.5,0.29378017330327577,0.34150747081780336,0.0,,2.7,-0.04772729751452759,-0.20679353208115536,2,,,0.34904137923705625,2026-10-07T22:12:45+00:00,8482149.0
2026-10-07-late-2213,2026-10-07T22:13:12+00:00,2026020054,2026-10-07,player_assists,under:8475172,N. Kadri Under 0.5,0.5,0.7228871278768116,0.6281479479208945,0.0,,1.51,0.09473917995591724,0.09155956309398561,2,,,0.32555748378919575,2026-10-07T22:12:45+00:00,8475172.0
2026-10-07-late-2213,2026-10-07T22:13:12+00:00,2026020054,2026-10-07,player_assists,under:8475754,B. Nelson Under 0.5,0.5,0.6119957270836823,0.7076672183946597,0.0,,1.38,-0.09567149131097746,-0.15544589662451846,2,,,0.49344899502677175,2026-10-07T22:12:45+00:00,8475754.0
2026-10-07-late-2213,2026-10-07T22:13:12+00:00,2026020054,2026-10-07,player_assists,under:8476455,G. Landeskog Under 0.5,0.5,0.7390805168133646,0.7077783191858141,0.0,,1.36,0.03130219762755049,0.005149502866175937,2,,,0.30326440123337906,2026-10-07T22:12:45+00:00,8476455.0
2026-10-07-late-2213,2026-10-07T22:13:12+00:00,2026020054,2026-10-07,player_assists,under:8476460,M. Scheifele Under 0.5,0.5,0.5233741069481749,0.5187597791498778,0.0,,1.83,0.004614327798297069,-0.04222538428483996,2,,,0.6516689426146531,2026-10-07T22:12:45+00:00,8476460.0
2026-10-07-late-2213,2026-10-07T22:13:12+00:00,2026020054,2026-10-07,player_assists,under:8477476,A. Lehkonen Under 0.5,0.5,0.6902182307824225,0.6807246280446964,0.0,,1.48,0.009493602737726148,0.021522981557985266,2,,,0.37212539533312367,2026-10-07T22:12:45+00:00,8477476.0
2026-10-07-late-2213,2026-10-07T22:13:12+00:00,2026020054,2026-10-07,player_assists,under:8477492,N. MacKinnon Under 0.5,0.5,0.5126767651147295,0.392484558303251,0.0,,2.35,0.12019220681147846,0.2047903980196143,2,,,0.6725933741028851,2026-10-07T22:12:45+00:00,8477492.0
2026-10-07-late-2213,2026-10-07T22:13:12+00:00,2026020054,2026-10-07,player_assists,under:8477504,J. Morrissey Under 0.5,0.5,0.6205385106453479,0.5593627849375044,0.0,,1.74,0.061175725707843576,0.07973700852290538,2,,,0.4794517620397327,2026-10-07T22:12:45+00:00,8477504.0
2026-10-07-late-2213,2026-10-07T22:13:12+00:00,2026020054,2026-10-07,player_assists,under:8478038,D. Toews Under 0.5,0.5,0.653237465032899,0.6355055535727948,0.0,,1.5,0.01773191146010422,-0.02014380245065145,2,,,0.4276329019794158,2026-10-07T22:12:45+00:00,8478038.0
2026-10-07-late-2213,2026-10-07T22:13:12+00:00,2026020054,2026-10-07,player_assists,under:8478398,K. Connor Under 0.5,0.5,0.5792217689850173,0.5704721634954197,0.0,,1.65,0.008749605489597523,-0.04428408117472149,2,,,0.5490626621905457,2026-10-07T22:12:45+00:00,8478398.0
2026-10-07-late-2213,2026-10-07T22:13:12+00:00,2026020054,2026-10-07,player_assists,under:8480014,G. Vilardi Under 0.5,0.5,0.6493642936506882,0.6773049645389724,0.0,,1.41,-0.027940670888284225,-0.08439634595252976,2,,,0.4336309610022338,2026-10-07T22:12:45+00:00,8480014.0
2026-10-07-late-2213,2026-10-07T22:13:12+00:00,2026020054,2026-10-07,player_assists,under:8480039,M. Necas Under 0.5,0.5,0.5025231843092506,0.49268415985392544,0.0,,1.95,0.00983902445532514,-0.02007979059696141,2,,,0.692870300501931,2026-10-07T22:12:45+00:00,8480039.0
2026-10-07-late-2213,2026-10-07T22:13:12+00:00,2026020054,2026-10-07,player_assists,under:8480069,C. Makar Under 0.5,0.5,0.5741718589284731,0.4396786996112263,0.0,,2.2,0.1344931593172468,0.263178089642641,2,,,0.5579162642667529,2026-10-07T22:12:45+00:00,8480069.0
2026-10-07-late-2213,2026-10-07T22:13:12+00:00,2026020054,2026-10-07,player_assists,under:8482149,C. Perfetti Under 0.5,0.5,0.7062198266967242,0.6584925291821966,0.0,,1.45,0.04772729751452759,0.024018748710250115,2,,,0.34904137923705625,2026-10-07T22:12:45+00:00,8482149.0
2026-10-07-late-2213,2026-10-07T22:13:12+00:00,2026020054,2026-10-07,player_goals,over:8470613,B. Burns to score (anytime),0.5,0.11436366960159361,0.09857259857259856,0.0,,11.0,0.015791071028995046,0.2580003656175297,5,,,0.12181836820507083,2026-10-07T22:12:45+00:00,8470613.0
2026-10-07-late-2213,2026-10-07T22:13:12+00:00,2026020054,2026-10-07,player_goals,over:8475172,N. Kadri to score (anytime),0.5,0.1780094065244906,0.27661255349094327,0.0,,3.5,-0.09860314696645267,-0.3769670771642829,5,,,0.19699013175495472,2026-10-07T22:12:45+00:00,8475172.0
2026-10-07-late-2213,2026-10-07T22:13:12+00:00,2026020054,2026-10-07,player_goals,over:8475754,B. Nelson to score (anytime),0.5,0.22237135109712192,0.28415418190019615,0.0,,3.4,-0.06178283080307423,-0.24393740626978555,5,,,0.25309421749175265,2026-10-07T22:12:45+00:00,8475754.0
2026-10-07-late-2213,2026-10-07T22:13:12+00:00,2026020054,2026-10-07,player_goals,over:8475768,J. Schwartz to score (anytime),0.5,0.13700504308081318,0.19809700442579992,0.0,,4.9,-0.061091961344986734,-0.3286752889040153,5,,,0.14789054124036732,2026-10-07T22:12:45+00:00,8475768.0
2026-10-07-late-2213,2026-10-07T22:13:12+00:00,2026020054,2026-10-07,player_goals,over:8475799,N. Niederreiter to score (anytime),0.5,0.09119811057246607,0.16992353440951571,0.0,,5.5,-0.07872542383704964,-0.4984103918514366,1,,,0.0958571353769718,2026-10-07T22:12:45+00:00,8475799.0
2026-10-07-late-2213,2026-10-07T22:13:12+00:00,2026020054,2026-10-07,player_goals,over:8476312,J. Manson to score (anytime),0.5,0.10480203407789068,0.07024991186329109,0.0,,18.0,0.03455212221459959,0.8864366134020322,5,,,0.11101738015742486,2026-10-07T22:12:45+00:00,8476312.0
2026-10-07-late-2213,2026-10-07T22:13:12+00:00,2026020054,2026-10-07,player_goals,over:8476331,D. DeMelo to score (anytime),0.5,0.11466735271409256,0.06818447989131708,0.0,,20.0,0.04648287282277548,1.2933470542818513,5,,,0.1221634170998085,2026-10-07T22:12:45+00:00,8476331.0
2026-10-07-late-2213,2026-10-07T22:13:12+00:00,2026020054,2026-10-07,player_goals,over:8476392,A. Lowry to score (anytime),0.5,0.13947110349326441,0.14296288688812053,0.0,,7.0,-0.0034917833948561183,-0.0237022755471491,5,,,0.1507735592985229,2026-10-07T22:12:45+00:00,8476392.0
2026-10-07-late-2213,2026-10-07T22:13:12+00:00,2026020054,2026-10-07,player_goals,over:8476455,G. Landeskog to score (anytime),0.5,0.2420669491083115,0.24471478677086153,0.0,,3.9,-0.002647837662550029,-0.05593889847758515,5,,,0.2790895673003782,2026-10-07T22:12:45+00:00,8476455.0
2026-10-07-late-2213,2026-10-07T22:13:12+00:00,2026020054,2026-10-07,player_goals,over:8476460,M. Scheifele to score (anytime),0.5,0.2632515243364911,0.2954665590330347,0.0,,3.25,-0.032215034696543576,-0.14443254590640386,5,,,0.3078540426073183,2026-10-07T22:12:45+00:00,8476460.0
2026-10-07-late-2213,2026-10-07T22:13:12+00:00,2026020054,2026-10-07,player_goals,over:8476480,V. Namestnikov to score (anytime),0.5,0.09090632713179514,0.14143986854267226,0.0,,7.5,-0.050533541410877125,-0.31820254651153645,5,,,0.09553458707150751,2026-10-07T22:12:45+00:00,8476480.0
2026-10-07-late-2213,2026-10-07T22:13:12+00:00,2026020054,2026-10-07,player_goals,over:8476967,B. Kulak to score (anytime),0.5,0.04125347066743412,0.0721528912724984,0.0,,19.0,-0.030899420605064273,-0.21618405731875168,4,,,0.042172947830391605,2026-10-07T22:12:45+00:00,8476967.0
2026-10-07-late-2213,2026-10-07T22:13:12+00:00,2026020054,2026-10-07,player_goals,over:8477476,A. Lehkonen to score (anytime),0.5,0.27903133845167016,0.2643847911716807,0.0,,3.7,0.014646547279989486,0.03241595227117966,5,,,0.32985009341002614,2026-10-07T22:12:45+00:00,8477476.0
2026-10-07-late-2213,2026-10-07T22:13:12+00:00,2026020054,2026-10-07,player_goals,over:8477492,N. MacKinnon to score (anytime),0.5,0.36767758916241666,0.4369167524327179,0.0,,2.2,-0.06923916327030122,-0.19110930384268326,5,,,0.4636484780896557,2026-10-07T22:12:45+00:00,8477492.0
2026-10-07-late-2213,2026-10-07T22:13:12+00:00,2026020054,2026-10-07,player_goals,over:8477504,J. Morrissey to score (anytime),0.5,0.1623267999570942,0.13899912527047556,0.0,,7.25,0.023327674686618644,0.17686929968893306,5,,,0.1779139026744974,2026-10-07T22:12:45+00:00,8477504.0
2026-10-07-late-2213,2026-10-07T22:13:12+00:00,2026020054,2026-10-07,player_goals,over:8478038,D. Toews to score (anytime),0.5,0.12052805764875885,0.12512383475967104,0.0,,8.0,-0.004595777110912191,-0.03577553880992923,5,,,0.128846881124332,2026-10-07T22:12:45+00:00,8478038.0
2026-10-07-late-2213,2026-10-07T22:13:12+00:00,2026020054,2026-10-07,player_goals,over:8478398,K. Connor to score (anytime),0.5,0.3719111331045136,0.3601736943873394,0.0,,2.65,0.011737438717174198,-0.014435497273038944,5,,,0.47052310969974676,2026-10-07T22:12:45+00:00,8478398.0
2026-10-07-late-2213,2026-10-07T22:13:12+00:00,2026020054,2026-10-07,player_goals,over:8478462,N. Roy to score (anytime),0.5,0.16965783002009172,0.14579439252336449,0.0,,7.5,0.02386343749672723,0.27243372515068787,5,,,0.186784226095828,2026-10-07T22:12:45+00:00,8478462.0
2026-10-07-late-2213,2026-10-07T22:13:12+00:00,2026020054,2026-10-07,player_goals,over:8479983,M. Ferraro to score (anytime),0.5,0.16438051466615988,0.07010416848095155,0.0,,19.0,0.09427634618520833,2.1232297786570378,5,,,0.180390590877653,2026-10-07T22:12:45+00:00,8479983.0
2026-10-07-late-2213,2026-10-07T22:13:12+00:00,2026020054,2026-10-07,player_goals,over:8480014,G. Vilardi to score (anytime),0.5,0.20509951992098308,0.26708719516521223,0.0,,3.6,-0.06198767524422916,-0.26164172828446086,5,,,0.2308606044683352,2026-10-07T22:12:45+00:00,8480014.0
2026-10-07-late-2213,2026-10-07T22:13:12+00:00,2026020054,2026-10-07,player_goals,over:8480039,M. Necas to score (anytime),0.5,0.3626557742404207,0.39015847003034493,0.0,,2.45,-0.027502695789924203,-0.1114933531109692,5,,,0.455556206637032,2026-10-07T22:12:45+00:00,8480039.0
2026-10-07-late-2213,2026-10-07T22:13:12+00:00,2026020054,2026-10-07,player_goals,over:8480049,D. Samberg to score (anytime),0.5,0.054951569714335013,0.06436461145850542,0.0,,21.0,-0.009413041744170403,0.15398296400103528,5,,,0.05659903932977821,2026-10-07T22:12:45+00:00,8480049.0
2026-10-07-late-2213,2026-10-07T22:13:12+00:00,2026020054,2026-10-07,player_goals,over:8480069,C. Makar to score (anytime),0.5,0.19540968641912293,0.2187107185197589,0.0,,4.4,-0.02330103210063597,-0.140197379755859,5,,,0.2186081613119673,2026-10-07T22:12:45+00:00,8480069.0
2026-10-07-late-2213,2026-10-07T22:13:12+00:00,2026020054,2026-10-07,player_goals,over:8480113,A. Iafallo to score (anytime),0.5,0.18997808157556917,0.1584902931852182,0.0,,6.25,0.03148778839035096,0.18736300984730736,5,,,0.21180767806057302,2026-10-07T22:12:45+00:00,8480113.0
2026-10-07-late-2213,2026-10-07T22:13:12+00:00,2026020054,2026-10-07,player_goals,over:8480145,N. Pionk to score (anytime),0.5,0.09271677123402022,0.11238401500686697,0.0,,9.0,-0.019667243772846746,-0.165549058893818,5,,,0.09753767725072959,2026-10-07T22:12:45+00:00,8480145.0
2026-10-07-late-2213,2026-10-07T22:13:12+00:00,2026020054,2026-10-07,player_goals,over:8480289,M. Barron to score (anytime),0.5,0.13159156911312841,0.11930504288942992,0.0,,9.0,0.012286526223698496,0.18432412201815573,5,,,0.1415919866884472,2026-10-07T22:12:45+00:00,8480289.0
2026-10-07-late-2213,2026-10-07T22:13:12+00:00,2026020054,2026-10-07,player_goals,over:8480448,P. Kelly to score (anytime),0.5,0.18888530837463124,0.13044743418575194,0.0,,8.0,0.0584378741888793,0.5110824669970501,5,,,0.21044528943877955,2026-10-07T22:12:45+00:00,8480448.0
2026-10-07-late-2213,2026-10-07T22:13:12+00:00,2026020054,2026-10-07,player_goals,over:8481030,J. St. Ivany to score (anytime),0.5,0.030385459960849404,0.0801848858907393,0.0,,19.0,-0.049799425929889896,-0.42267626074386133,3,,,0.03088048345960785,2026-10-07T22:12:45+00:00,8481030.0
2026-10-07-late-2213,2026-10-07T22:13:12+00:00,2026020054,2026-10-07,player_goals,over:8481043,C. Koepke to score (anytime),0.5,0.13074553988684978,0.11941848390446519,0.0,,9.0,0.011327055982384593,0.17670985898164804,4,,,0.14061136138436747,2026-10-07T22:12:45+00:00,8481043.0
2026-10-07-late-2213,2026-10-07T22:13:12+00:00,2026020054,2026-10-07,player_goals,over:8482149,C. Perfetti to score (anytime),0.5,0.21998580948590585,0.2553948135819855,0.0,,3.75,-0.035409004096079666,-0.17505321442785304,5,,,0.2499926761089582,2026-10-07T22:12:45+00:00,8482149.0
2026-10-07-late-2213,2026-10-07T22:13:12+00:00,2026020054,2026-10-07,player_goals,over:8482765,I. Rosen to score (anytime),0.5,0.11011650612656831,0.15316875156604443,0.0,,6.5,-0.04305224543947611,-0.28424271017730596,5,,,0.1170056596533775,2026-10-07T22:12:45+00:00,8482765.0
2026-10-07-late-2213,2026-10-07T22:13:12+00:00,2026020054,2026-10-07,player_goals,over:8482768,F. Svechkov to score (anytime),0.5,0.09877175299328422,0.12520699839423655,0.0,,8.25,-0.026435245400952323,-0.18513303780540513,5,,,0.10426757938429003,2026-10-07T22:12:45+00:00,8482768.0
2026-10-07-late-2213,2026-10-07T22:13:12+00:00,2026020054,2026-10-07,player_goals,over:8483471,B. Lambert to score (anytime),0.5,0.09721047910824165,0.11264780472847369,0.0,,10.0,-0.015437325620232034,-0.02789520891758346,5,,,0.10252774521270956,2026-10-07T22:12:45+00:00,8483471.0
2026-10-07-late-2213,2026-10-07T22:13:12+00:00,2026020054,2026-10-07,player_goals,over:8484258,S. Malinski to score (anytime),0.5,0.16109248805003185,0.09662480272416327,0.0,,12.0,0.06446768532586858,0.933109856600382,5,,,0.17642844319499423,2026-10-07T22:12:45+00:00,8484258.0
2026-10-07-late-2213,2026-10-07T22:13:12+00:00,2026020054,2026-10-07,player_points,over:8475172,N. Kadri Over 0.5,0.5,0.40698476424580643,0.5228613979232644,0.0,,1.81,-0.11587663367745793,-0.26335757671509036,3,,,0.5252751544082137,2026-10-07T22:12:45+00:00,8475172.0
2026-10-07-late-2213,2026-10-07T22:13:12+00:00,2026020054,2026-10-07,player_points,over:8475754,B. Nelson Over 0.5,0.5,0.5266105767669986,0.4875339723119787,0.0,,1.95,0.039076604455019925,0.02689062469564729,3,,,0.7534575118657961,2026-10-07T22:12:45+00:00,8475754.0
2026-10-07-late-2213,2026-10-07T22:13:12+00:00,2026020054,2026-10-07,player_points,over:8476312,J. Manson Over 0.5,0.5,0.3253291632065973,0.2628772407534258,0.0,,3.39,0.06245192245317155,0.10286586327036495,1,,,0.39508308863258246,2026-10-07T22:12:45+00:00,8476312.0
2026-10-07-late-2213,2026-10-07T22:13:12+00:00,2026020054,2026-10-07,player_points,over:8476455,G. Landeskog Over 0.5,0.5,0.43743804960844435,0.46504657826272117,0.0,,2.06,-0.02760852865427682,-0.09887761780660465,3,,,0.5785759161273131,2026-10-07T22:12:45+00:00,8476455.0
2026-10-07-late-2213,2026-10-07T22:13:12+00:00,2026020054,2026-10-07,player_points,over:8476460,M. Scheifele Over 0.5,0.5,0.6264899707217664,0.6286029401435235,0.0,,1.51,-0.002112969421757094,-0.05400014421013277,3,,,0.9945729277429345,2026-10-07T22:12:45+00:00,8476460.0
2026-10-07-late-2213,2026-10-07T22:13:12+00:00,2026020054,2026-10-07,player_points,over:8477476,A. Lehkonen Over 0.5,0.5,0.49983069004366754,0.5010401057521469,0.0,,1.95,-0.0012094157084793222,-0.025330154414848316,3,,,0.6976307019121333,2026-10-07T22:12:45+00:00,8477476.0
2026-10-07-late-2213,2026-10-07T22:13:12+00:00,2026020054,2026-10-07,player_points,over:8477492,N. MacKinnon Over 1.5,1.5,0.33139442480308734,0.4543276908162542,0.0,,2.05,-0.12293326601316684,-0.320641429153671,3,,,1.1856842177889473,2026-10-07T22:12:45+00:00,8477492.0
2026-10-07-late-2213,2026-10-07T22:13:12+00:00,2026020054,2026-10-07,player_points,over:8477504,J. Morrissey Over 0.5,0.5,0.48620268697037416,0.49716994481392457,0.0,,1.91,-0.010967257843550404,-0.0713528678865854,3,,,0.6703807570312754,2026-10-07T22:12:45+00:00,8477504.0
2026-10-07-late-2213,2026-10-07T22:13:12+00:00,2026020054,2026-10-07,player_points,over:8478038,D. Toews Over 0.5,0.5,0.4295065359108302,0.42351775565363114,0.0,,2.2,0.005988780257199067,-0.05508562099617342,3,,,0.5644154415458258,2026-10-07T22:12:45+00:00,8478038.0
2026-10-07-late-2213,2026-10-07T22:13:12+00:00,2026020054,2026-10-07,player_points,over:8478398,K. Connor Over 0.5,0.5,0.643481172758458,0.6335613652533173,0.0,,1.51,0.009919807505140654,-0.02834342913472848,3,,,1.0420789513190192,2026-10-07T22:12:45+00:00,8478398.0
2026-10-07-late-2213,2026-10-07T22:13:12+00:00,2026020054,2026-10-07,player_points,over:8480014,G. Vilardi Over 0.5,0.5,0.49500459163459154,0.49522182329010384,0.0,,1.91,-0.0002172316555122955,-0.054541229977930206,3,,,0.687894978529614,2026-10-07T22:12:45+00:00,8480014.0
2026-10-07-late-2213,2026-10-07T22:13:12+00:00,2026020054,2026-10-07,player_points,over:8480039,M. Necas Over 1.5,1.5,0.3339108135648594,0.3605108710150423,0.0,,2.55,-0.0266000574501829,-0.14852742540960862,2,,,1.1927272108970532,2026-10-07T22:12:45+00:00,8480039.0
2026-10-07-late-2213,2026-10-07T22:13:12+00:00,2026020054,2026-10-07,player_points,over:8480069,C. Makar Over 0.5,0.5,0.5755239664357683,0.6568809167504779,0.0,,1.47,-0.08135695031470958,-0.1539797693394206,3,,,0.8642846315128747,2026-10-07T22:12:45+00:00,8480069.0
2026-10-07-late-2213,2026-10-07T22:13:12+00:00,2026020054,2026-10-07,player_points,over:8482149,C. Perfetti Over 0.5,0.5,0.45027342896463496,0.5051743855986849,0.0,,1.88,-0.054900956634049924,-0.1534859535464863,3,,,0.6019286301311485,2026-10-07T22:12:45+00:00,8482149.0
2026-10-07-late-2213,2026-10-07T22:13:12+00:00,2026020054,2026-10-07,player_points,under:8475172,N. Kadri Under 0.5,0.5,0.5930152357541936,0.47713860207673564,0.0,,1.96,0.11587663367745793,0.1623098620782194,3,,,0.5252751544082137,2026-10-07T22:12:45+00:00,8475172.0
2026-10-07-late-2213,2026-10-07T22:13:12+00:00,2026020054,2026-10-07,player_points,under:8475754,B. Nelson Under 0.5,0.5,0.47338942323300137,0.5124660276880213,0.0,,1.87,-0.039076604455019925,-0.11476177855428737,3,,,0.7534575118657961,2026-10-07T22:12:45+00:00,8475754.0
2026-10-07-late-2213,2026-10-07T22:13:12+00:00,2026020054,2026-10-07,player_points,under:8476312,J. Manson Under 0.5,0.5,0.6746708367934027,0.7371227592465742,0.0,,1.3,-0.06245192245317155,-0.12292791216857649,1,,,0.39508308863258246,2026-10-07T22:12:45+00:00,8476312.0
2026-10-07-late-2213,2026-10-07T22:13:12+00:00,2026020054,2026-10-07,player_points,under:8476455,G. Landeskog Under 0.5,0.5,0.5625619503915557,0.5349534217372789,0.0,,1.83,0.02760852865427682,0.029488369216546906,3,,,0.5785759161273131,2026-10-07T22:12:45+00:00,8476455.0
2026-10-07-late-2213,2026-10-07T22:13:12+00:00,2026020054,2026-10-07,player_points,under:8476460,M. Scheifele Under 0.5,0.5,0.3735100292782336,0.37139705985647653,0.0,,2.48,0.002112969421757094,-0.07369512738998063,3,,,0.9945729277429345,2026-10-07T22:12:45+00:00,8476460.0
2026-10-07-late-2213,2026-10-07T22:13:12+00:00,2026020054,2026-10-07,player_points,under:8477476,A. Lehkonen Under 0.5,0.5,0.5001693099563325,0.49895989424785314,0.0,,1.91,0.0012094157084793222,-0.044676617983405054,3,,,0.6976307019121333,2026-10-07T22:12:45+00:00,8477476.0
2026-10-07-late-2213,2026-10-07T22:13:12+00:00,2026020054,2026-10-07,player_points,under:8477492,N. MacKinnon Under 1.5,1.5,0.6686055751969127,0.5456723091837459,0.0,,1.76,0.12293326601316684,0.17674581234656628,3,,,1.1856842177889473,2026-10-07T22:12:45+00:00,8477492.0
2026-10-07-late-2213,2026-10-07T22:13:12+00:00,2026020054,2026-10-07,player_points,under:8477504,J. Morrissey Under 0.5,0.5,0.5137973130296258,0.5028300551860754,0.0,,1.91,0.010967257843550404,-0.018647132113414677,3,,,0.6703807570312754,2026-10-07T22:12:45+00:00,8477504.0
2026-10-07-late-2213,2026-10-07T22:13:12+00:00,2026020054,2026-10-07,player_points,under:8478038,D. Toews Under 0.5,0.5,0.5704934640891698,0.5764822443463689,0.0,,1.65,-0.005988780257199067,-0.05868578425286991,3,,,0.5644154415458258,2026-10-07T22:12:45+00:00,8478038.0
2026-10-07-late-2213,2026-10-07T22:13:12+00:00,2026020054,2026-10-07,player_points,under:8478398,K. Connor Under 0.5,0.5,0.35651882724154205,0.3664386347466827,0.0,,2.5,-0.009919807505140654,-0.10870293189614488,3,,,1.0420789513190192,2026-10-07T22:12:45+00:00,8478398.0
2026-10-07-late-2213,2026-10-07T22:13:12+00:00,2026020054,2026-10-07,player_points,under:8480014,G. Vilardi Under 0.5,0.5,0.5049954083654085,0.5047781767098962,0.0,,1.87,0.0002172316555122955,-0.055658586356686135,3,,,0.687894978529614,2026-10-07T22:12:45+00:00,8480014.0
2026-10-07-late-2213,2026-10-07T22:13:12+00:00,2026020054,2026-10-07,player_points,under:8480039,M. Necas Under 1.5,1.5,0.6660891864351406,0.6394891289849577,0.0,,1.5,0.0266000574501829,-0.000866220347289115,2,,,1.1927272108970532,2026-10-07T22:12:45+00:00,8480039.0
2026-10-07-late-2213,2026-10-07T22:13:12+00:00,2026020054,2026-10-07,player_points,under:8480069,C. Makar Under 0.5,0.5,0.4244760335642317,0.3431190832495221,0.0,,2.75,0.08135695031470958,0.16730909230163715,3,,,0.8642846315128747,2026-10-07T22:12:45+00:00,8480069.0
2026-10-07-late-2213,2026-10-07T22:13:12+00:00,2026020054,2026-10-07,player_points,under:8482149,C. Perfetti Under 0.5,0.5,0.549726571035365,0.4948256144013151,0.0,,1.95,0.054900956634049924,0.07196681351896184,3,,,0.6019286301311485,2026-10-07T22:12:45+00:00,8482149.0
2026-10-07-late-2213,2026-10-07T22:13:12+00:00,2026020054,2026-10-07,player_sog,over:8470613,B. Burns Over 1.5,1.5,0.46836656710080504,0.4986770995066181,0.0,,1.91,-0.03031053240581305,-0.10541985683746241,2,,,1.6166227615280468,2026-10-07T22:12:45+00:00,8470613.0
2026-10-07-late-2213,2026-10-07T22:13:12+00:00,2026020054,2026-10-07,player_sog,over:8475172,N. Kadri Over 2.5,2.5,0.3712605946887364,0.4365142078593604,0.0,,2.15,-0.065253613170624,-0.20178972141921675,5,,,2.194693663542754,2026-10-07T22:12:45+00:00,8475172.0
2026-10-07-late-2213,2026-10-07T22:13:12+00:00,2026020054,2026-10-07,player_sog,over:8475754,B. Nelson Over 1.5,1.5,0.5649064030011286,0.5804839215835152,0.0,,1.7,-0.015577518582386651,-0.03965911489808138,4,,,1.964467988713769,2026-10-07T22:12:45+00:00,8475754.0
2026-10-07-late-2213,2026-10-07T22:13:12+00:00,2026020054,2026-10-07,player_sog,over:8476455,G. Landeskog Over 1.5,1.5,0.5637847293134052,0.5617842933091274,0.0,,1.74,0.0020004360042777947,-0.019014570994675017,4,,,1.9600835017654217,2026-10-07T22:12:45+00:00,8476455.0
2026-10-07-late-2213,2026-10-07T22:13:12+00:00,2026020054,2026-10-07,player_sog,over:8476460,M. Scheifele Over 1.5,1.5,0.6052516960736463,0.6031648355582133,0.0,,1.61,0.0020868605154329423,-0.02554476932142946,5,,,2.1289679206660077,2026-10-07T22:12:45+00:00,8476460.0
2026-10-07-late-2213,2026-10-07T22:13:12+00:00,2026020054,2026-10-07,player_sog,over:8477476,A. Lehkonen Over 1.5,1.5,0.5377243749311352,0.558236228068467,0.0,,1.77,-0.020511853137331726,-0.04822785637189064,4,,,1.8607629060059416,2026-10-07T22:12:45+00:00,8477476.0
2026-10-07-late-2213,2026-10-07T22:13:12+00:00,2026020054,2026-10-07,player_sog,over:8477492,N. MacKinnon Over 3.5,3.5,0.515313105681864,0.5257010677830388,0.0,,1.87,-0.010387962101174875,-0.03636449237491435,5,,,3.858942921861063,2026-10-07T22:12:45+00:00,8477492.0
2026-10-07-late-2213,2026-10-07T22:13:12+00:00,2026020054,2026-10-07,player_sog,over:8477504,J. Morrissey Over 1.5,1.5,0.6522714974124466,0.6012201743601687,0.0,,1.62,0.051051323052277886,0.05667982580816355,5,,,2.3404475624928387,2026-10-07T22:12:45+00:00,8477504.0
2026-10-07-late-2213,2026-10-07T22:13:12+00:00,2026020054,2026-10-07,player_sog,over:8478038,D. Toews Over 1.5,1.5,0.4581904504244003,0.47593068110712444,0.0,,1.98,-0.017740230682724123,-0.09278290815968737,3,,,1.5828568938645353,2026-10-07T22:12:45+00:00,8478038.0
2026-10-07-late-2213,2026-10-07T22:13:12+00:00,2026020054,2026-10-07,player_sog,over:8478398,K. Connor Over 3.5,3.5,0.5231580288892053,0.4437014141427624,0.0,,2.2,0.07945661474644289,0.15094766355625167,5,,,3.903843317146749,2026-10-07T22:12:45+00:00,8478398.0
2026-10-07-late-2213,2026-10-07T22:13:12+00:00,2026020054,2026-10-07,player_sog,over:8480014,G. Vilardi Over 1.5,1.5,0.4839274393775663,0.5264158160655948,0.0,,1.87,-0.04248837668802852,-0.0950556883639509,4,,,1.6691782410449592,2026-10-07T22:12:45+00:00,8480014.0
2026-10-07-late-2213,2026-10-07T22:13:12+00:00,2026020054,2026-10-07,player_sog,over:8480039,M. Necas Over 2.5,2.5,0.5811197671451775,0.5181681895598518,0.0,,1.85,0.06295157758532577,0.0750715692185785,5,,,3.1442263310651017,2026-10-07T22:12:45+00:00,8480039.0
2026-10-07-late-2213,2026-10-07T22:13:12+00:00,2026020054,2026-10-07,player_sog,over:8480069,C. Makar Over 2.5,2.5,0.38878868106839604,0.4672273515102073,0.0,,2.06,-0.07843867044181124,-0.19909531699910415,5,,,2.2663698347464973,2026-10-07T22:12:45+00:00,8480069.0
2026-10-07-late-2213,2026-10-07T22:13:12+00:00,2026020054,2026-10-07,player_sog,over:8482149,C. Perfetti Over 2.5,2.5,0.3240503939456886,0.41139729950580756,0.0,,2.28,-0.08734690556011898,-0.2611651018038301,3,,,2.004874488081089,2026-10-07T22:12:45+00:00,8482149.0
2026-10-07-late-2213,2026-10-07T22:13:12+00:00,2026020054,2026-10-07,player_sog,over:8484258,S. Malinski Over 1.5,1.5,0.5655686222693909,0.5177621037852038,0.0,,1.83,0.047806518484187044,0.034990578752985335,2,,,1.9670609828517065,2026-10-07T22:12:45+00:00,8484258.0
2026-10-07-late-2213,2026-10-07T22:13:12+00:00,2026020054,2026-10-07,player_sog,under:8470613,B. Burns Under 1.5,1.5,0.531633432899195,0.5013229004933819,0.0,,1.87,0.03031053240581305,-0.0058454804785053605,2,,,1.6166227615280468,2026-10-07T22:12:45+00:00,8470613.0
2026-10-07-late-2213,2026-10-07T22:13:12+00:00,2026020054,2026-10-07,player_sog,under:8475172,N. Kadri Under 2.5,2.5,0.6287394053112636,0.5634857921406395,0.0,,1.72,0.065253613170624,0.08143177713537336,5,,,2.194693663542754,2026-10-07T22:12:45+00:00,8475172.0
2026-10-07-late-2213,2026-10-07T22:13:12+00:00,2026020054,2026-10-07,player_sog,under:8475754,B. Nelson Under 1.5,1.5,0.4350935969988714,0.41951607841648475,0.0,,2.35,0.015577518582386651,0.022469952947347882,4,,,1.964467988713769,2026-10-07T22:12:45+00:00,8475754.0
2026-10-07-late-2213,2026-10-07T22:13:12+00:00,2026020054,2026-10-07,player_sog,under:8476455,G. Landeskog Under 1.5,1.5,0.4362152706865948,0.4382157066908726,0.0,,2.2,-0.0020004360042777947,-0.04032640448949132,4,,,1.9600835017654217,2026-10-07T22:12:45+00:00,8476455.0
2026-10-07-late-2213,2026-10-07T22:13:12+00:00,2026020054,2026-10-07,player_sog,under:8476460,M. Scheifele Under 1.5,1.5,0.39474830392635374,0.3968351644417867,0.0,,2.35,-0.0020868605154329423,-0.07234148577306865,5,,,2.1289679206660077,2026-10-07T22:12:45+00:00,8476460.0
2026-10-07-late-2213,2026-10-07T22:13:12+00:00,2026020054,2026-10-07,player_sog,under:8477476,A. Lehkonen Under 1.5,1.5,0.46227562506886477,0.44176377193153304,0.0,,2.25,0.020511853137331726,0.040120156404945706,4,,,1.8607629060059416,2026-10-07T22:12:45+00:00,8477476.0
2026-10-07-late-2213,2026-10-07T22:13:12+00:00,2026020054,2026-10-07,player_sog,under:8477492,N. MacKinnon Under 3.5,3.5,0.48468689431813605,0.4742989322169612,0.0,,2.0,0.010387962101174875,-0.030626211363727895,5,,,3.858942921861063,2026-10-07T22:12:45+00:00,8477492.0
2026-10-07-late-2213,2026-10-07T22:13:12+00:00,2026020054,2026-10-07,player_sog,under:8477504,J. Morrissey Under 1.5,1.5,0.3477285025875534,0.3987798256398313,0.0,,2.4,-0.051051323052277886,-0.1654515937898719,5,,,2.3404475624928387,2026-10-07T22:12:45+00:00,8477504.0
2026-10-07-late-2213,2026-10-07T22:13:12+00:00,2026020054,2026-10-07,player_sog,under:8478038,D. Toews Under 1.5,1.5,0.5418095495755997,0.5240693188928756,0.0,,1.79,0.017740230682724123,-0.030160906259676545,3,,,1.5828568938645353,2026-10-07T22:12:45+00:00,8478038.0
2026-10-07-late-2213,2026-10-07T22:13:12+00:00,2026020054,2026-10-07,player_sog,under:8478398,K. Connor Under 3.5,3.5,0.47684197111079474,0.5562985858572376,0.0,,1.71,-0.07945661474644289,-0.184600229400541,5,,,3.903843317146749,2026-10-07T22:12:45+00:00,8478398.0
2026-10-07-late-2213,2026-10-07T22:13:12+00:00,2026020054,2026-10-07,player_sog,under:8480014,G. Vilardi Under 1.5,1.5,0.5160725606224337,0.47358418393440516,0.0,,2.01,0.04248837668802852,0.03730584685109162,4,,,1.6691782410449592,2026-10-07T22:12:45+00:00,8480014.0
2026-10-07-late-2213,2026-10-07T22:13:12+00:00,2026020054,2026-10-07,player_sog,under:8480039,M. Necas Under 2.5,2.5,0.41888023285482245,0.4818318104401482,0.0,,2.04,-0.06295157758532577,-0.1454843249761622,5,,,3.1442263310651017,2026-10-07T22:12:45+00:00,8480039.0
2026-10-07-late-2213,2026-10-07T22:13:12+00:00,2026020054,2026-10-07,player_sog,under:8480069,C. Makar Under 2.5,2.5,0.611211318931604,0.5327726484897928,0.0,,1.8,0.07843867044181124,0.10018037407688718,5,,,2.2663698347464973,2026-10-07T22:12:45+00:00,8480069.0
2026-10-07-late-2213,2026-10-07T22:13:12+00:00,2026020054,2026-10-07,player_sog,under:8482149,C. Perfetti Under 2.5,2.5,0.6759496060543114,0.5886027004941925,0.0,,1.61,0.08734690556011898,0.08827886574744148,3,,,2.004874488081089,2026-10-07T22:12:45+00:00,8482149.0
2026-10-07-late-2213,2026-10-07T22:13:12+00:00,2026020054,2026-10-07,player_sog,under:8484258,S. Malinski Under 1.5,1.5,0.43443137773060914,0.4822378962147962,0.0,,1.95,-0.047806518484187044,-0.1528588134253122,2,,,1.9670609828517065,2026-10-07T22:12:45+00:00,8484258.0
2026-10-07-late-2213,2026-10-07T22:13:12+00:00,2026020054,2026-10-07,spreads,away,COL -1.5,-1.5,0.36806910846397567,0.42357533824884763,0.0,,2.3,-0.05550622978487196,-0.153441050532856,9,2.6975031256104214,3.436215460821737,6.240068606750375,2026-10-07T22:12:45+00:00,
2026-10-07-late-2213,2026-10-07T22:13:12+00:00,2026020054,2026-10-07,spreads,home,WPG +1.5,1.5,0.6319308915360243,0.5764246617511524,0.0,,1.69,0.05550622978487196,0.06796320669588107,9,2.6975031256104214,3.436215460821737,6.240068606750375,2026-10-07T22:12:45+00:00,
2026-10-07-late-2213,2026-10-07T22:13:12+00:00,2026020054,2026-10-07,totals,over,Over 6.5,6.5,0.46149164841999135,0.49865949171028984,0.0,,1.94,-0.037167843290298486,-0.1047062020652168,9,2.6975031256104214,3.436215460821737,6.240068606750375,2026-10-07T22:12:45+00:00,
2026-10-07-late-2213,2026-10-07T22:13:12+00:00,2026020054,2026-10-07,totals,under,Under 6.5,6.5,0.5385083515800086,0.5013405082897102,0.0,,1.94,0.03716784329029843,0.044706202065216805,9,2.6975031256104214,3.436215460821737,6.240068606750375,2026-10-07T22:12:45+00:00,
2026-10-07-late-2213,2026-10-07T22:13:12+00:00,2026020055,2026-10-07,player_assists,over:8473986,A. Killorn Over 0.5,0.5,0.25174957067724,0.24653860663975094,0.0,,3.55,0.00521096403748908,-0.10628902409579799,2,,,0.2908602889122233,2026-10-07T22:12:45+00:00,8473986.0
2026-10-07-late-2213,2026-10-07T22:13:12+00:00,2026020055,2026-10-07,player_assists,over:8475218,M. Ekholm Over 0.5,0.5,0.2399850543607308,0.2727433156147663,0.0,,3.45,-0.03275826125403547,-0.1720515624554787,2,,,0.27517160802446905,2026-10-07T22:12:45+00:00,8475218.0
2026-10-07-late-2213,2026-10-07T22:13:12+00:00,2026020055,2026-10-07,player_assists,over:8475798,M. Granlund Over 0.5,0.5,0.404155892623715,0.4000833498382186,0.0,,2.4,0.0040725427854964025,-0.03002585770308408,2,,,0.5204664111070632,2026-10-07T22:12:45+00:00,8475798.0
2026-10-07-late-2213,2026-10-07T22:13:12+00:00,2026020055,2026-10-07,player_assists,over:8476473,C. Murphy Over 0.5,0.5,0.1983035574063915,0.1746903889760533,0.0,,4.9,0.0236131684303382,-0.028312568708681596,1,,,0.22151448548693303,2026-10-07T22:12:45+00:00,8476473.0
2026-10-07-late-2213,2026-10-07T22:13:12+00:00,2026020055,2026-10-07,player_assists,over:8477934,L. Draisaitl Over 0.5,0.5,0.43968255911257903,0.594708408610364,0.0,,1.61,-0.15502584949778497,-0.29211107982874773,2,,,0.5826201183808878,2026-10-07T22:12:45+00:00,8477934.0
2026-10-07-late-2213,2026-10-07T22:13:12+00:00,2026020055,2026-10-07,player_assists,over:8477953,K. Kapanen Over 0.5,0.5,0.20177648022141592,0.3004320372216398,0.0,,3.0,-0.09865555700022388,-0.39467055933575224,2,,,0.22587528587119393,2026-10-07T22:12:45+00:00,8477953.0
2026-10-07-late-2213,2026-10-07T22:13:12+00:00,2026020055,2026-10-07,player_assists,over:8478402,C. McDavid Over 0.5,0.5,0.5788997110061738,0.6614071940686885,0.0,,1.45,-0.08250748306251476,-0.16059541904104807,2,,,0.8724078228051215,2026-10-07T22:12:45+00:00,8478402.0
2026-10-07-late-2213,2026-10-07T22:13:12+00:00,2026020055,2026-10-07,player_assists,over:8478421,A. Greer Over 0.5,0.5,0.23992523592978543,0.2624434389140076,0.0,,3.4,-0.02251820298422219,-0.18425419783872954,1,,,0.2750924711288903,2026-10-07T22:12:45+00:00,8478421.0
2026-10-07-late-2213,2026-10-07T22:13:12+00:00,2026020055,2026-10-07,player_assists,over:8478854,R. Shea Over 0.5,0.5,0.29385382123892756,0.3100949525237259,0.0,,2.9,-0.016241131284798316,-0.14782391840711007,1,,,0.34914639753446014,2026-10-07T22:12:45+00:00,8478854.0
2026-10-07-late-2213,2026-10-07T22:13:12+00:00,2026020055,2026-10-07,player_assists,over:8479365,T. Frederic Over 0.5,0.5,0.11731057441600512,0.16521739130440577,0.0,,5.0,-0.04790681688840065,-0.4134471279199744,1,,,0.12493770140502622,2026-10-07T22:12:45+00:00,8479365.0
2026-10-07-late-2213,2026-10-07T22:13:12+00:00,2026020055,2026-10-07,player_assists,over:8480068,R. Poehling Over 0.5,0.5,0.24081939622724435,0.22335647202933934,0.0,,3.95,0.017462924197905016,-0.04876338490238474,1,,,0.27627606480090366,2026-10-07T22:12:45+00:00,8480068.0
2026-10-07-late-2213,2026-10-07T22:13:12+00:00,2026020055,2026-10-07,player_assists,over:8480803,E. Bouchard Over 0.5,0.5,0.46976663853545664,0.5891095132806965,0.0,,1.65,-0.11934287474523986,-0.2248850464164966,2,,,0.6384802599945343,2026-10-07T22:12:45+00:00,8480803.0
2026-10-07-late-2213,2026-10-07T22:13:12+00:00,2026020055,2026-10-07,player_assists,over:8481605,J. LaCombe Over 0.5,0.5,0.41147767747840625,0.4757523891028478,0.0,,2.05,-0.06427471162444154,-0.15647076116926728,2,,,0.5329608698613439,2026-10-07T22:12:45+00:00,8481605.0
2026-10-07-late-2213,2026-10-07T22:13:12+00:00,2026020055,2026-10-07,player_assists,over:8481617,V. Podkolzin Over 0.5,0.5,0.2696097253655009,0.39022795724030745,0.0,,2.4,-0.12061823187480658,-0.3529366591227979,2,,,0.3151654028393578,2026-10-07T22:12:45+00:00,8481617.0
2026-10-07-late-2213,2026-10-07T22:13:12+00:00,2026020055,2026-10-07,player_assists,over:8481754,N. Nesterenko Over 0.5,0.5,0.14171156224862347,0.1444786456329743,0.0,,5.75,-0.0027670833843508325,-0.18515851707041509,1,,,0.15304882397172936,2026-10-07T22:12:45+00:00,8481754.0
2026-10-07-late-2213,2026-10-07T22:13:12+00:00,2026020055,2026-10-07,player_assists,over:8483445,C. Gauthier Over 0.5,0.5,0.2756855453798507,0.39022795724030745,0.0,,2.4,-0.11454241186045677,-0.33835469108835836,2,,,0.32357214542704477,2026-10-07T22:12:45+00:00,8483445.0
2026-10-07-late-2213,2026-10-07T22:13:12+00:00,2026020055,2026-10-07,player_assists,over:8483482,T. Luneau Over 0.5,0.5,0.19677357335687407,0.29628736740594525,0.0,,3.05,-0.09951379404907118,-0.39984060126153415,1,,,0.21959946076227885,2026-10-07T22:12:45+00:00,8483482.0
2026-10-07-late-2213,2026-10-07T22:13:12+00:00,2026020055,2026-10-07,player_assists,over:8483490,P. Mintyukov Over 0.5,0.5,0.2056390060324761,0.259461924304669,0.0,,3.4,-0.05382291827219293,-0.3008273794895813,1,,,0.23074808298552887,2026-10-07T22:12:45+00:00,8483490.0
2026-10-07-late-2213,2026-10-07T22:13:12+00:00,2026020055,2026-10-07,player_assists,over:8484153,L. Carlsson Over 0.5,0.5,0.39283990155000925,0.43869404049044725,0.0,,2.1,-0.045854138940437994,-0.17503620674498055,2,,,0.5014607098059785,2026-10-07T22:12:45+00:00,8484153.0
2026-10-07-late-2213,2026-10-07T22:13:12+00:00,2026020055,2026-10-07,player_assists,over:8484262,T. Mitchell Over 0.5,0.5,0.08960274972868376,0.1168831168830436,0.0,,7.0,-0.027280367154359844,-0.37278075189921367,1,,,0.09396241486486633,2026-10-07T22:12:45+00:00,8484262.0
2026-10-07-late-2213,2026-10-07T22:13:12+00:00,2026020055,2026-10-07,player_assists,over:8484762,B. Sennecke Over 0.5,0.5,0.3145378571313525,0.40877535936615417,0.0,,2.3,-0.09423750223480165,-0.2765629285978893,2,,,0.37909189081312494,2026-10-07T22:12:45+00:00,8484762.0
2026-10-07-late-2213,2026-10-07T22:13:12+00:00,2026020055,2026-10-07,player_assists,under:8473986,A. Killorn Under 0.5,0.5,0.74825042932276,0.7534613933602491,0.0,,1.28,-0.00521096403748908,-0.042239450466867196,2,,,0.2908602889122233,2026-10-07T22:12:45+00:00,8473986.0
2026-10-07-late-2213,2026-10-07T22:13:12+00:00,2026020055,2026-10-07,player_assists,under:8475218,M. Ekholm Under 0.5,0.5,0.7600149456392692,0.7272566843852337,0.0,,1.34,0.03275826125403547,0.018420027156620777,2,,,0.27517160802446905,2026-10-07T22:12:45+00:00,8475218.0
2026-10-07-late-2213,2026-10-07T22:13:12+00:00,2026020055,2026-10-07,player_assists,under:8475798,M. Granlund Under 0.5,0.5,0.595844107376285,0.5999166501617814,0.0,,1.62,-0.0040725427854964025,-0.0347325460504182,2,,,0.5204664111070632,2026-10-07T22:12:45+00:00,8475798.0
2026-10-07-late-2213,2026-10-07T22:13:12+00:00,2026020055,2026-10-07,player_assists,under:8476473,C. Murphy Under 0.5,0.5,0.8016964425936085,0.8253096110239467,0.0,,1.17,-0.0236131684303382,-0.062015162165478116,1,,,0.22151448548693303,2026-10-07T22:12:45+00:00,8476473.0
2026-10-07-late-2213,2026-10-07T22:13:12+00:00,2026020055,2026-10-07,player_assists,under:8477934,L. Draisaitl Under 0.5,0.5,0.560317440887421,0.405291591389636,0.0,,2.3,0.15502584949778497,0.2887301140410682,2,,,0.5826201183808878,2026-10-07T22:12:45+00:00,8477934.0
2026-10-07-late-2213,2026-10-07T22:13:12+00:00,2026020055,2026-10-07,player_assists,under:8477953,K. Kapanen Under 0.5,0.5,0.7982235197785841,0.6995679627783602,0.0,,1.36,0.09865555700022388,0.08558398689887442,2,,,0.22587528587119393,2026-10-07T22:12:45+00:00,8477953.0
2026-10-07-late-2213,2026-10-07T22:13:12+00:00,2026020055,2026-10-07,player_assists,under:8478402,C. McDavid Under 0.5,0.5,0.42110028899382623,0.33859280593131147,0.0,,2.75,0.08250748306251476,0.15802579473302214,2,,,0.8724078228051215,2026-10-07T22:12:45+00:00,8478402.0
2026-10-07-late-2213,2026-10-07T22:13:12+00:00,2026020055,2026-10-07,player_assists,under:8478421,A. Greer Under 0.5,0.5,0.7600747640702146,0.7375565610859924,0.0,,1.3,0.02251820298422219,-0.011902806708721014,1,,,0.2750924711288903,2026-10-07T22:12:45+00:00,8478421.0
2026-10-07-late-2213,2026-10-07T22:13:12+00:00,2026020055,2026-10-07,player_assists,under:8478854,R. Shea Under 0.5,0.5,0.7061461787610724,0.6899050474762741,0.0,,1.38,0.016241131284798316,-0.02551827330972012,1,,,0.34914639753446014,2026-10-07T22:12:45+00:00,8478854.0
2026-10-07-late-2213,2026-10-07T22:13:12+00:00,2026020055,2026-10-07,player_assists,under:8479365,T. Frederic Under 0.5,0.5,0.8826894255839949,0.8347826086955943,0.0,,1.15,0.04790681688840065,0.015092839421594034,1,,,0.12493770140502622,2026-10-07T22:12:45+00:00,8479365.0
2026-10-07-late-2213,2026-10-07T22:13:12+00:00,2026020055,2026-10-07,player_assists,under:8480068,R. Poehling Under 0.5,0.5,0.7591806037727556,0.7766435279706607,0.0,,1.24,-0.017462924197905016,-0.05861605132178299,1,,,0.27627606480090366,2026-10-07T22:12:45+00:00,8480068.0
2026-10-07-late-2213,2026-10-07T22:13:12+00:00,2026020055,2026-10-07,player_assists,under:8480803,E. Bouchard Under 0.5,0.5,0.5302333614645434,0.4108904867193035,0.0,,2.35,0.11934287474523986,0.246048399441677,2,,,0.6384802599945343,2026-10-07T22:12:45+00:00,8480803.0
2026-10-07-late-2213,2026-10-07T22:13:12+00:00,2026020055,2026-10-07,player_assists,under:8481605,J. LaCombe Under 0.5,0.5,0.5885223225215938,0.5242476108971522,0.0,,1.87,0.06427471162444154,0.10053674311538041,2,,,0.5329608698613439,2026-10-07T22:12:45+00:00,8481605.0
2026-10-07-late-2213,2026-10-07T22:13:12+00:00,2026020055,2026-10-07,player_assists,under:8481617,V. Podkolzin Under 0.5,0.5,0.7303902746344991,0.6097720427596925,0.0,,1.57,0.12061823187480658,0.14671273117616368,2,,,0.3151654028393578,2026-10-07T22:12:45+00:00,8481617.0
2026-10-07-late-2213,2026-10-07T22:13:12+00:00,2026020055,2026-10-07,player_assists,under:8481754,N. Nesterenko Under 0.5,0.5,0.8582884377513765,0.8555213543670257,0.0,,1.13,0.0027670833843508325,-0.030134065340944607,1,,,0.15304882397172936,2026-10-07T22:12:45+00:00,8481754.0
2026-10-07-late-2213,2026-10-07T22:13:12+00:00,2026020055,2026-10-07,player_assists,under:8483445,C. Gauthier Under 0.5,0.5,0.7243144546201493,0.6097720427596925,0.0,,1.57,0.11454241186045677,0.13717369375363447,2,,,0.32357214542704477,2026-10-07T22:12:45+00:00,8483445.0
2026-10-07-late-2213,2026-10-07T22:13:12+00:00,2026020055,2026-10-07,player_assists,under:8483482,T. Luneau Under 0.5,0.5,0.8032264266431259,0.7037126325940548,0.0,,1.36,0.09951379404907118,0.09238794023465136,1,,,0.21959946076227885,2026-10-07T22:12:45+00:00,8483482.0
2026-10-07-late-2213,2026-10-07T22:13:12+00:00,2026020055,2026-10-07,player_assists,under:8483490,P. Mintyukov Under 0.5,0.5,0.7943609939675239,0.740538075695331,0.0,,1.29,0.05382291827219293,0.024725682218105866,1,,,0.23074808298552887,2026-10-07T22:12:45+00:00,8483490.0
2026-10-07-late-2213,2026-10-07T22:13:12+00:00,2026020055,2026-10-07,player_assists,under:8484153,L. Carlsson Under 0.5,0.5,0.6071600984499907,0.5613059595095528,0.0,,1.67,0.045854138940437994,0.013957364411484485,2,,,0.5014607098059785,2026-10-07T22:12:45+00:00,8484153.0
2026-10-07-late-2213,2026-10-07T22:13:12+00:00,2026020055,2026-10-07,player_assists,under:8484262,T. Mitchell Under 0.5,0.5,0.9103972502713162,0.8831168831169564,0.0,,1.1,0.027280367154359844,0.00143697529844794,1,,,0.09396241486486633,2026-10-07T22:12:45+00:00,8484262.0
2026-10-07-late-2213,2026-10-07T22:13:12+00:00,2026020055,2026-10-07,player_assists,under:8484762,B. Sennecke Under 0.5,0.5,0.6854621428686475,0.5912246406338458,0.0,,1.62,0.09423750223480165,0.11044867144720899,2,,,0.37909189081312494,2026-10-07T22:12:45+00:00,8484762.0
2026-10-07-late-2213,2026-10-07T22:13:12+00:00,2026020055,2026-10-07,player_goals,over:8473986,A. Killorn to score (anytime),0.5,0.24466786833141196,0.21592664253466892,0.0,,4.4,0.028741225796743042,0.07653862065821271,5,,,0.282575331685768,2026-10-07T22:12:45+00:00,8473986.0
2026-10-07-late-2213,2026-10-07T22:13:12+00:00,2026020055,2026-10-07,player_goals,over:8475218,M. Ekholm to score (anytime),0.5,0.055990204369735674,0.09813039087365641,0.0,,12.0,-0.042140186503920735,-0.3281175475631719,5,,,0.057701813893831236,2026-10-07T22:12:45+00:00,8475218.0
2026-10-07-late-2213,2026-10-07T22:13:12+00:00,2026020055,2026-10-07,player_goals,over:8475798,M. Granlund to score (anytime),0.5,0.2685436754786271,0.26035671775428454,0.0,,3.65,0.00818695772434258,-0.01981558450301102,5,,,0.31517536931204815,2026-10-07T22:12:45+00:00,8475798.0
2026-10-07-late-2213,2026-10-07T22:13:12+00:00,2026020055,2026-10-07,player_goals,over:8476473,C. Murphy to score (anytime),0.5,0.07951628977859815,0.0627425260971744,0.0,,19.0,0.016773763681423748,0.5108095057933648,5,,,0.08302784019646184,2026-10-07T22:12:45+00:00,8476473.0
2026-10-07-late-2213,2026-10-07T22:13:12+00:00,2026020055,2026-10-07,player_goals,over:8477934,L. Draisaitl to score (anytime),0.5,0.3441177704004985,0.44773559081856745,0.0,,2.15,-0.10361782041806894,-0.26014679363892823,5,,,0.4262527959528087,2026-10-07T22:12:45+00:00,8477934.0
2026-10-07-late-2213,2026-10-07T22:13:12+00:00,2026020055,2026-10-07,player_goals,over:8477953,K. Kapanen to score (anytime),0.5,0.16131150264840932,0.2519339208623551,0.0,,3.75,-0.09062241821394579,-0.39508186506846504,5,,,0.176691853528475,2026-10-07T22:12:45+00:00,8477953.0
2026-10-07-late-2213,2026-10-07T22:13:12+00:00,2026020055,2026-10-07,player_goals,over:8478013,J. Walman to score (anytime),0.5,0.06519885120801916,0.11148316590867442,0.0,,11.0,-0.04628431470065526,-0.28281263671178924,5,,,0.06753521649539812,2026-10-07T22:12:45+00:00,8478013.0
2026-10-07-late-2213,2026-10-07T22:13:12+00:00,2026020055,2026-10-07,player_goals,over:8478402,C. McDavid to score (anytime),0.5,0.3907952853339224,0.4359530766833527,0.0,,2.16,-0.04515779134943032,-0.15588218367872758,5,,,0.5017924621093858,2026-10-07T22:12:45+00:00,8478402.0
2026-10-07-late-2213,2026-10-07T22:13:12+00:00,2026020055,2026-10-07,player_goals,over:8478421,A. Greer to score (anytime),0.5,0.19958797446122511,0.16812540177026158,0.0,,6.0,0.03146257269096353,0.1975278467673507,5,,,0.22387235032205974,2026-10-07T22:12:45+00:00,8478421.0
2026-10-07-late-2213,2026-10-07T22:13:12+00:00,2026020055,2026-10-07,player_goals,over:8478472,M. Joseph to score (anytime),0.5,0.04164811712738892,0.12064311496984828,0.0,,8.5,-0.07899499784245936,-0.6459910044171941,5,,,0.04258553249882939,2026-10-07T22:12:45+00:00,8478472.0
2026-10-07-late-2213,2026-10-07T22:13:12+00:00,2026020055,2026-10-07,player_goals,over:8478854,R. Shea to score (anytime),0.5,0.15011154987254638,0.09535324488595516,0.0,,12.0,0.05475830498659122,0.8013385984705564,5,,,0.1633133467612699,2026-10-07T22:12:45+00:00,8478854.0
2026-10-07-late-2213,2026-10-07T22:13:12+00:00,2026020055,2026-10-07,player_goals,over:8479365,T. Frederic to score (anytime),0.5,0.10728852356173468,0.19296938676095626,0.0,,5.75,-0.08568086319922158,-0.3830909895200256,5,,,0.11381446493486909,2026-10-07T22:12:45+00:00,8479365.0
2026-10-07-late-2213,2026-10-07T22:13:12+00:00,2026020055,2026-10-07,player_goals,over:8480068,R. Poehling to score (anytime),0.5,0.15276426749753214,0.18541042054795165,0.0,,5.3,-0.03264615305041951,-0.19034938226307974,5,,,0.1664652552224504,2026-10-07T22:12:45+00:00,8480068.0
2026-10-07-late-2213,2026-10-07T22:13:12+00:00,2026020055,2026-10-07,player_goals,over:8480803,E. Bouchard to score (anytime),0.5,0.2783137488492423,0.2428632529188545,0.0,,3.95,0.03545049593038782,0.09933930795450718,5,,,0.3288388933437945,2026-10-07T22:12:45+00:00,8480803.0
2026-10-07-late-2213,2026-10-07T22:13:12+00:00,2026020055,2026-10-07,player_goals,over:8480834,T. Emberson to score (anytime),0.5,0.03864992229942932,0.08172512845410042,0.0,,14.0,-0.0430752061546711,-0.45890108780798955,3,,,0.03945551887930538,2026-10-07T22:12:45+00:00,8480834.0
2026-10-07-late-2213,2026-10-07T22:13:12+00:00,2026020055,2026-10-07,player_goals,over:8481605,J. LaCombe to score (anytime),0.5,0.16054148004393765,0.16735858920284766,0.0,,6.0,-0.006817109158910012,-0.03675111973637413,5,,,0.17576606137214912,2026-10-07T22:12:45+00:00,8481605.0
2026-10-07-late-2213,2026-10-07T22:13:12+00:00,2026020055,2026-10-07,player_goals,over:8481617,V. Podkolzin to score (anytime),0.5,0.2512210378141516,0.3172755045911757,0.0,,3.0,-0.06605446677702409,-0.24633688655754515,5,,,0.291414103922382,2026-10-07T22:12:45+00:00,8481617.0
2026-10-07-late-2213,2026-10-07T22:13:12+00:00,2026020055,2026-10-07,player_goals,over:8481754,N. Nesterenko to score (anytime),0.5,0.06539098888192552,0.12701903191183014,0.0,,8.5,-0.06162804302990463,-0.4441765945036331,5,,,0.06774147135847736,2026-10-07T22:12:45+00:00,8481754.0
2026-10-07-late-2213,2026-10-07T22:13:12+00:00,2026020055,2026-10-07,player_goals,over:8482408,J. Malott to score (anytime),0.5,0.06591366376994545,0.09519132883618864,0.0,,13.0,-0.029277665066243186,-0.14312237099070912,5,,,0.06830277481030753,2026-10-07T22:12:45+00:00,8482408.0
2026-10-07-late-2213,2026-10-07T22:13:12+00:00,2026020055,2026-10-07,player_goals,over:8482703,C. Dach to score (anytime),0.5,0.09676970871967683,0.13219271786249978,0.0,,7.5,-0.03542300914282295,-0.2742271846024238,3,,,0.10203713647418257,2026-10-07T22:12:45+00:00,8482703.0
2026-10-07-late-2213,2026-10-07T22:13:12+00:00,2026020055,2026-10-07,player_goals,over:8482731,T. Hinds to score (anytime),0.5,0.049366406601742074,0.08122947237845533,0.0,,17.0,-0.03186306577671326,-0.16077108777038474,3,,,0.05069070663014214,2026-10-07T22:12:45+00:00,8482731.0
2026-10-07-late-2213,2026-10-07T22:13:12+00:00,2026020055,2026-10-07,player_goals,over:8483445,C. Gauthier to score (anytime),0.5,0.3230984210522493,0.43230976723695697,0.0,,2.2,-0.10921134618470768,-0.28918347368505154,5,,,0.39406125050718427,2026-10-07T22:12:45+00:00,8483445.0
2026-10-07-late-2213,2026-10-07T22:13:12+00:00,2026020055,2026-10-07,player_goals,over:8483455,I. Howard to score (anytime),0.5,0.06181432275931242,0.16287450866890119,0.0,,6.5,-0.10106018590958876,-0.5982069020644692,5,,,0.06390929235088287,2026-10-07T22:12:45+00:00,8483455.0
2026-10-07-late-2213,2026-10-07T22:13:12+00:00,2026020055,2026-10-07,player_goals,over:8483482,T. Luneau to score (anytime),0.5,0.12530247846057052,0.10619594616006756,0.0,,10.5,0.019106532300502965,0.3156760238359906,5,,,0.13432622075100284,2026-10-07T22:12:45+00:00,8483482.0
2026-10-07-late-2213,2026-10-07T22:13:12+00:00,2026020055,2026-10-07,player_goals,over:8483490,P. Mintyukov to score (anytime),0.5,0.08244377004391867,0.0959765445746754,0.0,,11.0,-0.013532774530756728,-0.09311852951689459,5,,,0.08622675869458846,2026-10-07T22:12:45+00:00,8483490.0
2026-10-07-late-2213,2026-10-07T22:13:12+00:00,2026020055,2026-10-07,player_goals,over:8484153,L. Carlsson to score (anytime),0.5,0.2836907889155439,0.3296763575206342,0.0,,2.95,-0.04598556860509029,-0.16311217269914546,5,,,0.336441833202732,2026-10-07T22:12:45+00:00,8484153.0
2026-10-07-late-2213,2026-10-07T22:13:12+00:00,2026020055,2026-10-07,player_goals,over:8484262,T. Mitchell to score (anytime),0.5,0.07621790223779956,0.0708682802140746,0.0,,18.0,0.005349622023724965,0.3719222402803921,5,,,0.07943639714194664,2026-10-07T22:12:45+00:00,8484262.0
2026-10-07-late-2213,2026-10-07T22:13:12+00:00,2026020055,2026-10-07,player_goals,over:8484509,J. Samanski to score (anytime),0.5,0.09399713762419681,0.12044573244261152,0.0,,9.5,-0.026448594818414703,-0.10702719257013027,5,,,0.09895682035619653,2026-10-07T22:12:45+00:00,8484509.0
2026-10-07-late-2213,2026-10-07T22:13:12+00:00,2026020055,2026-10-07,player_goals,over:8484762,B. Sennecke to score (anytime),0.5,0.20694321951472316,0.30781909048573597,0.0,,3.15,-0.1008758709710128,-0.3481288585286221,5,,,0.23320964827379267,2026-10-07T22:12:45+00:00,8484762.0
2026-10-07-late-2213,2026-10-07T22:13:12+00:00,2026020055,2026-10-07,player_goals,over:8485512,T. Washe to score (anytime),0.5,0.06817794663970289,0.08793661899764153,0.0,,12.0,-0.019758672357938642,-0.1818646403235653,5,,,0.07073821558358098,2026-10-07T22:12:45+00:00,8485512.0
2026-10-07-late-2213,2026-10-07T22:13:12+00:00,2026020055,2026-10-07,player_points,over:8473986,A. Killorn Over 0.5,0.5,0.4238303297023406,0.3927873952688587,0.0,,2.36,0.031042934433481884,0.00023957809752372938,3,,,0.5544042021309152,2026-10-07T22:12:45+00:00,8473986.0
2026-10-07-late-2213,2026-10-07T22:13:12+00:00,2026020055,2026-10-07,player_points,over:8475218,M. Ekholm Over 0.5,0.5,0.29193096135146035,0.31938631619539143,0.0,,3.0,-0.02745535484393108,-0.12420711594561895,3,,,0.34640815006588643,2026-10-07T22:12:45+00:00,8475218.0
2026-10-07-late-2213,2026-10-07T22:13:12+00:00,2026020055,2026-10-07,player_points,over:8475798,M. Granlund Over 0.5,0.5,0.5617760888553288,0.5252015390853909,0.0,,1.83,0.0365745497699379,0.028050242605251796,3,,,0.8318695465701472,2026-10-07T22:12:45+00:00,8475798.0
2026-10-07-late-2213,2026-10-07T22:13:12+00:00,2026020055,2026-10-07,player_points,over:8476473,C. Murphy Over 0.5,0.5,0.24215451602062743,0.20921155347385378,0.0,,4.2,0.032942962546773646,0.017048967286635297,1,,,0.27804600272661556,2026-10-07T22:12:45+00:00,8476473.0
2026-10-07-late-2213,2026-10-07T22:13:12+00:00,2026020055,2026-10-07,player_points,over:8477934,L. Draisaitl Over 1.5,1.5,0.2905727267723275,0.445557321827638,0.0,,2.13,-0.15498459505531054,-0.38108009197494247,3,,,1.072435512089246,2026-10-07T22:12:45+00:00,8477934.0
2026-10-07-late-2213,2026-10-07T22:13:12+00:00,2026020055,2026-10-07,player_points,over:8477953,K. Kapanen Over 0.5,0.5,0.3113095829011089,0.4720037908554242,0.0,,2.02,-0.16069420795431533,-0.37115464253976005,3,,,0.37435791333153623,2026-10-07T22:12:45+00:00,8477953.0
2026-10-07-late-2213,2026-10-07T22:13:12+00:00,2026020055,2026-10-07,player_points,over:8478402,C. McDavid Over 1.5,1.5,0.43543494762302914,0.500466293801466,0.0,,1.95,-0.06503134617843687,-0.15090185213509316,3,,,1.487069325670606,2026-10-07T22:12:45+00:00,8478402.0
2026-10-07-late-2213,2026-10-07T22:13:12+00:00,2026020055,2026-10-07,player_points,over:8478421,A. Greer Over 0.5,0.5,0.38619832706046253,0.36019507098796955,0.0,,2.58,0.026003256072492986,-0.003608316184006588,2,,,0.4904734359643146,2026-10-07T22:12:45+00:00,8478421.0
2026-10-07-late-2213,2026-10-07T22:13:12+00:00,2026020055,2026-10-07,player_points,over:8478854,R. Shea Over 0.5,0.5,0.411070652483706,0.35406612483028177,0.0,,2.6,0.05700452765342423,0.0687836964576356,2,,,0.5322621392969467,2026-10-07T22:12:45+00:00,8478854.0
2026-10-07-late-2213,2026-10-07T22:13:12+00:00,2026020055,2026-10-07,player_points,over:8479365,T. Frederic Over 0.5,0.5,0.19532602941587096,0.29387328879865693,0.0,,3.1,-0.09854725938278597,-0.3944893088108,2,,,0.21779104556951417,2026-10-07T22:12:45+00:00,8479365.0
2026-10-07-late-2213,2026-10-07T22:13:12+00:00,2026020055,2026-10-07,player_points,over:8480068,R. Poehling Over 0.5,0.5,0.3483257431053288,0.3449592187484522,0.0,,2.67,0.003366524356876621,-0.06997026590877209,2,,,0.4300493355574884,2026-10-07T22:12:45+00:00,8480068.0
2026-10-07-late-2213,2026-10-07T22:13:12+00:00,2026020055,2026-10-07,player_points,over:8480803,E. Bouchard Over 1.5,1.5,0.2853082901923567,0.33815425921445547,0.0,,2.71,-0.05284596902209876,-0.22681453357871334,2,,,1.0579349438831618,2026-10-07T22:12:45+00:00,8480803.0
2026-10-07-late-2213,2026-10-07T22:13:12+00:00,2026020055,2026-10-07,player_points,over:8481605,J. LaCombe Over 0.5,0.5,0.5227103298863656,0.5518129821041661,0.0,,1.77,-0.029102652217800506,-0.07480271610113293,3,,,0.7451293226884467,2026-10-07T22:12:45+00:00,8481605.0
2026-10-07-late-2213,2026-10-07T22:13:12+00:00,2026020055,2026-10-07,player_points,over:8481617,V. Podkolzin Over 0.5,0.5,0.4498609720658423,0.5964678042385861,0.0,,1.62,-0.14660683217274384,-0.2712252252533354,3,,,0.6011695934263609,2026-10-07T22:12:45+00:00,8481617.0
2026-10-07-late-2213,2026-10-07T22:13:12+00:00,2026020055,2026-10-07,player_points,over:8481754,N. Nesterenko Over 0.5,0.5,0.18850591433367647,0.22987012987012992,0.0,,3.85,-0.04136421553645345,-0.2742522298153456,1,,,0.2093150893390172,2026-10-07T22:12:45+00:00,8481754.0
2026-10-07-late-2213,2026-10-07T22:13:12+00:00,2026020055,2026-10-07,player_points,over:8483445,C. Gauthier Over 0.5,0.5,0.5232776511552293,0.6385757017749117,0.0,,1.53,-0.11529805061968246,-0.1993851937324992,3,,,0.7463363991770507,2026-10-07T22:12:45+00:00,8483445.0
2026-10-07-late-2213,2026-10-07T22:13:12+00:00,2026020055,2026-10-07,player_points,over:8483455,I. Howard Over 0.5,0.5,0.18984158075963564,0.2628772407534258,0.0,,3.39,-0.07303565999379014,-0.35643704122483516,1,,,0.21096930357123653,2026-10-07T22:12:45+00:00,8483455.0
2026-10-07-late-2213,2026-10-07T22:13:12+00:00,2026020055,2026-10-07,player_points,over:8483482,T. Luneau Over 0.5,0.5,0.2811479022140263,0.3423798644484899,0.0,,2.71,-0.06123196223446359,-0.2380891849999887,2,,,0.33119170757433486,2026-10-07T22:12:45+00:00,8483482.0
2026-10-07-late-2213,2026-10-07T22:13:12+00:00,2026020055,2026-10-07,player_points,over:8483490,P. Mintyukov Over 0.5,0.5,0.2600281670406013,0.3089934714466247,0.0,,2.99,-0.048965304406023424,-0.2225157805486021,2,,,0.3020518524873125,2026-10-07T22:12:45+00:00,8483490.0
2026-10-07-late-2213,2026-10-07T22:13:12+00:00,2026020055,2026-10-07,player_points,over:8484153,L. Carlsson Over 0.5,0.5,0.5712968539176915,0.6089635502417009,0.0,,1.57,-0.03766669632400943,-0.10306393934922436,3,,,0.8542051774247628,2026-10-07T22:12:45+00:00,8484153.0
2026-10-07-late-2213,2026-10-07T22:13:12+00:00,2026020055,2026-10-07,player_points,over:8484262,T. Mitchell Over 0.5,0.5,0.14565307710263997,0.1604554865424443,0.0,,5.25,-0.01480240943980432,-0.23532134521114012,1,,,0.1576659991083442,2026-10-07T22:12:45+00:00,8484262.0
2026-10-07-late-2213,2026-10-07T22:13:12+00:00,2026020055,2026-10-07,player_points,over:8484762,B. Sennecke Over 0.5,0.5,0.4482151038205998,0.588336783988971,0.0,,1.61,-0.14012168016837123,-0.27837368284883424,3,,,0.5981465015237567,2026-10-07T22:12:45+00:00,8484762.0
2026-10-07-late-2213,2026-10-07T22:13:12+00:00,2026020055,2026-10-07,player_points,under:8473986,A. Killorn Under 0.5,0.5,0.5761696702976594,0.6072126047311412,0.0,,1.57,-0.031042934433481884,-0.0954136176326747,3,,,0.5544042021309152,2026-10-07T22:12:45+00:00,8473986.0
2026-10-07-late-2213,2026-10-07T22:13:12+00:00,2026020055,2026-10-07,player_points,under:8475218,M. Ekholm Under 0.5,0.5,0.7080690386485397,0.6806136838046086,0.0,,1.44,0.02745535484393108,0.019619415653897077,3,,,0.34640815006588643,2026-10-07T22:12:45+00:00,8475218.0
2026-10-07-late-2213,2026-10-07T22:13:12+00:00,2026020055,2026-10-07,player_points,under:8475798,M. Granlund Under 0.5,0.5,0.4382239111446712,0.4747984609146091,0.0,,2.0,-0.0365745497699379,-0.12355217771065763,3,,,0.8318695465701472,2026-10-07T22:12:45+00:00,8475798.0
2026-10-07-late-2213,2026-10-07T22:13:12+00:00,2026020055,2026-10-07,player_points,under:8476473,C. Murphy Under 0.5,0.5,0.7578454839793726,0.7907884465261462,0.0,,1.22,-0.032942962546773646,-0.07542850954516547,1,,,0.27804600272661556,2026-10-07T22:12:45+00:00,8476473.0
2026-10-07-late-2213,2026-10-07T22:13:12+00:00,2026020055,2026-10-07,player_points,under:8477934,L. Draisaitl Under 1.5,1.5,0.7094272732276725,0.5544426781723619,0.0,,1.71,0.15498459505531054,0.21312063721931995,3,,,1.072435512089246,2026-10-07T22:12:45+00:00,8477934.0
2026-10-07-late-2213,2026-10-07T22:13:12+00:00,2026020055,2026-10-07,player_points,under:8477953,K. Kapanen Under 0.5,0.5,0.6886904170988911,0.5279962091445758,0.0,,1.83,0.16069420795431533,0.26030346329097076,3,,,0.37435791333153623,2026-10-07T22:12:45+00:00,8477953.0
2026-10-07-late-2213,2026-10-07T22:13:12+00:00,2026020055,2026-10-07,player_points,under:8478402,C. McDavid Under 1.5,1.5,0.5645650523769709,0.499533706198534,0.0,,1.92,0.06503134617843687,0.08396490056378403,3,,,1.487069325670606,2026-10-07T22:12:45+00:00,8478402.0
2026-10-07-late-2213,2026-10-07T22:13:12+00:00,2026020055,2026-10-07,player_points,under:8478421,A. Greer Under 0.5,0.5,0.6138016729395375,0.6398049290120305,0.0,,1.49,-0.026003256072492986,-0.0854355073200892,2,,,0.4904734359643146,2026-10-07T22:12:45+00:00,8478421.0
2026-10-07-late-2213,2026-10-07T22:13:12+00:00,2026020055,2026-10-07,player_points,under:8478854,R. Shea Under 0.5,0.5,0.588929347516294,0.6459338751697182,0.0,,1.48,-0.05700452765342423,-0.1283845656758849,2,,,0.5322621392969467,2026-10-07T22:12:45+00:00,8478854.0
2026-10-07-late-2213,2026-10-07T22:13:12+00:00,2026020055,2026-10-07,player_points,under:8479365,T. Frederic Under 0.5,0.5,0.804673970584129,0.7061267112013431,0.0,,1.36,0.09854725938278597,0.09435659999441559,2,,,0.21779104556951417,2026-10-07T22:12:45+00:00,8479365.0
2026-10-07-late-2213,2026-10-07T22:13:12+00:00,2026020055,2026-10-07,player_points,under:8480068,R. Poehling Under 0.5,0.5,0.6516742568946712,0.6550407812515477,0.0,,1.45,-0.003366524356876621,-0.05507232750272684,2,,,0.4300493355574884,2026-10-07T22:12:45+00:00,8480068.0
2026-10-07-late-2213,2026-10-07T22:13:12+00:00,2026020055,2026-10-07,player_points,under:8480803,E. Bouchard Under 1.5,1.5,0.7146917098076433,0.6618457407855445,0.0,,1.44,0.05284596902209876,0.02915606212300631,2,,,1.0579349438831618,2026-10-07T22:12:45+00:00,8480803.0
2026-10-07-late-2213,2026-10-07T22:13:12+00:00,2026020055,2026-10-07,player_points,under:8481605,J. LaCombe Under 0.5,0.5,0.47728967011363443,0.44818701789583393,0.0,,2.15,0.029102652217800506,0.026172790744314,3,,,0.7451293226884467,2026-10-07T22:12:45+00:00,8481605.0
2026-10-07-late-2213,2026-10-07T22:13:12+00:00,2026020055,2026-10-07,player_points,under:8481617,V. Podkolzin Under 0.5,0.5,0.5501390279341577,0.40353219576141386,0.0,,2.35,0.14660683217274384,0.29282671564527063,3,,,0.6011695934263609,2026-10-07T22:12:45+00:00,8481617.0
2026-10-07-late-2213,2026-10-07T22:13:12+00:00,2026020055,2026-10-07,player_points,under:8481754,N. Nesterenko Under 0.5,0.5,0.8114940856663235,0.7701298701298701,0.0,,1.25,0.04136421553645345,0.01436760708290441,1,,,0.2093150893390172,2026-10-07T22:12:45+00:00,8481754.0
2026-10-07-late-2213,2026-10-07T22:13:12+00:00,2026020055,2026-10-07,player_points,under:8483445,C. Gauthier Under 0.5,0.5,0.4767223488447707,0.36142429822508826,0.0,,2.65,0.11529805061968246,0.2633142244386424,3,,,0.7463363991770507,2026-10-07T22:12:45+00:00,8483445.0
2026-10-07-late-2213,2026-10-07T22:13:12+00:00,2026020055,2026-10-07,player_points,under:8483455,I. Howard Under 0.5,0.5,0.8101584192403644,0.7371227592465742,0.0,,1.3,0.07303565999379014,0.05320594501247369,1,,,0.21096930357123653,2026-10-07T22:12:45+00:00,8483455.0
2026-10-07-late-2213,2026-10-07T22:13:12+00:00,2026020055,2026-10-07,player_points,under:8483482,T. Luneau Under 0.5,0.5,0.7188520977859737,0.6576201355515101,0.0,,1.45,0.06123196223446359,0.04233554178966181,2,,,0.33119170757433486,2026-10-07T22:12:45+00:00,8483482.0
2026-10-07-late-2213,2026-10-07T22:13:12+00:00,2026020055,2026-10-07,player_points,under:8483490,P. Mintyukov Under 0.5,0.5,0.7399718329593987,0.6910065285533753,0.0,,1.39,0.048965304406023424,0.02856084781356416,2,,,0.3020518524873125,2026-10-07T22:12:45+00:00,8483490.0
2026-10-07-late-2213,2026-10-07T22:13:12+00:00,2026020055,2026-10-07,player_points,under:8484153,L. Carlsson Under 0.5,0.5,0.42870314608230853,0.3910364497582991,0.0,,2.42,0.03766669632400943,0.03746161351918664,3,,,0.8542051774247628,2026-10-07T22:12:45+00:00,8484153.0
2026-10-07-late-2213,2026-10-07T22:13:12+00:00,2026020055,2026-10-07,player_points,under:8484262,T. Mitchell Under 0.5,0.5,0.85434692289736,0.8395445134575557,0.0,,1.15,0.01480240943980432,-0.01750103866803604,1,,,0.1576659991083442,2026-10-07T22:12:45+00:00,8484262.0
2026-10-07-late-2213,2026-10-07T22:13:12+00:00,2026020055,2026-10-07,player_points,under:8484762,B. Sennecke Under 0.5,0.5,0.5517848961794002,0.41166321601102895,0.0,,2.25,0.14012168016837123,0.2415160164036504,3,,,0.5981465015237567,2026-10-07T22:12:45+00:00,8484762.0
2026-10-07-late-2213,2026-10-07T22:13:12+00:00,2026020055,2026-10-07,player_sog,over:8473986,A. Killorn Over 1.5,1.5,0.4752075368766697,0.5143003033453979,0.0,,1.91,-0.03909276646872817,-0.09235360456556085,4,,,1.6395860589011362,2026-10-07T22:12:45+00:00,8473986.0
2026-10-07-late-2213,2026-10-07T22:13:12+00:00,2026020055,2026-10-07,player_sog,over:8475798,M. Granlund Over 1.5,1.5,0.5610359141919885,0.5429197832124555,0.0,,1.83,0.01811613097953302,0.026695722971338987,4,,,1.949378550559123,2026-10-07T22:12:45+00:00,8475798.0
2026-10-07-late-2213,2026-10-07T22:13:12+00:00,2026020055,2026-10-07,player_sog,over:8477934,L. Draisaitl Over 3.5,3.5,0.3161358932872589,0.41708249256370783,0.0,,2.26,-0.10094659927644895,-0.285532881170795,4,,,2.8227549201637054,2026-10-07T22:12:45+00:00,8477934.0
2026-10-07-late-2213,2026-10-07T22:13:12+00:00,2026020055,2026-10-07,player_sog,over:8477953,K. Kapanen Over 1.5,1.5,0.3889689851563465,0.5536231569581912,0.0,,1.76,-0.16465417180184472,-0.3154145861248302,4,,,1.3638786172147772,2026-10-07T22:12:45+00:00,8477953.0
2026-10-07-late-2213,2026-10-07T22:13:12+00:00,2026020055,2026-10-07,player_sog,over:8478402,C. McDavid Over 3.5,3.5,0.40953190978175336,0.42820039550278743,0.0,,2.25,-0.018668485721034078,-0.07855320299105495,5,,,3.290508457569099,2026-10-07T22:12:45+00:00,8478402.0
2026-10-07-late-2213,2026-10-07T22:13:12+00:00,2026020055,2026-10-07,player_sog,over:8480803,E. Bouchard Over 2.5,2.5,0.4183664222883682,0.5293967732712545,0.0,,1.87,-0.11103035098288627,-0.21765479032075147,5,,,2.389363728846026,2026-10-07T22:12:45+00:00,8480803.0
2026-10-07-late-2213,2026-10-07T22:13:12+00:00,2026020055,2026-10-07,player_sog,over:8481605,J. LaCombe Over 1.5,1.5,0.5047685503354157,0.5574833284635947,0.0,,1.71,-0.05271477812817904,-0.13684577892643923,4,,,1.7414625124553307,2026-10-07T22:12:45+00:00,8481605.0
2026-10-07-late-2213,2026-10-07T22:13:12+00:00,2026020055,2026-10-07,player_sog,over:8481617,V. Podkolzin Over 2.5,2.5,0.36775563758655827,0.46997643535520517,0.0,,2.1,-0.1022207977686469,-0.2277131610682276,4,,,2.1804530907318824,2026-10-07T22:12:45+00:00,8481617.0
2026-10-07-late-2213,2026-10-07T22:13:12+00:00,2026020055,2026-10-07,player_sog,over:8483445,C. Gauthier Over 3.5,3.5,0.344596459419806,0.48744926428124263,0.0,,1.96,-0.14285280486143664,-0.32459093953718027,5,,,2.963674514853744,2026-10-07T22:12:45+00:00,8483445.0
2026-10-07-late-2213,2026-10-07T22:13:12+00:00,2026020055,2026-10-07,player_sog,over:8483490,P. Mintyukov Over 1.5,1.5,0.29266778648528846,0.39004661504401916,0.0,,2.39,-0.0973788285587307,-0.3005239903001605,3,,,1.081177521523039,2026-10-07T22:12:45+00:00,8483490.0
2026-10-07-late-2213,2026-10-07T22:13:12+00:00,2026020055,2026-10-07,player_sog,over:8484153,L. Carlsson Over 2.5,2.5,0.49858754398256366,0.4483380915787557,0.0,,2.2,0.05024945240380796,0.09689259676164019,5,,,2.7409954318037144,2026-10-07T22:12:45+00:00,8484153.0
2026-10-07-late-2213,2026-10-07T22:13:12+00:00,2026020055,2026-10-07,player_sog,over:8484762,B. Sennecke Over 2.5,2.5,0.3812870018905914,0.4220516549426617,0.0,,2.4,-0.04076465305207033,-0.08491119546258075,5,,,2.2355956116599334,2026-10-07T22:12:45+00:00,8484762.0
2026-10-07-late-2213,2026-10-07T22:13:12+00:00,2026020055,2026-10-07,player_sog,under:8473986,A. Killorn Under 1.5,1.5,0.5247924631233303,0.4856996966546021,0.0,,1.95,0.03909276646872817,0.02334530309049404,4,,,1.6395860589011362,2026-10-07T22:12:45+00:00,8473986.0
2026-10-07-late-2213,2026-10-07T22:13:12+00:00,2026020055,2026-10-07,player_sog,under:8475798,M. Granlund Under 1.5,1.5,0.4389640858080115,0.4570802167875445,0.0,,2.07,-0.01811613097953302,-0.09134434237741629,4,,,1.949378550559123,2026-10-07T22:12:45+00:00,8475798.0
2026-10-07-late-2213,2026-10-07T22:13:12+00:00,2026020055,2026-10-07,player_sog,under:8477934,L. Draisaitl Under 3.5,3.5,0.6838641067127411,0.5829175074362922,0.0,,1.68,0.10094659927644895,0.14889169927740503,4,,,2.8227549201637054,2026-10-07T22:12:45+00:00,8477934.0
2026-10-07-late-2213,2026-10-07T22:13:12+00:00,2026020055,2026-10-07,player_sog,under:8477953,K. Kapanen Under 1.5,1.5,0.6110310148436535,0.4463768430418088,0.0,,2.15,0.16465417180184472,0.31371668191385504,4,,,1.3638786172147772,2026-10-07T22:12:45+00:00,8477953.0
2026-10-07-late-2213,2026-10-07T22:13:12+00:00,2026020055,2026-10-07,player_sog,under:8478402,C. McDavid Under 3.5,3.5,0.5904680902182466,0.5717996044972126,0.0,,1.69,0.018668485721034078,-0.002108927531163207,5,,,3.290508457569099,2026-10-07T22:12:45+00:00,8478402.0
2026-10-07-late-2213,2026-10-07T22:13:12+00:00,2026020055,2026-10-07,player_sog,under:8480803,E. Bouchard Under 2.5,2.5,0.5816335777116318,0.47060322672874555,0.0,,2.14,0.11103035098288627,0.24469585630289215,5,,,2.389363728846026,2026-10-07T22:12:45+00:00,8480803.0
2026-10-07-late-2213,2026-10-07T22:13:12+00:00,2026020055,2026-10-07,player_sog,under:8481605,J. LaCombe Under 1.5,1.5,0.4952314496645843,0.4425166715364053,0.0,,2.15,0.05271477812817904,0.06474761677885621,4,,,1.7414625124553307,2026-10-07T22:12:45+00:00,8481605.0
2026-10-07-late-2213,2026-10-07T22:13:12+00:00,2026020055,2026-10-07,player_sog,under:8481617,V. Podkolzin Under 2.5,2.5,0.6322443624134417,0.5300235646447948,0.0,,1.82,0.1022207977686469,0.15068473959246398,4,,,2.1804530907318824,2026-10-07T22:12:45+00:00,8481617.0
2026-10-07-late-2213,2026-10-07T22:13:12+00:00,2026020055,2026-10-07,player_sog,under:8483445,C. Gauthier Under 3.5,3.5,0.655403540580194,0.5125507357187573,0.0,,1.87,0.14285280486143664,0.22560462088496291,5,,,2.963674514853744,2026-10-07T22:12:45+00:00,8483445.0
2026-10-07-late-2213,2026-10-07T22:13:12+00:00,2026020055,2026-10-07,player_sog,under:8483490,P. Mintyukov Under 1.5,1.5,0.7073322135147115,0.6099533849559808,0.0,,1.55,0.0973788285587307,0.09636493094780291,3,,,1.081177521523039,2026-10-07T22:12:45+00:00,8483490.0
2026-10-07-late-2213,2026-10-07T22:13:12+00:00,2026020055,2026-10-07,player_sog,under:8484153,L. Carlsson Under 2.5,2.5,0.5014124560174363,0.5516619084212443,0.0,,1.74,-0.05024945240380796,-0.1275423265296608,5,,,2.7409954318037144,2026-10-07T22:12:45+00:00,8484153.0
2026-10-07-late-2213,2026-10-07T22:13:12+00:00,2026020055,2026-10-07,player_sog,under:8484762,B. Sennecke Under 2.5,2.5,0.6187129981094086,0.5779483450573383,0.0,,1.69,0.04076465305207033,0.045624966804900524,5,,,2.2355956116599334,2026-10-07T22:12:45+00:00,8484762.0
2026-10-07-late-2213,2026-10-07T22:13:12+00:00,2026020055,2026-10-07,spreads,away,EDM -1.5,-1.5,0.26112839818417055,0.341198871903299,0.0,,2.8,-0.08007047371912845,-0.2688404850843225,9,3.1560969480799725,2.934497483027167,6.203902645553092,2026-10-07T22:12:45+00:00,
2026-10-07-late-2213,2026-10-07T22:13:12+00:00,2026020055,2026-10-07,spreads,home,ANA +1.5,1.5,0.7388716018158294,0.658801128096701,0.0,,1.49,0.08007047371912845,0.10091868670558585,9,3.1560969480799725,2.934497483027167,6.203902645553092,2026-10-07T22:12:45+00:00,
2026-10-07-late-2213,2026-10-07T22:13:12+00:00,2026020055,2026-10-07,totals,over,Over 6.5,6.5,0.4560029962414317,0.559189160224669,0.0,,1.77,-0.10318616398323732,-0.19287469665266588,8,3.1560969480799725,2.934497483027167,6.203902645553092,2026-10-07T22:12:45+00:00,
2026-10-07-late-2213,2026-10-07T22:13:12+00:00,2026020055,2026-10-07,totals,under,Under 6.5,6.5,0.5439970037585683,0.440810839775331,0.0,,2.21,0.10318616398323732,0.20223337830643595,8,3.1560969480799725,2.934497483027167,6.203902645553092,2026-10-07T22:12:45+00:00,
