run_id,run_at,game_id,game_date,market,side,label,point,p_model,p_market,p_push,book,decimal,edge,ev,n_books,lam_home,lam_away,exp_total,odds_captured_at,player_id
2026-10-08-late-2004,2026-10-08T20:04:04+00:00,2026020056,2026-10-08,player_assists,over:8475314,A. Lee Over 0.5,0.5,0.21926260126501307,0.2444487870219474,0.0,,3.9,-0.02518618575693432,-0.14487585506644907,2,,,0.24813007887570823,2026-10-08T20:03:31+00:00,8475314.0
2026-10-08-late-2004,2026-10-08T20:04:04+00:00,2026020056,2026-10-08,player_assists,over:8476389,V. Trocheck Over 0.5,0.5,0.3126167081718315,0.334454338764681,0.0,,2.8,-0.02183763059284949,-0.1246732171188718,2,,,0.37627196391026385,2026-10-08T20:03:31+00:00,8476389.0
2026-10-08-late-2004,2026-10-08T20:04:04+00:00,2026020056,2026-10-08,player_assists,over:8476854,H. Lindholm Over 0.5,0.5,0.23945553309171286,0.3591142027102424,0.0,,2.6,-0.11965866961852956,-0.37741561396154655,2,,,0.27447129764892786,2026-10-08T20:03:31+00:00,8476854.0
2026-10-08-late-2004,2026-10-08T20:04:04+00:00,2026020056,2026-10-08,player_assists,over:8477220,N. Schmidt Over 0.5,0.5,0.20249849633677242,0.13690476190480563,0.0,,6.0,0.06559373443196678,0.2149909780206345,1,,,0.22678432023423648,2026-10-08T20:03:31+00:00,8477220.0
2026-10-08-late-2004,2026-10-08T20:04:04+00:00,2026020056,2026-10-08,player_assists,over:8477346,M. Weegar Over 0.5,0.5,0.24725081026270257,0.24817240211765804,0.0,,4.0,-0.0009215918549554669,-0.010996758949189722,2,,,0.2848314093703426,2026-10-08T20:03:31+00:00,8477346.0
2026-10-08-late-2004,2026-10-08T20:04:04+00:00,2026020056,2026-10-08,player_assists,over:8477365,C. Clifton Over 0.5,0.5,0.18109774367067222,0.1168831168830436,0.0,,7.0,0.06421462678762861,0.2676842056947055,1,,,0.20019024221176474,2026-10-08T20:03:31+00:00,8477365.0
2026-10-08-late-2004,2026-10-08T20:04:04+00:00,2026020056,2026-10-08,player_assists,over:8477496,E. Lindholm Over 0.5,0.5,0.25372158709275106,0.2598859189060537,0.0,,3.65,-0.00616433181330267,-0.07391620711145863,2,,,0.2935146927359826,2026-10-08T20:03:31+00:00,8477496.0
2026-10-08-late-2004,2026-10-08T20:04:04+00:00,2026020056,2026-10-08,player_assists,over:8477507,N. Zadorov Over 0.5,0.5,0.2461109916970129,0.17264957264962133,0.0,,5.0,0.07346141904739156,0.23055495848506447,1,,,0.2833097506679341,2026-10-08T20:03:31+00:00,8477507.0
2026-10-08-late-2004,2026-10-08T20:04:04+00:00,2026020056,2026-10-08,player_assists,over:8477951,N. Schmaltz Over 0.5,0.5,0.3568793725206144,0.4231207787830534,0.0,,2.2,-0.06624140626243896,-0.2148653804546482,2,,,0.44337726056616616,2026-10-08T20:03:31+00:00,8477951.0
2026-10-08-late-2004,2026-10-08T20:04:04+00:00,2026020056,2026-10-08,player_assists,over:8477956,D. Pastrnak Over 0.5,0.5,0.4456057290839188,0.4913558482123672,0.0,,1.91,-0.0457501191284484,-0.1488930574497151,2,,,0.5933724632744257,2026-10-08T20:03:31+00:00,8477956.0
2026-10-08-late-2004,2026-10-08T20:04:04+00:00,2026020056,2026-10-08,player_assists,over:8478401,P. Zacha Over 0.5,0.5,0.2837137332123699,0.348978276029987,0.0,,2.75,-0.06526454281761707,-0.21978723366598274,2,,,0.3347912514375279,2026-10-08T20:03:31+00:00,8478401.0
2026-10-08-late-2004,2026-10-08T20:04:04+00:00,2026020056,2026-10-08,player_assists,over:8478474,L. Crouse Over 0.5,0.5,0.24786959305420087,0.2135137173200397,0.0,,4.1,0.034355875734161156,0.016265331522223425,2,,,0.28565846945026113,2026-10-08T20:03:31+00:00,8478474.0
2026-10-08-late-2004,2026-10-08T20:04:04+00:00,2026020056,2026-10-08,player_assists,over:8478507,J. Marino Over 0.5,0.5,0.2608301390816805,0.2721667645332551,0.0,,3.25,-0.0113366254515746,-0.15230204798453828,1,,,0.30314279004288697,2026-10-08T20:03:31+00:00,8478507.0
2026-10-08-late-2004,2026-10-08T20:04:04+00:00,2026020056,2026-10-08,player_assists,over:8478840,W. Borgen Over 0.5,0.5,0.1848535556721893,0.12647262647248414,0.0,,6.5,0.05838092919970517,0.20154811186923038,1,,,0.20480580786577138,2026-10-08T20:03:31+00:00,8478840.0
2026-10-08-late-2004,2026-10-08T20:04:04+00:00,2026020056,2026-10-08,player_assists,over:8479343,C. Keller Over 0.5,0.5,0.4883567212088826,0.5058443645714624,0.0,,1.83,-0.017487643362579797,-0.10630720018774475,1,,,0.6746384578476546,2026-10-08T20:03:31+00:00,8479343.0
2026-10-08-late-2004,2026-10-08T20:04:04+00:00,2026020056,2026-10-08,player_assists,over:8479410,M. Sergachev Over 0.5,0.5,0.4285469886661105,0.45066885932568657,0.0,,2.1,-0.02212187065957605,-0.10005132380116788,2,,,0.5627159523803995,2026-10-08T20:03:31+00:00,8479410.0
2026-10-08-late-2004,2026-10-08T20:04:04+00:00,2026020056,2026-10-08,player_assists,over:8479987,M. Geekie Over 0.5,0.5,0.2782525712448072,0.3256306009051118,0.0,,2.85,-0.04737802966030463,-0.20698017195229956,2,,,0.3271456199801659,2026-10-08T20:03:31+00:00,8479987.0
2026-10-08-late-2004,2026-10-08T20:04:04+00:00,2026020056,2026-10-08,player_assists,over:8479999,C. Mittelstadt Over 0.5,0.5,0.23376226214619822,0.2978433432450528,0.0,,3.1,-0.06408108109885458,-0.2753369873467855,2,,,0.2669730135583434,2026-10-08T20:03:31+00:00,8479999.0
2026-10-08-late-2004,2026-10-08T20:04:04+00:00,2026020056,2026-10-08,player_assists,over:8480849,B. Hayton Over 0.5,0.5,0.18362970904481657,0.2121151539384131,0.0,,4.1,-0.02848544489359653,-0.24711819291625214,1,,,0.20329942866246983,2026-10-08T20:03:31+00:00,8480849.0
2026-10-08-late-2004,2026-10-08T20:04:04+00:00,2026020056,2026-10-08,player_assists,over:8480855,J. McBain Over 0.5,0.5,0.1346198322606883,0.1523125996809229,0.0,,5.5,-0.017692767420234595,-0.2595909225662144,1,,,0.14479562215767153,2026-10-08T20:03:31+00:00,8480855.0
2026-10-08-late-2004,2026-10-08T20:04:04+00:00,2026020056,2026-10-08,player_assists,over:8482175,J. Peterka Over 0.5,0.5,0.21827132639457236,0.32305194805198717,0.0,,2.8,-0.10478062165741481,-0.38884028609519744,2,,,0.24685493865504649,2026-10-08T20:03:31+00:00,8482175.0
2026-10-08-late-2004,2026-10-08T20:04:04+00:00,2026020056,2026-10-08,player_assists,over:8482177,M. Khusnutdinov Over 0.5,0.5,0.1941942358959382,0.20305592927151403,0.0,,4.3,-0.008861693375575824,-0.16496478564746575,1,,,0.21637940704273373,2026-10-08T20:03:31+00:00,8482177.0
2026-10-08-late-2004,2026-10-08T20:04:04+00:00,2026020056,2026-10-08,player_assists,over:8482511,M. Lohrei Over 0.5,0.5,0.21084137597559327,0.259461924304669,0.0,,3.4,-0.04862054832907575,-0.28313932168298295,1,,,0.23734950534766194,2026-10-08T20:03:31+00:00,8482511.0
2026-10-08-late-2004,2026-10-08T20:04:04+00:00,2026020056,2026-10-08,player_assists,over:8482699,D. Guenther Over 0.5,0.5,0.3555664238341968,0.3729558048384733,0.0,,2.45,-0.017389381004276505,-0.12886226160621783,1,,,0.4413197708548259,2026-10-08T20:03:31+00:00,8482699.0
2026-10-08-late-2004,2026-10-08T20:04:04+00:00,2026020056,2026-10-08,player_assists,over:8483431,L. Cooley Over 0.5,0.5,0.36225160078215934,0.3946463805647823,0.0,,2.4,-0.03239477978262295,-0.13059615812281755,2,,,0.4518408162901813,2026-10-08T20:03:31+00:00,8483431.0
2026-10-08-late-2004,2026-10-08T20:04:04+00:00,2026020056,2026-10-08,player_assists,over:8483489,F. Minten Over 0.5,0.5,0.22697906701030046,0.24832177504805858,0.0,,3.65,-0.021342708037758118,-0.17152640541240338,2,,,0.25811309026795415,2026-10-08T20:03:31+00:00,8483489.0
2026-10-08-late-2004,2026-10-08T20:04:04+00:00,2026020056,2026-10-08,player_assists,over:8485395,J. Hagens Over 0.5,0.5,0.1924725888967429,0.2540446893337616,0.0,,3.7,-0.06157210043701872,-0.2878514210820512,2,,,0.21423594237209695,2026-10-08T20:03:31+00:00,8485395.0
2026-10-08-late-2004,2026-10-08T20:04:04+00:00,2026020056,2026-10-08,player_assists,under:8475314,A. Lee Under 0.5,0.5,0.7807373987349869,0.7555512129780526,0.0,,1.29,0.02518618575693432,0.007151244368133164,2,,,0.24813007887570823,2026-10-08T20:03:31+00:00,8475314.0
2026-10-08-late-2004,2026-10-08T20:04:04+00:00,2026020056,2026-10-08,player_assists,under:8476389,V. Trocheck Under 0.5,0.5,0.6873832918281685,0.665545661235319,0.0,,1.45,0.02183763059284949,-0.0032942268491557014,2,,,0.37627196391026385,2026-10-08T20:03:31+00:00,8476389.0
2026-10-08-late-2004,2026-10-08T20:04:04+00:00,2026020056,2026-10-08,player_assists,under:8476854,H. Lindholm Under 0.5,0.5,0.7605444669082871,0.6408857972897576,0.0,,1.5,0.11965866961852956,0.1408167003624307,2,,,0.27447129764892786,2026-10-08T20:03:31+00:00,8476854.0
2026-10-08-late-2004,2026-10-08T20:04:04+00:00,2026020056,2026-10-08,player_assists,under:8477220,N. Schmidt Under 0.5,0.5,0.7975015036632276,0.8630952380951944,0.0,,1.12,-0.06559373443196678,-0.10679831589718503,1,,,0.22678432023423648,2026-10-08T20:03:31+00:00,8477220.0
2026-10-08-late-2004,2026-10-08T20:04:04+00:00,2026020056,2026-10-08,player_assists,under:8477346,M. Weegar Under 0.5,0.5,0.7527491897372974,0.751827597882342,0.0,,1.31,0.0009215918549554669,-0.01389856144414034,2,,,0.2848314093703426,2026-10-08T20:03:31+00:00,8477346.0
2026-10-08-late-2004,2026-10-08T20:04:04+00:00,2026020056,2026-10-08,player_assists,under:8477365,C. Clifton Under 0.5,0.5,0.8189022563293278,0.8831168831169564,0.0,,1.1,-0.06421462678762861,-0.09920751803773936,1,,,0.20019024221176474,2026-10-08T20:03:31+00:00,8477365.0
2026-10-08-late-2004,2026-10-08T20:04:04+00:00,2026020056,2026-10-08,player_assists,under:8477496,E. Lindholm Under 0.5,0.5,0.746278412907249,0.7401140810939463,0.0,,1.31,0.00616433181330267,-0.02237527909150383,2,,,0.2935146927359826,2026-10-08T20:03:31+00:00,8477496.0
2026-10-08-late-2004,2026-10-08T20:04:04+00:00,2026020056,2026-10-08,player_assists,under:8477507,N. Zadorov Under 0.5,0.5,0.7538890083029871,0.8273504273503787,0.0,,1.17,-0.07346141904739156,-0.11794986028550514,1,,,0.2833097506679341,2026-10-08T20:03:31+00:00,8477507.0
2026-10-08-late-2004,2026-10-08T20:04:04+00:00,2026020056,2026-10-08,player_assists,under:8477951,N. Schmaltz Under 0.5,0.5,0.6431206274793856,0.5768792212169467,0.0,,1.65,0.06624140626243896,0.061149035340986146,2,,,0.44337726056616616,2026-10-08T20:03:31+00:00,8477951.0
2026-10-08-late-2004,2026-10-08T20:04:04+00:00,2026020056,2026-10-08,player_assists,under:8477956,D. Pastrnak Under 0.5,0.5,0.5543942709160812,0.5086441517876328,0.0,,1.83,0.0457501191284484,0.014541515776428593,2,,,0.5933724632744257,2026-10-08T20:03:31+00:00,8477956.0
2026-10-08-late-2004,2026-10-08T20:04:04+00:00,2026020056,2026-10-08,player_assists,under:8478401,P. Zacha Under 0.5,0.5,0.7162862667876301,0.651021723970013,0.0,,1.5,0.06526454281761707,0.07442940018144512,2,,,0.3347912514375279,2026-10-08T20:03:31+00:00,8478401.0
2026-10-08-late-2004,2026-10-08T20:04:04+00:00,2026020056,2026-10-08,player_assists,under:8478474,L. Crouse Under 0.5,0.5,0.7521304069457991,0.7864862826799603,0.0,,1.22,-0.034355875734161156,-0.08240090352612509,2,,,0.28565846945026113,2026-10-08T20:03:31+00:00,8478474.0
2026-10-08-late-2004,2026-10-08T20:04:04+00:00,2026020056,2026-10-08,player_assists,under:8478507,J. Marino Under 0.5,0.5,0.7391698609183195,0.7278332354667449,0.0,,1.31,0.0113366254515746,-0.03168748219700143,1,,,0.30314279004288697,2026-10-08T20:03:31+00:00,8478507.0
2026-10-08-late-2004,2026-10-08T20:04:04+00:00,2026020056,2026-10-08,player_assists,under:8478840,W. Borgen Under 0.5,0.5,0.8151464443278107,0.8735273735275159,0.0,,1.11,-0.05838092919970517,-0.09518744679613005,1,,,0.20480580786577138,2026-10-08T20:03:31+00:00,8478840.0
2026-10-08-late-2004,2026-10-08T20:04:04+00:00,2026020056,2026-10-08,player_assists,under:8479343,C. Keller Under 0.5,0.5,0.5116432787911174,0.4941556354285376,0.0,,1.87,0.017487643362579797,-0.043227068660610435,1,,,0.6746384578476546,2026-10-08T20:03:31+00:00,8479343.0
2026-10-08-late-2004,2026-10-08T20:04:04+00:00,2026020056,2026-10-08,player_assists,under:8479410,M. Sergachev Under 0.5,0.5,0.5714530113338895,0.5493311406743134,0.0,,1.74,0.02212187065957605,-0.005671760279032323,2,,,0.5627159523803995,2026-10-08T20:03:31+00:00,8479410.0
2026-10-08-late-2004,2026-10-08T20:04:04+00:00,2026020056,2026-10-08,player_assists,under:8479987,M. Geekie Under 0.5,0.5,0.7217474287551928,0.6743693990948882,0.0,,1.43,0.04737802966030463,0.03209882311992568,2,,,0.3271456199801659,2026-10-08T20:03:31+00:00,8479987.0
2026-10-08-late-2004,2026-10-08T20:04:04+00:00,2026020056,2026-10-08,player_assists,under:8479999,C. Mittelstadt Under 0.5,0.5,0.7662377378538018,0.7021566567549472,0.0,,1.36,0.06408108109885458,0.0420833234811705,2,,,0.2669730135583434,2026-10-08T20:03:31+00:00,8479999.0
2026-10-08-late-2004,2026-10-08T20:04:04+00:00,2026020056,2026-10-08,player_assists,under:8480849,B. Hayton Under 0.5,0.5,0.8163702909551834,0.7878848460615869,0.0,,1.22,0.02848544489359653,-0.004028245034676248,1,,,0.20329942866246983,2026-10-08T20:03:31+00:00,8480849.0
2026-10-08-late-2004,2026-10-08T20:04:04+00:00,2026020056,2026-10-08,player_assists,under:8480855,J. McBain Under 0.5,0.5,0.8653801677393117,0.8476874003190771,0.0,,1.14,0.017692767420234595,-0.013466608777184752,1,,,0.14479562215767153,2026-10-08T20:03:31+00:00,8480855.0
2026-10-08-late-2004,2026-10-08T20:04:04+00:00,2026020056,2026-10-08,player_assists,under:8482175,J. Peterka Under 0.5,0.5,0.7817286736054276,0.6769480519480129,0.0,,1.4,0.10478062165741481,0.0944201430475986,2,,,0.24685493865504649,2026-10-08T20:03:31+00:00,8482175.0
2026-10-08-late-2004,2026-10-08T20:04:04+00:00,2026020056,2026-10-08,player_assists,under:8482177,M. Khusnutdinov Under 0.5,0.5,0.8058057641040618,0.7969440707284859,0.0,,1.21,0.008861693375575824,-0.024975025434085252,1,,,0.21637940704273373,2026-10-08T20:03:31+00:00,8482177.0
2026-10-08-late-2004,2026-10-08T20:04:04+00:00,2026020056,2026-10-08,player_assists,under:8482511,M. Lohrei Under 0.5,0.5,0.7891586240244067,0.740538075695331,0.0,,1.29,0.04862054832907575,0.018014624991484707,1,,,0.23734950534766194,2026-10-08T20:03:31+00:00,8482511.0
2026-10-08-late-2004,2026-10-08T20:04:04+00:00,2026020056,2026-10-08,player_assists,under:8482699,D. Guenther Under 0.5,0.5,0.6444335761658032,0.6270441951615267,0.0,,1.51,0.017389381004276505,-0.026905299989637144,1,,,0.4413197708548259,2026-10-08T20:03:31+00:00,8482699.0
2026-10-08-late-2004,2026-10-08T20:04:04+00:00,2026020056,2026-10-08,player_assists,under:8483431,L. Cooley Under 0.5,0.5,0.6377483992178407,0.6053536194352177,0.0,,1.59,0.03239477978262295,0.014019954756366693,2,,,0.4518408162901813,2026-10-08T20:03:31+00:00,8483431.0
2026-10-08-late-2004,2026-10-08T20:04:04+00:00,2026020056,2026-10-08,player_assists,under:8483489,F. Minten Under 0.5,0.5,0.7730209329896995,0.7516782249519414,0.0,,1.27,0.021342708037758118,-0.018263415103081576,2,,,0.25811309026795415,2026-10-08T20:03:31+00:00,8483489.0
2026-10-08-late-2004,2026-10-08T20:04:04+00:00,2026020056,2026-10-08,player_assists,under:8485395,J. Hagens Under 0.5,0.5,0.8075274111032571,0.7459553106662384,0.0,,1.33,0.06157210043701872,0.074011456767332,2,,,0.21423594237209695,2026-10-08T20:03:31+00:00,8485395.0
2026-10-08-late-2004,2026-10-08T20:04:04+00:00,2026020056,2026-10-08,player_goals,over:8475314,A. Lee to score (anytime),0.5,0.17854099139476953,0.21817593245783118,0.0,,4.6,-0.039634941063061646,-0.17871143958406022,5,,,0.19764342762604373,2026-10-08T20:03:31+00:00,8475314.0
2026-10-08-late-2004,2026-10-08T20:04:04+00:00,2026020056,2026-10-08,player_goals,over:8476389,V. Trocheck to score (anytime),0.5,0.19417064768609793,0.23687702010017944,0.0,,4.1,-0.04270637241408151,-0.20390034448699856,5,,,0.21705262393153235,2026-10-08T20:03:31+00:00,8476389.0
2026-10-08-late-2004,2026-10-08T20:04:04+00:00,2026020056,2026-10-08,player_goals,over:8476854,H. Lindholm to score (anytime),0.5,0.1385773405560664,0.09841169703442205,0.0,,11.0,0.040165643521644354,0.5243507461167305,5,,,0.14972767919058755,2026-10-08T20:03:31+00:00,8476854.0
2026-10-08-late-2004,2026-10-08T20:04:04+00:00,2026020056,2026-10-08,player_goals,over:8477220,N. Schmidt to score (anytime),0.5,0.06318195515282976,0.07298083383844792,0.0,,17.0,-0.009798878685618156,0.07409323759810593,5,,,0.0653728125347979,2026-10-08T20:03:31+00:00,8477220.0
2026-10-08-late-2004,2026-10-08T20:04:04+00:00,2026020056,2026-10-08,player_goals,over:8477346,M. Weegar to score (anytime),0.5,0.12728281553525944,0.1000200703334293,0.0,,10.5,0.02726274520183014,0.33646956312022414,5,,,0.13660816499067335,2026-10-08T20:03:31+00:00,8477346.0
2026-10-08-late-2004,2026-10-08T20:04:04+00:00,2026020056,2026-10-08,player_goals,over:8477365,C. Clifton to score (anytime),0.5,0.05045361441005092,0.06360332294911733,0.0,,18.0,-0.013149708539066413,-0.09183494061908348,5,,,0.05183796077259407,2026-10-08T20:03:31+00:00,8477365.0
2026-10-08-late-2004,2026-10-08T20:04:04+00:00,2026020056,2026-10-08,player_goals,over:8477496,E. Lindholm to score (anytime),0.5,0.20607997294577074,0.21842607150148985,0.0,,4.4,-0.01234609855571911,-0.09324811903860863,5,,,0.2321090792288065,2026-10-08T20:03:31+00:00,8477496.0
2026-10-08-late-2004,2026-10-08T20:04:04+00:00,2026020056,2026-10-08,player_goals,over:8477507,N. Zadorov to score (anytime),0.5,0.06207355182227159,0.06271519921298573,0.0,,19.0,-0.0006416473907141368,0.17939748462316019,5,,,0.06418652441505385,2026-10-08T20:03:31+00:00,8477507.0
2026-10-08-late-2004,2026-10-08T20:04:04+00:00,2026020056,2026-10-08,player_goals,over:8477951,N. Schmaltz to score (anytime),0.5,0.370196938535465,0.30962229338683234,0.0,,3.1,0.060574645148632644,0.14761050945994147,5,,,0.46773367369197943,2026-10-08T20:03:31+00:00,8477951.0
2026-10-08-late-2004,2026-10-08T20:04:04+00:00,2026020056,2026-10-08,player_goals,over:8477956,D. Pastrnak to score (anytime),0.5,0.18979772467182243,0.36581537430578354,0.0,,2.65,-0.1760176496339611,-0.4970360296196706,5,,,0.21158268951936302,2026-10-08T20:03:31+00:00,8477956.0
2026-10-08-late-2004,2026-10-08T20:04:04+00:00,2026020056,2026-10-08,player_goals,over:8478401,P. Zacha to score (anytime),0.5,0.24779338444953702,0.2596855867883905,0.0,,3.7,-0.011892202338853464,-0.08316447753671297,5,,,0.28678087393739926,2026-10-08T20:03:31+00:00,8478401.0
2026-10-08-late-2004,2026-10-08T20:04:04+00:00,2026020056,2026-10-08,player_goals,over:8478474,L. Crouse to score (anytime),0.5,0.25129513137134474,0.16732440302123944,0.0,,5.9,0.0839707283501053,0.48264127509093413,5,,,0.2915145034553321,2026-10-08T20:03:31+00:00,8478474.0
2026-10-08-late-2004,2026-10-08T20:04:04+00:00,2026020056,2026-10-08,player_goals,over:8478507,J. Marino to score (anytime),0.5,0.04376903746778282,0.09327424280695308,0.0,,15.0,-0.04950520533917026,-0.34346443798325765,5,,,0.04480591692393251,2026-10-08T20:03:31+00:00,8478507.0
2026-10-08-late-2004,2026-10-08T20:04:04+00:00,2026020056,2026-10-08,player_goals,over:8478831,K. Stenlund to score (anytime),0.5,0.05984173480635113,0.08693279721317103,0.0,,13.0,-0.027091062406819896,-0.22205744751743528,5,,,0.06180234264342495,2026-10-08T20:03:31+00:00,8478831.0
2026-10-08-late-2004,2026-10-08T20:04:04+00:00,2026020056,2026-10-08,player_goals,over:8478840,W. Borgen to score (anytime),0.5,0.05775716044667445,0.06150803566966294,0.0,,22.0,-0.0037508752229884895,0.2706575298268379,5,,,0.05958081715393155,2026-10-08T20:03:31+00:00,8478840.0
2026-10-08-late-2004,2026-10-08T20:04:04+00:00,2026020056,2026-10-08,player_goals,over:8479343,C. Keller to score (anytime),0.5,0.25481030444214114,0.2912132000917048,0.0,,3.3,-0.03640289564956367,-0.1591259953409343,5,,,0.29628972061216946,2026-10-08T20:03:31+00:00,8479343.0
2026-10-08-late-2004,2026-10-08T20:04:04+00:00,2026020056,2026-10-08,player_goals,over:8479369,A. Peeke to score (anytime),0.5,0.11424471975324446,0.056772821795409455,0.0,,22.0,0.05747189795783501,1.513383834571378,5,,,0.12168324962392467,2026-10-08T20:03:31+00:00,8479369.0
2026-10-08-late-2004,2026-10-08T20:04:04+00:00,2026020056,2026-10-08,player_goals,over:8479410,M. Sergachev to score (anytime),0.5,0.13938758413506158,0.1432030210631564,0.0,,7.25,-0.0038154369280948286,0.010559984979196413,5,,,0.15067577676429003,2026-10-08T20:03:31+00:00,8479410.0
2026-10-08-late-2004,2026-10-08T20:04:04+00:00,2026020056,2026-10-08,player_goals,over:8479619,M. Carcone to score (anytime),0.5,0.15859051634896015,0.16250158692955988,0.0,,6.0,-0.003911070580599724,-0.04845690190623908,5,,,0.17342441881480006,2026-10-08T20:03:31+00:00,8479619.0
2026-10-08-late-2004,2026-10-08T20:04:04+00:00,2026020056,2026-10-08,player_goals,over:8479661,T. Jeannot to score (anytime),0.5,0.09366172277710605,0.10292950529054808,0.0,,12.0,-0.009267782513442027,0.12394067332527248,5,,,0.09858484699668951,2026-10-08T20:03:31+00:00,8479661.0
2026-10-08-late-2004,2026-10-08T20:04:04+00:00,2026020056,2026-10-08,player_goals,over:8479987,M. Geekie to score (anytime),0.5,0.23798638675167028,0.28693704871682846,0.0,,3.4,-0.04895066196515818,-0.1908462850443211,5,,,0.27364600909128256,2026-10-08T20:03:31+00:00,8479987.0
2026-10-08-late-2004,2026-10-08T20:04:04+00:00,2026020056,2026-10-08,player_goals,over:8479999,C. Mittelstadt to score (anytime),0.5,0.12808974664778927,0.16570656757572644,0.0,,6.5,-0.03761682092793717,-0.16741664678936974,5,,,0.13753955195704543,2026-10-08T20:03:31+00:00,8479999.0
2026-10-08-late-2004,2026-10-08T20:04:04+00:00,2026020056,2026-10-08,player_goals,over:8480355,M. Kastelic to score (anytime),0.5,0.14501209964053663,0.1026902973027217,0.0,,10.5,0.042321802337814934,0.5226270462256346,5,,,0.15728318841722197,2026-10-08T20:03:31+00:00,8480355.0
2026-10-08-late-2004,2026-10-08T20:04:04+00:00,2026020056,2026-10-08,player_goals,over:8480849,B. Hayton to score (anytime),0.5,0.12327007963730807,0.16413560704499347,0.0,,6.0,-0.0408655274076854,-0.26037952217615157,5,,,0.1319899192798718,2026-10-08T20:03:31+00:00,8480849.0
2026-10-08-late-2004,2026-10-08T20:04:04+00:00,2026020056,2026-10-08,player_goals,over:8480855,J. McBain to score (anytime),0.5,0.12220352304339888,0.11482735994608877,0.0,,8.5,0.0073761630973101094,0.03872994586889045,5,,,0.13076615561001614,2026-10-08T20:03:31+00:00,8480855.0
2026-10-08-late-2004,2026-10-08T20:04:04+00:00,2026020056,2026-10-08,player_goals,over:8482175,J. Peterka to score (anytime),0.5,0.22765161557323055,0.27774452159877966,0.0,,3.6,-0.05009290602554911,-0.18045418393637003,5,,,0.25999498591019005,2026-10-08T20:03:31+00:00,8482175.0
2026-10-08-late-2004,2026-10-08T20:04:04+00:00,2026020056,2026-10-08,player_goals,over:8482177,M. Khusnutdinov to score (anytime),0.5,0.11613329173770215,0.1400324839577176,0.0,,7.5,-0.023899192220015464,-0.12900031196723394,5,,,0.12383078676989588,2026-10-08T20:03:31+00:00,8482177.0
2026-10-08-late-2004,2026-10-08T20:04:04+00:00,2026020056,2026-10-08,player_goals,over:8482511,M. Lohrei to score (anytime),0.5,0.06810027931254892,0.11498006900479014,0.0,,9.0,-0.04687978969224123,-0.38709748618705975,5,,,0.07065457448619641,2026-10-08T20:03:31+00:00,8482511.0
2026-10-08-late-2004,2026-10-08T20:04:04+00:00,2026020056,2026-10-08,player_goals,over:8482699,D. Guenther to score (anytime),0.5,0.30495687447424447,0.3410394875018576,0.0,,2.85,-0.03608261302761312,-0.1308729077484032,5,,,0.36710995720189243,2026-10-08T20:03:31+00:00,8482699.0
2026-10-08-late-2004,2026-10-08T20:04:04+00:00,2026020056,2026-10-08,player_goals,over:8483431,L. Cooley to score (anytime),0.5,0.23428124645649406,0.279995263953975,0.0,,3.5,-0.04571401749748094,-0.18001563740227078,5,,,0.2687297198569781,2026-10-08T20:03:31+00:00,8483431.0
2026-10-08-late-2004,2026-10-08T20:04:04+00:00,2026020056,2026-10-08,player_goals,over:8483489,F. Minten to score (anytime),0.5,0.16250532214802405,0.16773611860472906,0.0,,5.9,-0.005230796456705017,-0.041218599326658056,5,,,0.17812893930777243,2026-10-08T20:03:31+00:00,8483489.0
2026-10-08-late-2004,2026-10-08T20:04:04+00:00,2026020056,2026-10-08,player_goals,over:8483505,M. Poitras to score (anytime),0.5,0.09814922706590545,0.10651238688621864,0.0,,10.0,-0.008363159820313187,-0.018507729340945467,5,,,0.10357347712208297,2026-10-08T20:03:31+00:00,8483505.0
2026-10-08-late-2004,2026-10-08T20:04:04+00:00,2026020056,2026-10-08,player_goals,over:8484386,D. Simashev to score (anytime),0.5,0.028283523279582612,0.060101922388893246,0.0,,18.0,-0.031818399109310634,-0.490896580967513,4,,,0.02871179716793962,2026-10-08T20:03:31+00:00,8484386.0
2026-10-08-late-2004,2026-10-08T20:04:04+00:00,2026020056,2026-10-08,player_goals,over:8484388,D. But to score (anytime),0.5,0.10976646379379607,0.1545270236859022,0.0,,6.75,-0.044760559892106144,-0.2590763693918765,5,,,0.11661008260272758,2026-10-08T20:03:31+00:00,8484388.0
2026-10-08-late-2004,2026-10-08T20:04:04+00:00,2026020056,2026-10-08,player_goals,over:8485395,J. Hagens to score (anytime),0.5,0.19499904267784163,0.17898011429981447,0.0,,5.6,0.016018928378027153,0.09199463899591309,5,,,0.21809234469937436,2026-10-08T20:03:31+00:00,8485395.0
2026-10-08-late-2004,2026-10-08T20:04:04+00:00,2026020056,2026-10-08,player_points,over:8475314,A. Lee Over 0.5,0.5,0.3544453783247137,0.3925384638087864,0.0,,2.45,-0.0380930854840727,-0.13160882310445143,3,,,0.4395663890321106,2026-10-08T20:03:31+00:00,8475314.0
2026-10-08-late-2004,2026-10-08T20:04:04+00:00,2026020056,2026-10-08,player_points,over:8476389,V. Trocheck Over 0.5,0.5,0.43936502858920734,0.4843804836045304,0.0,,1.97,-0.04501545501532306,-0.13445089367926155,3,,,0.5820469830684881,2026-10-08T20:03:31+00:00,8476389.0
2026-10-08-late-2004,2026-10-08T20:04:04+00:00,2026020056,2026-10-08,player_points,over:8476854,H. Lindholm Over 0.5,0.5,0.330006748912677,0.41988927049439523,0.0,,2.25,-0.08988252158171822,-0.25748481494647674,3,,,0.40209583402593296,2026-10-08T20:03:31+00:00,8476854.0
2026-10-08-late-2004,2026-10-08T20:04:04+00:00,2026020056,2026-10-08,player_points,over:8477220,N. Schmidt Over 0.5,0.5,0.24490436821405948,0.1746903889760533,0.0,,4.9,0.07021397923800618,0.20003140424889154,1,,,0.28170146219737546,2026-10-08T20:03:31+00:00,8477220.0
2026-10-08-late-2004,2026-10-08T20:04:04+00:00,2026020056,2026-10-08,player_points,over:8477346,M. Weegar Over 0.5,0.5,0.33717331859128497,0.2978597910839334,0.0,,3.2,0.039313527507351564,0.07895461949211191,3,,,0.4129375824771549,2026-10-08T20:03:31+00:00,8477346.0
2026-10-08-late-2004,2026-10-08T20:04:04+00:00,2026020056,2026-10-08,player_points,over:8477365,C. Clifton Over 0.5,0.5,0.20800709930809924,0.1444786456329743,0.0,,5.75,0.06352845367512494,0.1960408210215706,1,,,0.23374753315813565,2026-10-08T20:03:31+00:00,8477365.0
2026-10-08-late-2004,2026-10-08T20:04:04+00:00,2026020056,2026-10-08,player_points,over:8477496,E. Lindholm Over 0.5,0.5,0.39073904026260853,0.40253441500760373,0.0,,2.32,-0.011795374744995202,-0.09348542659074832,3,,,0.4979720163519699,2026-10-08T20:03:31+00:00,8477496.0
2026-10-08-late-2004,2026-10-08T20:04:04+00:00,2026020056,2026-10-08,player_points,over:8477507,N. Zadorov Over 0.5,0.5,0.2965333419976094,0.20305592927151403,0.0,,4.3,0.09347741272609536,0.2750933705897203,1,,,0.35297487784108533,2026-10-08T20:03:31+00:00,8477507.0
2026-10-08-late-2004,2026-10-08T20:04:04+00:00,2026020056,2026-10-08,player_points,over:8477951,N. Schmaltz Over 0.5,0.5,0.6096023018417267,0.5873139049481014,0.0,,1.62,0.022288396893625273,-0.012444271016402664,3,,,0.9494921416356057,2026-10-08T20:03:31+00:00,8477951.0
2026-10-08-late-2004,2026-10-08T20:04:04+00:00,2026020056,2026-10-08,player_points,over:8477956,D. Pastrnak Over 0.5,0.5,0.5722963137944415,0.661108277299656,0.0,,1.47,-0.08881196350521459,-0.15872441872217108,3,,,0.8565791868395582,2026-10-08T20:03:31+00:00,8477956.0
2026-10-08-late-2004,2026-10-08T20:04:04+00:00,2026020056,2026-10-08,player_points,over:8478401,P. Zacha Over 0.5,0.5,0.46082356096257715,0.5028096630088206,0.0,,1.87,-0.04198610204624342,-0.13825994099998068,3,,,0.6215438647444799,2026-10-08T20:03:31+00:00,8478401.0
2026-10-08-late-2004,2026-10-08T20:04:04+00:00,2026020056,2026-10-08,player_points,over:8478474,L. Crouse Over 0.5,0.5,0.4344157806395784,0.3447686664400751,0.0,,2.75,0.08964711419950333,0.19464339675884068,3,,,0.5731562554390333,2026-10-08T20:03:31+00:00,8478474.0
2026-10-08-late-2004,2026-10-08T20:04:04+00:00,2026020056,2026-10-08,player_points,over:8478507,J. Marino Over 0.5,0.5,0.3202778709351396,0.3195554445554654,0.0,,2.86,0.0007224263796741792,-0.08400528912550076,2,,,0.3875655514559284,2026-10-08T20:03:31+00:00,8478507.0
2026-10-08-late-2004,2026-10-08T20:04:04+00:00,2026020056,2026-10-08,player_points,over:8478840,W. Borgen Over 0.5,0.5,0.22981014224754315,0.1604554865424443,0.0,,5.25,0.06935465570509886,0.20650324679960153,1,,,0.26180124176544173,2026-10-08T20:03:31+00:00,8478840.0
2026-10-08-late-2004,2026-10-08T20:04:04+00:00,2026020056,2026-10-08,player_points,over:8479343,C. Keller Over 0.5,0.5,0.6604745475886133,0.6413744985173739,0.0,,1.5,0.01910004907123941,-0.009288178617079978,2,,,1.0919593071698845,2026-10-08T20:03:31+00:00,8479343.0
2026-10-08-late-2004,2026-10-08T20:04:04+00:00,2026020056,2026-10-08,player_points,over:8479410,M. Sergachev Over 0.5,0.5,0.55860126636603,0.5189514936454792,0.0,,1.83,0.03964977272055081,0.022240317449835012,3,,,0.8245313446593379,2026-10-08T20:03:31+00:00,8479410.0
2026-10-08-late-2004,2026-10-08T20:04:04+00:00,2026020056,2026-10-08,player_points,over:8479987,M. Geekie Over 0.5,0.5,0.43699845244177793,0.507707281950125,0.0,,1.91,-0.07070882950834712,-0.16533295583620417,3,,,0.5777857687508537,2026-10-08T20:03:31+00:00,8479987.0
2026-10-08-late-2004,2026-10-08T20:04:04+00:00,2026020056,2026-10-08,player_points,over:8479999,C. Mittelstadt Over 0.5,0.5,0.32309846721541213,0.4032149093186917,0.0,,2.32,-0.08011644210327956,-0.2504115560602439,3,,,0.39175622271650157,2026-10-08T20:03:31+00:00,8479999.0
2026-10-08-late-2004,2026-10-08T20:04:04+00:00,2026020056,2026-10-08,player_points,over:8480849,B. Hayton Over 0.5,0.5,0.2783678063390834,0.3230195891999991,0.0,,2.85,-0.0446517828609157,-0.20665175193361218,2,,,0.3273063389636556,2026-10-08T20:03:31+00:00,8480849.0
2026-10-08-late-2004,2026-10-08T20:04:04+00:00,2026020056,2026-10-08,player_points,over:8480855,J. McBain Over 0.5,0.5,0.22668877537198395,0.23650793650798818,0.0,,3.75,-0.009819161136004229,-0.14991709235506012,1,,,0.25773569514466743,2026-10-08T20:03:31+00:00,8480855.0
2026-10-08-late-2004,2026-10-08T20:04:04+00:00,2026020056,2026-10-08,player_points,over:8482175,J. Peterka Over 0.5,0.5,0.3836545637499815,0.48626950457141777,0.0,,2.0,-0.10261494082143624,-0.23269087250003695,3,,,0.4862973277780718,2026-10-08T20:03:31+00:00,8482175.0
2026-10-08-late-2004,2026-10-08T20:04:04+00:00,2026020056,2026-10-08,player_points,over:8482177,M. Khusnutdinov Over 0.5,0.5,0.2716932029286324,0.30717268484395616,0.0,,2.95,-0.03547948191532374,-0.1985050513605343,2,,,0.31804012127684905,2026-10-08T20:03:31+00:00,8482177.0
2026-10-08-late-2004,2026-10-08T20:04:04+00:00,2026020056,2026-10-08,player_points,over:8482511,M. Lohrei Over 0.5,0.5,0.2644797953128234,0.33418311885466934,0.0,,2.74,-0.06970332354184594,-0.27532536084286385,2,,,0.3081227826565726,2026-10-08T20:03:31+00:00,8482511.0
2026-10-08-late-2004,2026-10-08T20:04:04+00:00,2026020056,2026-10-08,player_points,over:8482699,D. Guenther Over 0.5,0.5,0.5701516857258211,0.5843569842663963,0.0,,1.62,-0.014205298540575173,-0.07635426912416976,2,,,0.8514919982209651,2026-10-08T20:03:31+00:00,8482699.0
2026-10-08-late-2004,2026-10-08T20:04:04+00:00,2026020056,2026-10-08,player_points,over:8483431,L. Cooley Over 0.5,0.5,0.5229904026347261,0.558329931417772,0.0,,1.71,-0.035339528783045915,-0.10568641149461844,3,,,0.7457250440580517,2026-10-08T20:03:31+00:00,8483431.0
2026-10-08-late-2004,2026-10-08T20:04:04+00:00,2026020056,2026-10-08,player_points,over:8483489,F. Minten Over 0.5,0.5,0.3348769719068403,0.36371281376522563,0.0,,2.58,-0.028835841858385336,-0.13601741248035204,3,,,0.40945065242302636,2026-10-08T20:03:31+00:00,8483489.0
2026-10-08-late-2004,2026-10-08T20:04:04+00:00,2026020056,2026-10-08,player_points,over:8485395,J. Hagens Over 0.5,0.5,0.3438096004395156,0.37715507480071536,0.0,,2.55,-0.03334547436119978,-0.12328551887923533,3,,,0.42308425783447484,2026-10-08T20:03:31+00:00,8485395.0
2026-10-08-late-2004,2026-10-08T20:04:04+00:00,2026020056,2026-10-08,player_points,under:8475314,A. Lee Under 0.5,0.5,0.6455546216752863,0.6074615361912137,0.0,,1.61,0.0380930854840727,0.03934294089721102,3,,,0.4395663890321106,2026-10-08T20:03:31+00:00,8475314.0
2026-10-08-late-2004,2026-10-08T20:04:04+00:00,2026020056,2026-10-08,player_points,under:8476389,V. Trocheck Under 0.5,0.5,0.5606349714107927,0.5156195163954695,0.0,,1.83,0.04501545501532306,0.025961997681750615,3,,,0.5820469830684881,2026-10-08T20:03:31+00:00,8476389.0
2026-10-08-late-2004,2026-10-08T20:04:04+00:00,2026020056,2026-10-08,player_points,under:8476854,H. Lindholm Under 0.5,0.5,0.669993251087323,0.5801107295056047,0.0,,1.65,0.08988252158171822,0.10548886429408288,3,,,0.40209583402593296,2026-10-08T20:03:31+00:00,8476854.0
2026-10-08-late-2004,2026-10-08T20:04:04+00:00,2026020056,2026-10-08,player_points,under:8477220,N. Schmidt Under 0.5,0.5,0.7550956317859405,0.8253096110239467,0.0,,1.17,-0.07021397923800618,-0.11653811081044965,1,,,0.28170146219737546,2026-10-08T20:03:31+00:00,8477220.0
2026-10-08-late-2004,2026-10-08T20:04:04+00:00,2026020056,2026-10-08,player_points,under:8477346,M. Weegar Under 0.5,0.5,0.662826681408715,0.7021402089160667,0.0,,1.4,-0.039313527507351564,-0.07204264602779903,3,,,0.4129375824771549,2026-10-08T20:03:31+00:00,8477346.0
2026-10-08-late-2004,2026-10-08T20:04:04+00:00,2026020056,2026-10-08,player_points,under:8477365,C. Clifton Under 0.5,0.5,0.7919929006919008,0.8555213543670257,0.0,,1.13,-0.06352845367512494,-0.10504802221815222,1,,,0.23374753315813565,2026-10-08T20:03:31+00:00,8477365.0
2026-10-08-late-2004,2026-10-08T20:04:04+00:00,2026020056,2026-10-08,player_points,under:8477496,E. Lindholm Under 0.5,0.5,0.6092609597373915,0.5974655849923962,0.0,,1.61,0.011795374744995202,-0.01908985482279968,3,,,0.4979720163519699,2026-10-08T20:03:31+00:00,8477496.0
2026-10-08-late-2004,2026-10-08T20:04:04+00:00,2026020056,2026-10-08,player_points,under:8477507,N. Zadorov Under 0.5,0.5,0.7034666580023906,0.7969440707284859,0.0,,1.21,-0.09347741272609536,-0.1488053438171074,1,,,0.35297487784108533,2026-10-08T20:03:31+00:00,8477507.0
2026-10-08-late-2004,2026-10-08T20:04:04+00:00,2026020056,2026-10-08,player_points,under:8477951,N. Schmaltz Under 0.5,0.5,0.3903976981582733,0.41268609505189857,0.0,,2.27,-0.022288396893625273,-0.11379722518071961,3,,,0.9494921416356057,2026-10-08T20:03:31+00:00,8477951.0
2026-10-08-late-2004,2026-10-08T20:04:04+00:00,2026020056,2026-10-08,player_points,under:8477956,D. Pastrnak Under 0.5,0.5,0.42770368620555854,0.33889172270034396,0.0,,2.75,0.08881196350521459,0.17618513706528605,3,,,0.8565791868395582,2026-10-08T20:03:31+00:00,8477956.0
2026-10-08-late-2004,2026-10-08T20:04:04+00:00,2026020056,2026-10-08,player_points,under:8478401,P. Zacha Under 0.5,0.5,0.5391764390374228,0.4971903369911794,0.0,,1.91,0.04198610204624342,0.02982699856147758,3,,,0.6215438647444799,2026-10-08T20:03:31+00:00,8478401.0
2026-10-08-late-2004,2026-10-08T20:04:04+00:00,2026020056,2026-10-08,player_points,under:8478474,L. Crouse Under 0.5,0.5,0.5655842193604216,0.6552313335599249,0.0,,1.48,-0.08964711419950333,-0.16293535534657605,3,,,0.5731562554390333,2026-10-08T20:03:31+00:00,8478474.0
2026-10-08-late-2004,2026-10-08T20:04:04+00:00,2026020056,2026-10-08,player_points,under:8478507,J. Marino Under 0.5,0.5,0.6797221290648604,0.6804445554445346,0.0,,1.4,-0.0007224263796741792,-0.04838901930919548,2,,,0.3875655514559284,2026-10-08T20:03:31+00:00,8478507.0
2026-10-08-late-2004,2026-10-08T20:04:04+00:00,2026020056,2026-10-08,player_points,under:8478840,W. Borgen Under 0.5,0.5,0.7701898577524569,0.8395445134575557,0.0,,1.15,-0.06935465570509886,-0.11428166358467469,1,,,0.26180124176544173,2026-10-08T20:03:31+00:00,8478840.0
2026-10-08-late-2004,2026-10-08T20:04:04+00:00,2026020056,2026-10-08,player_points,under:8479343,C. Keller Under 0.5,0.5,0.33952545241138665,0.35862550148262606,0.0,,2.6,-0.01910004907123941,-0.1172338237303947,2,,,1.0919593071698845,2026-10-08T20:03:31+00:00,8479343.0
2026-10-08-late-2004,2026-10-08T20:04:04+00:00,2026020056,2026-10-08,player_points,under:8479410,M. Sergachev Under 0.5,0.5,0.44139873363397,0.4810485063545208,0.0,,1.99,-0.03964977272055081,-0.12161652006839974,3,,,0.8245313446593379,2026-10-08T20:03:31+00:00,8479410.0
2026-10-08-late-2004,2026-10-08T20:04:04+00:00,2026020056,2026-10-08,player_points,under:8479987,M. Geekie Under 0.5,0.5,0.5630015475582221,0.49229271804987496,0.0,,1.95,0.07070882950834712,0.09785301773853305,3,,,0.5777857687508537,2026-10-08T20:03:31+00:00,8479987.0
2026-10-08-late-2004,2026-10-08T20:04:04+00:00,2026020056,2026-10-08,player_points,under:8479999,C. Mittelstadt Under 0.5,0.5,0.6769015327845879,0.5967850906813084,0.0,,1.61,0.08011644210327956,0.08981146778318655,3,,,0.39175622271650157,2026-10-08T20:03:31+00:00,8479999.0
2026-10-08-late-2004,2026-10-08T20:04:04+00:00,2026020056,2026-10-08,player_points,under:8480849,B. Hayton Under 0.5,0.5,0.7216321936609166,0.6769804108000008,0.0,,1.42,0.0446517828609157,0.024717714998501505,2,,,0.3273063389636556,2026-10-08T20:03:31+00:00,8480849.0
2026-10-08-late-2004,2026-10-08T20:04:04+00:00,2026020056,2026-10-08,player_points,under:8480855,J. McBain Under 0.5,0.5,0.773311224628016,0.7634920634920118,0.0,,1.26,0.009819161136004229,-0.025627856968699764,1,,,0.25773569514466743,2026-10-08T20:03:31+00:00,8480855.0
2026-10-08-late-2004,2026-10-08T20:04:04+00:00,2026020056,2026-10-08,player_points,under:8482175,J. Peterka Under 0.5,0.5,0.6163454362500185,0.5137304954285822,0.0,,1.91,0.10261494082143624,0.1772197832375353,3,,,0.4862973277780718,2026-10-08T20:03:31+00:00,8482175.0
2026-10-08-late-2004,2026-10-08T20:04:04+00:00,2026020056,2026-10-08,player_points,under:8482177,M. Khusnutdinov Under 0.5,0.5,0.7283067970713676,0.6928273151560438,0.0,,1.38,0.03547948191532374,0.005063379958487213,2,,,0.31804012127684905,2026-10-08T20:03:31+00:00,8482177.0
2026-10-08-late-2004,2026-10-08T20:04:04+00:00,2026020056,2026-10-08,player_points,under:8482511,M. Lohrei Under 0.5,0.5,0.7355202046871766,0.6658168811453307,0.0,,1.43,0.06970332354184594,0.05179389270266249,2,,,0.3081227826565726,2026-10-08T20:03:31+00:00,8482511.0
2026-10-08-late-2004,2026-10-08T20:04:04+00:00,2026020056,2026-10-08,player_points,under:8482699,D. Guenther Under 0.5,0.5,0.4298483142741789,0.41564301573360374,0.0,,2.24,0.014205298540575173,-0.03713977602583918,2,,,0.8514919982209651,2026-10-08T20:03:31+00:00,8482699.0
2026-10-08-late-2004,2026-10-08T20:04:04+00:00,2026020056,2026-10-08,player_points,under:8483431,L. Cooley Under 0.5,0.5,0.47700959736527393,0.441670068582228,0.0,,2.15,0.035339528783045915,0.025570634335338904,3,,,0.7457250440580517,2026-10-08T20:03:31+00:00,8483431.0
2026-10-08-late-2004,2026-10-08T20:04:04+00:00,2026020056,2026-10-08,player_points,under:8483489,F. Minten Under 0.5,0.5,0.6651230280931597,0.6362871862347743,0.0,,1.5,0.028835841858385336,-0.002315457860260439,3,,,0.40945065242302636,2026-10-08T20:03:31+00:00,8483489.0
2026-10-08-late-2004,2026-10-08T20:04:04+00:00,2026020056,2026-10-08,player_points,under:8485395,J. Hagens Under 0.5,0.5,0.6561903995604844,0.6228449251992847,0.0,,1.57,0.03334547436119978,0.030218927309960564,3,,,0.42308425783447484,2026-10-08T20:03:31+00:00,8485395.0
2026-10-08-late-2004,2026-10-08T20:04:04+00:00,2026020056,2026-10-08,player_sog,over:8475314,A. Lee Over 1.5,1.5,0.5651881412892661,0.5650691983212892,0.0,,1.69,0.00011894296797687609,-0.04483204122114032,4,,,1.965570761080144,2026-10-08T20:03:31+00:00,8475314.0
2026-10-08-late-2004,2026-10-08T20:04:04+00:00,2026020056,2026-10-08,player_sog,over:8476389,V. Trocheck Over 1.5,1.5,0.44389183888256234,0.5060938780707308,0.0,,1.97,-0.06220203918816847,-0.12553307740135222,5,,,1.5361628223717152,2026-10-08T20:03:31+00:00,8476389.0
2026-10-08-late-2004,2026-10-08T20:04:04+00:00,2026020056,2026-10-08,player_sog,over:8476854,H. Lindholm Over 1.5,1.5,0.33250057313799775,0.4486141757661716,0.0,,2.2,-0.11611360262817383,-0.2684987390964049,4,,,1.1958776397639268,2026-10-08T20:03:31+00:00,8476854.0
2026-10-08-late-2004,2026-10-08T20:04:04+00:00,2026020056,2026-10-08,player_sog,over:8477346,M. Weegar Over 1.5,1.5,0.42900218681179547,0.4778018922130134,0.0,,2.0,-0.04879970540121792,-0.14199562637640906,4,,,1.4884075659018665,2026-10-08T20:03:31+00:00,8477346.0
2026-10-08-late-2004,2026-10-08T20:04:04+00:00,2026020056,2026-10-08,player_sog,over:8477496,E. Lindholm Over 1.5,1.5,0.4982351677792217,0.518167903034849,0.0,,1.87,-0.019932735255627332,-0.0683002362528553,4,,,1.7185566539163344,2026-10-08T20:03:31+00:00,8477496.0
2026-10-08-late-2004,2026-10-08T20:04:04+00:00,2026020056,2026-10-08,player_sog,over:8477507,N. Zadorov Over 1.5,1.5,0.3611284858023833,0.42576176265147403,0.0,,2.2,-0.0646332768490907,-0.20551733123475663,4,,,1.2800957776171091,2026-10-08T20:03:31+00:00,8477507.0
2026-10-08-late-2004,2026-10-08T20:04:04+00:00,2026020056,2026-10-08,player_sog,over:8477951,N. Schmaltz Over 2.5,2.5,0.56565842907365,0.46349079434397505,0.0,,2.05,0.102167634729675,0.15959977960098248,5,,,3.064489207346215,2026-10-08T20:03:31+00:00,8477951.0
2026-10-08-late-2004,2026-10-08T20:04:04+00:00,2026020056,2026-10-08,player_sog,over:8477956,D. Pastrnak Over 3.5,3.5,0.3307949103197052,0.4378222736621085,0.0,,2.2,-0.10702736334240331,-0.2722511972966485,4,,,2.8952505337829693,2026-10-08T20:03:31+00:00,8477956.0
2026-10-08-late-2004,2026-10-08T20:04:04+00:00,2026020056,2026-10-08,player_sog,over:8478401,P. Zacha Over 1.5,1.5,0.49463501064753035,0.5443385003899455,0.0,,1.77,-0.04970348974241512,-0.12449603115387126,4,,,1.7060323054103614,2026-10-08T20:03:31+00:00,8478401.0
2026-10-08-late-2004,2026-10-08T20:04:04+00:00,2026020056,2026-10-08,player_sog,over:8478474,L. Crouse Over 1.5,1.5,0.5653902542899732,0.5,0.0,,1.83,0.06539025428997325,0.03466416535065109,1,,,1.966362236240841,2026-10-08T20:03:31+00:00,8478474.0
2026-10-08-late-2004,2026-10-08T20:04:04+00:00,2026020056,2026-10-08,player_sog,over:8479343,C. Keller Over 2.5,2.5,0.4401943067039893,0.47271406265934796,0.0,,2.02,-0.032519755955358665,-0.11080750045794163,5,,,2.482119707178303,2026-10-08T20:03:31+00:00,8479343.0
2026-10-08-late-2004,2026-10-08T20:04:04+00:00,2026020056,2026-10-08,player_sog,over:8479410,M. Sergachev Over 1.5,1.5,0.6166203131975252,0.5873955717177903,0.0,,1.65,0.02922474147973486,0.017423516775916525,5,,,2.177954746936562,2026-10-08T20:03:31+00:00,8479410.0
2026-10-08-late-2004,2026-10-08T20:04:04+00:00,2026020056,2026-10-08,player_sog,over:8479987,M. Geekie Over 2.5,2.5,0.26714054177007784,0.39483313150251004,0.0,,2.52,-0.1276925897324322,-0.32680583473940383,3,,,1.779080523415549,2026-10-08T20:03:31+00:00,8479987.0
2026-10-08-late-2004,2026-10-08T20:04:04+00:00,2026020056,2026-10-08,player_sog,over:8480355,M. Kastelic Over 1.5,1.5,0.2723115518222071,0.4088013896931098,0.0,,2.2,-0.13648983787090269,-0.40091458599114427,1,,,1.0233446786161573,2026-10-08T20:03:31+00:00,8480355.0
2026-10-08-late-2004,2026-10-08T20:04:04+00:00,2026020056,2026-10-08,player_sog,over:8480849,B. Hayton Over 1.5,1.5,0.43974312154896167,0.39542483660133076,0.0,,2.25,0.044318284947630904,-0.010577976514836274,1,,,1.5227706072761031,2026-10-08T20:03:31+00:00,8480849.0
2026-10-08-late-2004,2026-10-08T20:04:04+00:00,2026020056,2026-10-08,player_sog,over:8482175,J. Peterka Over 1.5,1.5,0.5361818278063819,0.5734905647515034,0.0,,1.71,-0.03730873694512149,-0.08312907445108697,4,,,1.8550294724924037,2026-10-08T20:03:31+00:00,8482175.0
2026-10-08-late-2004,2026-10-08T20:04:04+00:00,2026020056,2026-10-08,player_sog,over:8482699,D. Guenther Over 2.5,2.5,0.49774246992482507,0.5597156865150371,0.0,,1.69,-0.061973216590212044,-0.15881522582704566,5,,,2.737117625597398,2026-10-08T20:03:31+00:00,8482699.0
2026-10-08-late-2004,2026-10-08T20:04:04+00:00,2026020056,2026-10-08,player_sog,over:8483431,L. Cooley Over 1.5,1.5,0.44032544237285565,0.5893070284867794,0.0,,1.69,-0.14898158611392376,-0.255850002389874,5,,,1.5246462632694329,2026-10-08T20:03:31+00:00,8483431.0
2026-10-08-late-2004,2026-10-08T20:04:04+00:00,2026020056,2026-10-08,player_sog,over:8483489,F. Minten Over 1.5,1.5,0.44887068267785035,0.4374399897116746,0.0,,2.15,0.01143069296617577,-0.034928032242621754,4,,,1.5523257835084492,2026-10-08T20:03:31+00:00,8483489.0
2026-10-08-late-2004,2026-10-08T20:04:04+00:00,2026020056,2026-10-08,player_sog,over:8485395,J. Hagens Over 1.5,1.5,0.43107107015944,0.42800850813110214,0.0,,2.25,0.0030625620283378785,-0.030090092141259905,4,,,1.4949925965596584,2026-10-08T20:03:31+00:00,8485395.0
2026-10-08-late-2004,2026-10-08T20:04:04+00:00,2026020056,2026-10-08,player_sog,under:8475314,A. Lee Under 1.5,1.5,0.4348118587107339,0.4349308016787108,0.0,,2.2,-0.00011894296797687609,-0.04341391083638535,4,,,1.965570761080144,2026-10-08T20:03:31+00:00,8475314.0
2026-10-08-late-2004,2026-10-08T20:04:04+00:00,2026020056,2026-10-08,player_sog,under:8476389,V. Trocheck Under 1.5,1.5,0.5561081611174377,0.4939061219292692,0.0,,1.91,0.06220203918816847,0.062166587734305834,5,,,1.5361628223717152,2026-10-08T20:03:31+00:00,8476389.0
2026-10-08-late-2004,2026-10-08T20:04:04+00:00,2026020056,2026-10-08,player_sog,under:8476854,H. Lindholm Under 1.5,1.5,0.6674994268620023,0.5513858242338284,0.0,,1.77,0.11611360262817383,0.181473985545744,4,,,1.1958776397639268,2026-10-08T20:03:31+00:00,8476854.0
2026-10-08-late-2004,2026-10-08T20:04:04+00:00,2026020056,2026-10-08,player_sog,under:8477346,M. Weegar Under 1.5,1.5,0.5709978131882045,0.5221981077869866,0.0,,1.81,0.04879970540121792,0.033506041870650205,4,,,1.4884075659018665,2026-10-08T20:03:31+00:00,8477346.0
2026-10-08-late-2004,2026-10-08T20:04:04+00:00,2026020056,2026-10-08,player_sog,under:8477496,E. Lindholm Under 1.5,1.5,0.5017648322207783,0.48183209696515095,0.0,,2.0,0.019932735255627332,0.003529664441556557,4,,,1.7185566539163344,2026-10-08T20:03:31+00:00,8477496.0
2026-10-08-late-2004,2026-10-08T20:04:04+00:00,2026020056,2026-10-08,player_sog,under:8477507,N. Zadorov Under 1.5,1.5,0.6388715141976167,0.574238237348526,0.0,,1.67,0.0646332768490907,0.06691542871001982,4,,,1.2800957776171091,2026-10-08T20:03:31+00:00,8477507.0
2026-10-08-late-2004,2026-10-08T20:04:04+00:00,2026020056,2026-10-08,player_sog,under:8477951,N. Schmaltz Under 2.5,2.5,0.43434157092634995,0.536509205656025,0.0,,1.8,-0.102167634729675,-0.21818517233257007,5,,,3.064489207346215,2026-10-08T20:03:31+00:00,8477951.0
2026-10-08-late-2004,2026-10-08T20:04:04+00:00,2026020056,2026-10-08,player_sog,under:8477956,D. Pastrnak Under 3.5,3.5,0.6692050896802948,0.5621777263378915,0.0,,1.71,0.10702736334240331,0.14434070335330407,4,,,2.8952505337829693,2026-10-08T20:03:31+00:00,8477956.0
2026-10-08-late-2004,2026-10-08T20:04:04+00:00,2026020056,2026-10-08,player_sog,under:8478401,P. Zacha Under 1.5,1.5,0.5053649893524697,0.45566149961005453,0.0,,2.08,0.04970348974241512,0.05115917785313695,4,,,1.7060323054103614,2026-10-08T20:03:31+00:00,8478401.0
2026-10-08-late-2004,2026-10-08T20:04:04+00:00,2026020056,2026-10-08,player_sog,under:8478474,L. Crouse Under 1.5,1.5,0.43460974571002675,0.5,0.0,,1.83,-0.06539025428997325,-0.20466416535065102,1,,,1.966362236240841,2026-10-08T20:03:31+00:00,8478474.0
2026-10-08-late-2004,2026-10-08T20:04:04+00:00,2026020056,2026-10-08,player_sog,under:8479343,C. Keller Under 2.5,2.5,0.5598056932960107,0.527285937340652,0.0,,1.82,0.032519755955358665,0.018846361798739553,5,,,2.482119707178303,2026-10-08T20:03:31+00:00,8479343.0
2026-10-08-late-2004,2026-10-08T20:04:04+00:00,2026020056,2026-10-08,player_sog,under:8479410,M. Sergachev Under 1.5,1.5,0.3833796868024748,0.41260442828220967,0.0,,2.36,-0.02922474147973486,-0.09522393914615945,5,,,2.177954746936562,2026-10-08T20:03:31+00:00,8479410.0
2026-10-08-late-2004,2026-10-08T20:04:04+00:00,2026020056,2026-10-08,player_sog,under:8479987,M. Geekie Under 2.5,2.5,0.7328594582299222,0.60516686849749,0.0,,1.61,0.1276925897324322,0.17990372775017477,3,,,1.779080523415549,2026-10-08T20:03:31+00:00,8479987.0
2026-10-08-late-2004,2026-10-08T20:04:04+00:00,2026020056,2026-10-08,player_sog,under:8480355,M. Kastelic Under 1.5,1.5,0.7276884481777929,0.5911986103068902,0.0,,1.57,0.13648983787090269,0.14247086363913486,1,,,1.0233446786161573,2026-10-08T20:03:31+00:00,8480355.0
2026-10-08-late-2004,2026-10-08T20:04:04+00:00,2026020056,2026-10-08,player_sog,under:8480849,B. Hayton Under 1.5,1.5,0.5602568784510383,0.6045751633986692,0.0,,1.53,-0.044318284947630904,-0.14280697596991132,1,,,1.5227706072761031,2026-10-08T20:03:31+00:00,8480849.0
2026-10-08-late-2004,2026-10-08T20:04:04+00:00,2026020056,2026-10-08,player_sog,under:8482175,J. Peterka Under 1.5,1.5,0.4638181721936181,0.4265094352484966,0.0,,2.25,0.03730873694512149,0.04359088743564077,4,,,1.8550294724924037,2026-10-08T20:03:31+00:00,8482175.0
2026-10-08-late-2004,2026-10-08T20:04:04+00:00,2026020056,2026-10-08,player_sog,under:8482699,D. Guenther Under 2.5,2.5,0.5022575300751749,0.4402843134849629,0.0,,2.16,0.061973216590212044,0.08487626496237788,5,,,2.737117625597398,2026-10-08T20:03:31+00:00,8482699.0
2026-10-08-late-2004,2026-10-08T20:04:04+00:00,2026020056,2026-10-08,player_sog,under:8483431,L. Cooley Under 1.5,1.5,0.5596745576271444,0.4106929715132206,0.0,,2.36,0.14898158611392376,0.32083195600006065,5,,,1.5246462632694329,2026-10-08T20:03:31+00:00,8483431.0
2026-10-08-late-2004,2026-10-08T20:04:04+00:00,2026020056,2026-10-08,player_sog,under:8483489,F. Minten Under 1.5,1.5,0.5511293173221496,0.5625600102883255,0.0,,1.69,-0.01143069296617577,-0.06859145372556713,4,,,1.5523257835084492,2026-10-08T20:03:31+00:00,8483489.0
2026-10-08-late-2004,2026-10-08T20:04:04+00:00,2026020056,2026-10-08,player_sog,under:8485395,J. Hagens Under 1.5,1.5,0.56892892984056,0.5719914918688979,0.0,,1.69,-0.0030625620283378785,-0.03851010856945364,4,,,1.4949925965596584,2026-10-08T20:03:31+00:00,8485395.0
2026-10-08-late-2004,2026-10-08T20:04:04+00:00,2026020056,2026-10-08,spreads,away,UTA -1.5,-1.5,0.32100174414407745,0.3146590397272824,0.0,,3.08,0.006342704416795075,-0.011314628036241392,9,2.8802312235556204,3.203569632802251,6.19643678278057,2026-10-08T20:03:31+00:00,
2026-10-08-late-2004,2026-10-08T20:04:04+00:00,2026020056,2026-10-08,spreads,home,BOS +1.5,1.5,0.6789982558559226,0.6853409602727176,0.0,,1.43,-0.006342704416795075,-0.029032494126030817,9,2.8802312235556204,3.203569632802251,6.19643678278057,2026-10-08T20:03:31+00:00,
2026-10-08-late-2004,2026-10-08T20:04:04+00:00,2026020056,2026-10-08,totals,over,Over 6,6.0,0.5190089265829051,0.49251889865431725,0.12505410851806537,,1.97,0.026490027928587845,0.019640422591704232,6,2.8802312235556204,3.203569632802251,6.19643678278057,2026-10-08T20:03:31+00:00,
2026-10-08-late-2004,2026-10-08T20:04:04+00:00,2026020056,2026-10-08,totals,under,Under 6,6.0,0.4809910734170949,0.5074811013456828,0.12505410851806537,,1.91,-0.0264900279285879,-0.0711392691477088,6,2.8802312235556204,3.203569632802251,6.19643678278057,2026-10-08T20:03:31+00:00,
2026-10-08-late-2004,2026-10-08T20:04:04+00:00,2026020057,2026-10-08,player_assists,over:8473994,J. Benn Over 0.5,0.5,0.1891377706784131,0.26491542715968075,0.0,,3.5,-0.07577765648126766,-0.3380178026255542,2,,,0.2100972929211643,2026-10-08T20:03:31+00:00,8473994.0
2026-10-08-late-2004,2026-10-08T20:04:04+00:00,2026020057,2026-10-08,player_assists,over:8474574,T. Myers Over 0.5,0.5,0.14721046151643846,0.09953703703709284,0.0,,8.0,0.047673424479345625,0.1776836921315077,1,,,0.15949634403891094,2026-10-08T20:03:31+00:00,8474574.0
2026-10-08-late-2004,2026-10-08T20:04:04+00:00,2026020057,2026-10-08,player_assists,over:8475794,T. Seguin Over 0.5,0.5,0.2373311344189527,0.23264320142826403,0.0,,4.2,0.004687932990688676,-0.003209235440398639,2,,,0.2716666974528754,2026-10-08T20:03:31+00:00,8475794.0
2026-10-08-late-2004,2026-10-08T20:04:04+00:00,2026020057,2026-10-08,player_assists,over:8476278,C. Blackwell Over 0.5,0.5,0.14886476126862946,0.12647262647248414,0.0,,6.5,0.022392134796145324,-0.03237905175390854,1,,,0.16144432861708127,2026-10-08T20:03:31+00:00,8476278.0
2026-10-08-late-2004,2026-10-08T20:04:04+00:00,2026020057,2026-10-08,player_assists,over:8476889,R. Faksa Over 0.5,0.5,0.13763841441629343,0.08826583592937828,0.0,,9.0,0.04937257848691515,0.23874572974664088,1,,,0.14830011878125796,2026-10-08T20:03:31+00:00,8476889.0
2026-10-08-late-2004,2026-10-08T20:04:04+00:00,2026020057,2026-10-08,player_assists,over:8476902,E. Lindell Over 0.5,0.5,0.24328639478096303,0.22987012987012992,0.0,,3.85,0.013416264910833114,-0.06334738009329233,1,,,0.27954900155933204,2026-10-08T20:03:31+00:00,8476902.0
2026-10-08-late-2004,2026-10-08T20:04:04+00:00,2026020057,2026-10-08,player_assists,over:8478420,M. Rantanen Over 0.5,0.5,0.39121335713596495,0.5106837606837584,0.0,,1.87,-0.11947040354779348,-0.2684310221557455,2,,,0.4987585940817826,2026-10-08T20:03:31+00:00,8478420.0
2026-10-08-late-2004,2026-10-08T20:04:04+00:00,2026020057,2026-10-08,player_assists,over:8478449,R. Hintz Over 0.5,0.5,0.3071785461671521,0.4033383900927179,0.0,,2.3,-0.09615984392556576,-0.2934893438155502,2,,,0.36833302124641015,2026-10-08T20:03:31+00:00,8478449.0
2026-10-08-late-2004,2026-10-08T20:04:04+00:00,2026020057,2026-10-08,player_assists,over:8479351,S. Steel Over 0.5,0.5,0.2273033131686314,0.2121151539384131,0.0,,4.1,0.015188159230218296,-0.06805641600861134,1,,,0.258534799084446,2026-10-08T20:03:31+00:00,8479351.0
2026-10-08-late-2004,2026-10-08T20:04:04+00:00,2026020057,2026-10-08,player_assists,over:8479359,B. Malenstyn Over 0.5,0.5,0.09934143042237031,0.08826583592937828,0.0,,9.0,0.01107559449299203,-0.10592712619866718,1,,,0.10473858803525224,2026-10-08T20:03:31+00:00,8479359.0
2026-10-08-late-2004,2026-10-08T20:04:04+00:00,2026020057,2026-10-08,player_assists,over:8479420,T. Thompson Over 0.5,0.5,0.36990728643978255,0.405291591389636,0.0,,2.3,-0.03538430494985345,-0.1492132411885002,2,,,0.46402829862324574,2026-10-08T20:03:31+00:00,8479420.0
2026-10-08-late-2004,2026-10-08T20:04:04+00:00,2026020057,2026-10-08,player_assists,over:8479941,J. Danforth Over 0.5,0.5,0.1437302450481599,0.12647262647248414,0.0,,6.5,0.01725761857567576,-0.06575340718696066,1,,,0.15541084418859896,2026-10-08T20:03:31+00:00,8479941.0
2026-10-08-late-2004,2026-10-08T20:04:04+00:00,2026020057,2026-10-08,player_assists,over:8480027,J. Robertson Over 0.5,0.5,0.3749303572688494,0.4088092346380515,0.0,,2.35,-0.03387887736920214,-0.11891366041820395,2,,,0.4721071269997671,2026-10-08T20:03:31+00:00,8480027.0
2026-10-08-late-2004,2026-10-08T20:04:04+00:00,2026020057,2026-10-08,player_assists,over:8480036,M. Heiskanen Over 0.5,0.5,0.3221763178353064,0.481321839080463,0.0,,2.0,-0.15914552124515657,-0.35564736432938715,2,,,0.3903841924090724,2026-10-08T20:03:31+00:00,8480036.0
2026-10-08-late-2004,2026-10-08T20:04:04+00:00,2026020057,2026-10-08,player_assists,over:8480064,J. Norris Over 0.5,0.5,0.28638119401692363,0.3045112781954934,0.0,,3.0,-0.01813008417856976,-0.1408564179492291,2,,,0.3385473398836265,2026-10-08T20:03:31+00:00,8480064.0
2026-10-08-late-2004,2026-10-08T20:04:04+00:00,2026020057,2026-10-08,player_assists,over:8480802,R. McLeod Over 0.5,0.5,0.2894267174014904,0.23157894736843063,0.0,,3.8,0.05784777003305977,0.09982152612566342,1,,,0.3428533324501968,2026-10-08T20:03:31+00:00,8480802.0
2026-10-08-late-2004,2026-10-08T20:04:04+00:00,2026020057,2026-10-08,player_assists,over:8480807,M. Samuelsson Over 0.5,0.5,0.25276512288314945,0.22177419354836153,0.0,,4.0,0.03099092933478792,0.011060491532597805,1,,,0.29222636574072763,2026-10-08T20:03:31+00:00,8480807.0
2026-10-08-late-2004,2026-10-08T20:04:04+00:00,2026020057,2026-10-08,player_assists,over:8480839,R. Dahlin Over 0.5,0.5,0.3903956975546714,0.4913558482123672,0.0,,1.91,-0.10096015065769581,-0.25434421767057763,2,,,0.497403027677846,2026-10-08T20:03:31+00:00,8480839.0
2026-10-08-late-2004,2026-10-08T20:04:04+00:00,2026020057,2026-10-08,player_assists,over:8480840,O. Bäck Over 0.5,0.5,0.16132083654114027,0.08826583592937828,0.0,,9.0,0.07305500061176198,0.4518875288702624,1,,,0.17623691574107786,2026-10-08T20:03:31+00:00,8480840.0
2026-10-08-late-2004,2026-10-08T20:04:04+00:00,2026020057,2026-10-08,player_assists,over:8480878,N. Lundkvist Over 0.5,0.5,0.14319720895246635,0.10795107033645594,0.0,,7.5,0.035246138616010406,0.07397906714349756,1,,,0.15478659791423713,2026-10-08T20:03:31+00:00,8480878.0
2026-10-08-late-2004,2026-10-08T20:04:04+00:00,2026020057,2026-10-08,player_assists,over:8481522,P. Krebs Over 0.5,0.5,0.25017633541355133,0.22177419354836153,0.0,,4.0,0.0284021418651898,0.000705341654205327,1,,,0.2887477706462994,2026-10-08T20:03:31+00:00,8481522.0
2026-10-08-late-2004,2026-10-08T20:04:04+00:00,2026020057,2026-10-08,player_assists,over:8481581,T. Harley Over 0.5,0.5,0.2850449177696023,0.300869360902275,0.0,,3.2,-0.015824443132672728,-0.08785626313727268,2,,,0.33666392406822737,2026-10-08T20:03:31+00:00,8481581.0
2026-10-08-late-2004,2026-10-08T20:04:04+00:00,2026020057,2026-10-08,player_assists,over:8481806,L. Crevier Over 0.5,0.5,0.23224640736857605,0.09153380978561616,0.0,,8.5,0.1407125975829599,0.9740944626328963,1,,,0.26498614574298845,2026-10-08T20:03:31+00:00,8481806.0
2026-10-08-late-2004,2026-10-08T20:04:04+00:00,2026020057,2026-10-08,player_assists,over:8482097,J. Quinn Over 0.5,0.5,0.24957480554895195,0.3159111014704026,0.0,,3.05,-0.06633629592145063,-0.2387968430756966,2,,,0.287941239316528,2026-10-08T20:03:31+00:00,8482097.0
2026-10-08-late-2004,2026-10-08T20:04:04+00:00,2026020057,2026-10-08,player_assists,over:8482659,J. Doan Over 0.5,0.5,0.218637476770156,0.28073152337853124,0.0,,3.4,-0.06209404660837525,-0.25663257898146963,2,,,0.24732574909463884,2026-10-08T20:03:31+00:00,8482659.0
2026-10-08-late-2004,2026-10-08T20:04:04+00:00,2026020057,2026-10-08,player_assists,over:8482671,O. Power Over 0.5,0.5,0.35591868401194005,0.2957799413297846,0.0,,3.15,0.060138742682155466,0.12114385463761113,2,,,0.4418713691629801,2026-10-08T20:03:31+00:00,8482671.0
2026-10-08-late-2004,2026-10-08T20:04:04+00:00,2026020057,2026-10-08,player_assists,over:8482740,W. Johnston Over 0.5,0.5,0.32557786372800046,0.39230951042475115,0.0,,2.45,-0.06673164669675069,-0.20233423386639882,2,,,0.3954546962250048,2026-10-08T20:03:31+00:00,8482740.0
2026-10-08-late-2004,2026-10-08T20:04:04+00:00,2026020057,2026-10-08,player_assists,over:8482803,O. Zellweger Over 0.5,0.5,0.1255998795715424,0.17264957264962133,0.0,,5.0,-0.047049693078078936,-0.37200060214228803,1,,,0.13439750826885158,2026-10-08T20:03:31+00:00,8482803.0
2026-10-08-late-2004,2026-10-08T20:04:04+00:00,2026020057,2026-10-08,player_assists,over:8483425,L. Bichsel Over 0.5,0.5,0.11567040932867623,0.10795107033645594,0.0,,7.5,0.007719338992220284,-0.1324719300349283,1,,,0.12307667626669384,2026-10-08T20:03:31+00:00,8483425.0
2026-10-08-late-2004,2026-10-08T20:04:04+00:00,2026020057,2026-10-08,player_assists,over:8483468,J.Kulich Over 0.5,0.5,0.21732252784035955,0.20305592927151403,0.0,,4.3,0.014266598568845518,-0.065513130286454,1,,,0.24563598228570263,2026-10-08T20:03:31+00:00,8483468.0
2026-10-08-late-2004,2026-10-08T20:04:04+00:00,2026020057,2026-10-08,player_assists,over:8483500,N. Ostlund Over 0.5,0.5,0.28769699403623294,0.2990703814482064,0.0,,3.0,-0.011373387411973468,-0.13690901789130117,2,,,0.34040541378996897,2026-10-08T20:03:31+00:00,8483500.0
2026-10-08-late-2004,2026-10-08T20:04:04+00:00,2026020057,2026-10-08,player_assists,over:8484145,Z. Benson Over 0.5,0.5,0.33200471741579174,0.29230771910751074,0.0,,3.15,0.039696998308280995,0.045814859859743984,2,,,0.4051064691646344,2026-10-08T20:03:31+00:00,8484145.0
2026-10-08-late-2004,2026-10-08T20:04:04+00:00,2026020057,2026-10-08,player_assists,over:8484305,Z. Metsa Over 0.5,0.5,0.13118547612239884,0.12647262647248414,0.0,,6.5,0.004712849649914697,-0.1472944052044075,1,,,0.1408235539286609,2026-10-08T20:03:31+00:00,8484305.0
2026-10-08-late-2004,2026-10-08T20:04:04+00:00,2026020057,2026-10-08,player_assists,over:8484797,K. Helenius Over 0.5,0.5,0.16366535385880054,0.1746903889760533,0.0,,4.9,-0.011025035117252752,-0.19803976609187723,1,,,0.17904626395752482,2026-10-08T20:03:31+00:00,8484797.0
2026-10-08-late-2004,2026-10-08T20:04:04+00:00,2026020057,2026-10-08,player_assists,over:8484829,J. Hryckowian Over 0.5,0.5,0.2103948895733756,0.29091995221024863,0.0,,3.1,-0.08052506263687303,-0.3477758423225356,1,,,0.23678120835229965,2026-10-08T20:03:31+00:00,8484829.0
2026-10-08-late-2004,2026-10-08T20:04:04+00:00,2026020057,2026-10-08,player_assists,over:8484938,A. Hyry Over 0.5,0.5,0.1285884352321751,0.10795107033645594,0.0,,7.5,0.02063736489571917,-0.03558673575868665,1,,,0.13783051802373422,2026-10-08T20:03:31+00:00,8484938.0
2026-10-08-late-2004,2026-10-08T20:04:04+00:00,2026020057,2026-10-08,player_assists,under:8473994,J. Benn Under 0.5,0.5,0.8108622293215869,0.7350845728403193,0.0,,1.31,0.07577765648126766,0.06222952041127888,2,,,0.2100972929211643,2026-10-08T20:03:31+00:00,8473994.0
2026-10-08-late-2004,2026-10-08T20:04:04+00:00,2026020057,2026-10-08,player_assists,under:8474574,T. Myers Under 0.5,0.5,0.8527895384835615,0.9004629629629072,0.0,,1.08,-0.047673424479345625,-0.07898729843775348,1,,,0.15949634403891094,2026-10-08T20:03:31+00:00,8474574.0
2026-10-08-late-2004,2026-10-08T20:04:04+00:00,2026020057,2026-10-08,player_assists,under:8475794,T. Seguin Under 0.5,0.5,0.7626688655810473,0.767356798571736,0.0,,1.29,-0.004687932990688676,-0.016157163400448954,2,,,0.2716666974528754,2026-10-08T20:03:31+00:00,8475794.0
2026-10-08-late-2004,2026-10-08T20:04:04+00:00,2026020057,2026-10-08,player_assists,under:8476278,C. Blackwell Under 0.5,0.5,0.8511352387313705,0.8735273735275159,0.0,,1.11,-0.022392134796145324,-0.05523988500817863,1,,,0.16144432861708127,2026-10-08T20:03:31+00:00,8476278.0
2026-10-08-late-2004,2026-10-08T20:04:04+00:00,2026020057,2026-10-08,player_assists,under:8476889,R. Faksa Under 0.5,0.5,0.8623615855837066,0.9117341640706217,0.0,,1.07,-0.04937257848691515,-0.07727310342543392,1,,,0.14830011878125796,2026-10-08T20:03:31+00:00,8476889.0
2026-10-08-late-2004,2026-10-08T20:04:04+00:00,2026020057,2026-10-08,player_assists,under:8476902,E. Lindell Under 0.5,0.5,0.756713605219037,0.7701298701298701,0.0,,1.25,-0.013416264910833114,-0.05410799347620379,1,,,0.27954900155933204,2026-10-08T20:03:31+00:00,8476902.0
2026-10-08-late-2004,2026-10-08T20:04:04+00:00,2026020057,2026-10-08,player_assists,under:8478420,M. Rantanen Under 0.5,0.5,0.608786642864035,0.4893162393162416,0.0,,1.95,0.11947040354779348,0.18713395358486828,2,,,0.4987585940817826,2026-10-08T20:03:31+00:00,8478420.0
2026-10-08-late-2004,2026-10-08T20:04:04+00:00,2026020057,2026-10-08,player_assists,under:8478449,R. Hintz Under 0.5,0.5,0.6928214538328479,0.5966616099072821,0.0,,1.59,0.09615984392556576,0.1015861115942282,2,,,0.36833302124641015,2026-10-08T20:03:31+00:00,8478449.0
2026-10-08-late-2004,2026-10-08T20:04:04+00:00,2026020057,2026-10-08,player_assists,under:8479351,S. Steel Under 0.5,0.5,0.7726966868313686,0.7878848460615869,0.0,,1.22,-0.015188159230218296,-0.057310042065730316,1,,,0.258534799084446,2026-10-08T20:03:31+00:00,8479351.0
2026-10-08-late-2004,2026-10-08T20:04:04+00:00,2026020057,2026-10-08,player_assists,under:8479359,B. Malenstyn Under 0.5,0.5,0.9006585695776297,0.9117341640706217,0.0,,1.07,-0.01107559449299203,-0.03629533055193618,1,,,0.10473858803525224,2026-10-08T20:03:31+00:00,8479359.0
2026-10-08-late-2004,2026-10-08T20:04:04+00:00,2026020057,2026-10-08,player_assists,under:8479420,T. Thompson Under 0.5,0.5,0.6300927135602175,0.594708408610364,0.0,,1.61,0.03538430494985345,0.01444926883195019,2,,,0.46402829862324574,2026-10-08T20:03:31+00:00,8479420.0
2026-10-08-late-2004,2026-10-08T20:04:04+00:00,2026020057,2026-10-08,player_assists,under:8479941,J. Danforth Under 0.5,0.5,0.8562697549518401,0.8735273735275159,0.0,,1.11,-0.01725761857567576,-0.049540572003457406,1,,,0.15541084418859896,2026-10-08T20:03:31+00:00,8479941.0
2026-10-08-late-2004,2026-10-08T20:04:04+00:00,2026020057,2026-10-08,player_assists,under:8480027,J. Robertson Under 0.5,0.5,0.6250696427311506,0.5911907653619485,0.0,,1.65,0.03387887736920214,0.03136491050639845,2,,,0.4721071269997671,2026-10-08T20:03:31+00:00,8480027.0
2026-10-08-late-2004,2026-10-08T20:04:04+00:00,2026020057,2026-10-08,player_assists,under:8480036,M. Heiskanen Under 0.5,0.5,0.6778236821646936,0.518678160919537,0.0,,1.87,0.15914552124515657,0.2675302856479771,2,,,0.3903841924090724,2026-10-08T20:03:31+00:00,8480036.0
2026-10-08-late-2004,2026-10-08T20:04:04+00:00,2026020057,2026-10-08,player_assists,under:8480064,J. Norris Under 0.5,0.5,0.7136188059830764,0.6954887218045066,0.0,,1.4,0.01813008417856976,-0.0009336716236931775,2,,,0.3385473398836265,2026-10-08T20:03:31+00:00,8480064.0
2026-10-08-late-2004,2026-10-08T20:04:04+00:00,2026020057,2026-10-08,player_assists,under:8480802,R. McLeod Under 0.5,0.5,0.7105732825985096,0.7684210526315693,0.0,,1.25,-0.05784777003305977,-0.111783396751863,1,,,0.3428533324501968,2026-10-08T20:03:31+00:00,8480802.0
2026-10-08-late-2004,2026-10-08T20:04:04+00:00,2026020057,2026-10-08,player_assists,under:8480807,M. Samuelsson Under 0.5,0.5,0.7472348771168505,0.7782258064516385,0.0,,1.24,-0.03099092933478792,-0.07342875237510532,1,,,0.29222636574072763,2026-10-08T20:03:31+00:00,8480807.0
2026-10-08-late-2004,2026-10-08T20:04:04+00:00,2026020057,2026-10-08,player_assists,under:8480839,R. Dahlin Under 0.5,0.5,0.6096043024453286,0.5086441517876328,0.0,,1.83,0.10096015065769581,0.11557587347495135,2,,,0.497403027677846,2026-10-08T20:03:31+00:00,8480839.0
2026-10-08-late-2004,2026-10-08T20:04:04+00:00,2026020057,2026-10-08,player_assists,under:8480840,O. Bäck Under 0.5,0.5,0.8386791634588597,0.9117341640706217,0.0,,1.07,-0.07305500061176198,-0.10261329509902004,1,,,0.17623691574107786,2026-10-08T20:03:31+00:00,8480840.0
2026-10-08-late-2004,2026-10-08T20:04:04+00:00,2026020057,2026-10-08,player_assists,under:8480878,N. Lundkvist Under 0.5,0.5,0.8568027910475337,0.8920489296635441,0.0,,1.09,-0.035246138616010406,-0.06608495775818825,1,,,0.15478659791423713,2026-10-08T20:03:31+00:00,8480878.0
2026-10-08-late-2004,2026-10-08T20:04:04+00:00,2026020057,2026-10-08,player_assists,under:8481522,P. Krebs Under 0.5,0.5,0.7498236645864487,0.7782258064516385,0.0,,1.24,-0.0284021418651898,-0.07021865591280366,1,,,0.2887477706462994,2026-10-08T20:03:31+00:00,8481522.0
2026-10-08-late-2004,2026-10-08T20:04:04+00:00,2026020057,2026-10-08,player_assists,under:8481581,T. Harley Under 0.5,0.5,0.7149550822303977,0.699130639097725,0.0,,1.4,0.015824443132672728,0.0009371151225567309,2,,,0.33666392406822737,2026-10-08T20:03:31+00:00,8481581.0
2026-10-08-late-2004,2026-10-08T20:04:04+00:00,2026020057,2026-10-08,player_assists,under:8481806,L. Crevier Under 0.5,0.5,0.767753592631424,0.9084661902143838,0.0,,1.07,-0.1407125975829599,-0.17850365588437633,1,,,0.26498614574298845,2026-10-08T20:03:31+00:00,8481806.0
2026-10-08-late-2004,2026-10-08T20:04:04+00:00,2026020057,2026-10-08,player_assists,under:8482097,J. Quinn Under 0.5,0.5,0.750425194451048,0.6840888985295974,0.0,,1.43,0.06633629592145063,0.07310802806499866,2,,,0.287941239316528,2026-10-08T20:03:31+00:00,8482097.0
2026-10-08-late-2004,2026-10-08T20:04:04+00:00,2026020057,2026-10-08,player_assists,under:8482659,J. Doan Under 0.5,0.5,0.781362523229844,0.7192684766214688,0.0,,1.36,0.06209404660837525,0.06265303159258795,2,,,0.24732574909463884,2026-10-08T20:03:31+00:00,8482659.0
2026-10-08-late-2004,2026-10-08T20:04:04+00:00,2026020057,2026-10-08,player_assists,under:8482671,O. Power Under 0.5,0.5,0.64408131598806,0.7042200586702154,0.0,,1.36,-0.060138742682155466,-0.12404941025623839,2,,,0.4418713691629801,2026-10-08T20:03:31+00:00,8482671.0
2026-10-08-late-2004,2026-10-08T20:04:04+00:00,2026020057,2026-10-08,player_assists,under:8482740,W. Johnston Under 0.5,0.5,0.6744221362719995,0.6076904895752488,0.0,,1.61,0.06673164669675069,0.08581963939791931,2,,,0.3954546962250048,2026-10-08T20:03:31+00:00,8482740.0
2026-10-08-late-2004,2026-10-08T20:04:04+00:00,2026020057,2026-10-08,player_assists,under:8482803,O. Zellweger Under 0.5,0.5,0.8744001204284576,0.8273504273503787,0.0,,1.17,0.047049693078078936,0.02304814090129534,1,,,0.13439750826885158,2026-10-08T20:03:31+00:00,8482803.0
2026-10-08-late-2004,2026-10-08T20:04:04+00:00,2026020057,2026-10-08,player_assists,under:8483425,L. Bichsel Under 0.5,0.5,0.8843295906713238,0.8920489296635441,0.0,,1.09,-0.007719338992220284,-0.036080746168257016,1,,,0.12307667626669384,2026-10-08T20:03:31+00:00,8483425.0
2026-10-08-late-2004,2026-10-08T20:04:04+00:00,2026020057,2026-10-08,player_assists,under:8483468,J.Kulich Under 0.5,0.5,0.7826774721596405,0.7969440707284859,0.0,,1.21,-0.014266598568845518,-0.05296025868683507,1,,,0.24563598228570263,2026-10-08T20:03:31+00:00,8483468.0
2026-10-08-late-2004,2026-10-08T20:04:04+00:00,2026020057,2026-10-08,player_assists,under:8483500,N. Ostlund Under 0.5,0.5,0.712303005963767,0.7009296185517936,0.0,,1.36,0.011373387411973468,-0.031267911889276745,2,,,0.34040541378996897,2026-10-08T20:03:31+00:00,8483500.0
2026-10-08-late-2004,2026-10-08T20:04:04+00:00,2026020057,2026-10-08,player_assists,under:8484145,Z. Benson Under 0.5,0.5,0.6679952825842083,0.7076922808924893,0.0,,1.36,-0.039696998308280995,-0.0915264156854767,2,,,0.4051064691646344,2026-10-08T20:03:31+00:00,8484145.0
2026-10-08-late-2004,2026-10-08T20:04:04+00:00,2026020057,2026-10-08,player_assists,under:8484305,Z. Metsa Under 0.5,0.5,0.8688145238776012,0.8735273735275159,0.0,,1.11,-0.004712849649914697,-0.03561587849586262,1,,,0.1408235539286609,2026-10-08T20:03:31+00:00,8484305.0
2026-10-08-late-2004,2026-10-08T20:04:04+00:00,2026020057,2026-10-08,player_assists,under:8484797,K. Helenius Under 0.5,0.5,0.8363346461411995,0.8253096110239467,0.0,,1.17,0.011025035117252752,-0.021488464014796704,1,,,0.17904626395752482,2026-10-08T20:03:31+00:00,8484797.0
2026-10-08-late-2004,2026-10-08T20:04:04+00:00,2026020057,2026-10-08,player_assists,under:8484829,J. Hryckowian Under 0.5,0.5,0.7896051104266244,0.7090800477897514,0.0,,1.35,0.08052506263687303,0.065966899075943,1,,,0.23678120835229965,2026-10-08T20:03:31+00:00,8484829.0
2026-10-08-late-2004,2026-10-08T20:04:04+00:00,2026020057,2026-10-08,player_assists,under:8484938,A. Hyry Under 0.5,0.5,0.8714115647678249,0.8920489296635441,0.0,,1.09,-0.02063736489571917,-0.05016139440307081,1,,,0.13783051802373422,2026-10-08T20:03:31+00:00,8484938.0
2026-10-08-late-2004,2026-10-08T20:04:04+00:00,2026020057,2026-10-08,player_goals,over:8473994,J. Benn to score (anytime),0.5,0.13772711379335123,0.17792112206485866,0.0,,5.75,-0.04019400827150743,-0.2080690956882304,5,,,0.14873380201471664,2026-10-08T20:03:31+00:00,8473994.0
2026-10-08-late-2004,2026-10-08T20:04:04+00:00,2026020057,2026-10-08,player_goals,over:8474574,T. Myers to score (anytime),0.5,0.029503247391368004,0.06402312196226674,0.0,,23.0,-0.03451987457089874,-0.3214253099985359,4,,,0.029969654578305544,2026-10-08T20:03:31+00:00,8474574.0
2026-10-08-late-2004,2026-10-08T20:04:04+00:00,2026020057,2026-10-08,player_goals,over:8475794,T. Seguin to score (anytime),0.5,0.14435879195815682,0.2171144067485616,0.0,,4.6,-0.0727556147904048,-0.33594955699247864,5,,,0.1565133747226978,2026-10-08T20:03:31+00:00,8475794.0
2026-10-08-late-2004,2026-10-08T20:04:04+00:00,2026020057,2026-10-08,player_goals,over:8476278,C. Blackwell to score (anytime),0.5,0.0916803380474972,0.1018512012117521,0.0,,9.5,-0.010170863164254904,-0.12903678854877654,4,,,0.09639044605467913,2026-10-08T20:03:31+00:00,8476278.0
2026-10-08-late-2004,2026-10-08T20:04:04+00:00,2026020057,2026-10-08,player_goals,over:8476889,R. Faksa to score (anytime),0.5,0.05790050736791463,0.08263076487375552,0.0,,13.0,-0.02473025750584089,-0.24729340421710977,5,,,0.05973341628866364,2026-10-08T20:03:31+00:00,8476889.0
2026-10-08-late-2004,2026-10-08T20:04:04+00:00,2026020057,2026-10-08,player_goals,over:8476902,E. Lindell to score (anytime),0.5,0.10016413514387001,0.08694420843953554,0.0,,15.0,0.013219926704334473,0.5024620271580502,5,,,0.10582187780129372,2026-10-08T20:03:31+00:00,8476902.0
2026-10-08-late-2004,2026-10-08T20:04:04+00:00,2026020057,2026-10-08,player_goals,over:8478420,M. Rantanen to score (anytime),0.5,0.22956319663985825,0.3056669245698712,0.0,,3.15,-0.07610372793001297,-0.27687593058444654,5,,,0.2625054483114814,2026-10-08T20:03:31+00:00,8478420.0
2026-10-08-late-2004,2026-10-08T20:04:04+00:00,2026020057,2026-10-08,player_goals,over:8478449,R. Hintz to score (anytime),0.5,0.14737691714311218,0.27902866595604114,0.0,,3.4,-0.13165174881292896,-0.49891848171341857,5,,,0.16007490315228112,2026-10-08T20:03:31+00:00,8478449.0
2026-10-08-late-2004,2026-10-08T20:04:04+00:00,2026020057,2026-10-08,player_goals,over:8479351,S. Steel to score (anytime),0.5,0.14042176327010847,0.16105738196584912,0.0,,6.1,-0.020635618695740654,-0.14342724405233842,5,,,0.1518872725581069,2026-10-08T20:03:31+00:00,8479351.0
2026-10-08-late-2004,2026-10-08T20:04:04+00:00,2026020057,2026-10-08,player_goals,over:8479359,B. Malenstyn to score (anytime),0.5,0.08191043432467504,0.07736067264714155,0.0,,13.0,0.004549761677533487,0.06483564622077553,5,,,0.08564317405651993,2026-10-08T20:03:31+00:00,8479359.0
2026-10-08-late-2004,2026-10-08T20:04:04+00:00,2026020057,2026-10-08,player_goals,over:8479420,T. Thompson to score (anytime),0.5,0.31204183414790243,0.36266002318259927,0.0,,2.65,-0.05061818903469684,-0.1730891395080586,5,,,0.3775465623303099,2026-10-08T20:03:31+00:00,8479420.0
2026-10-08-late-2004,2026-10-08T20:04:04+00:00,2026020057,2026-10-08,player_goals,over:8479941,J. Danforth to score (anytime),0.5,0.09745369154513239,0.08566511370249688,0.0,,13.0,0.011788577842635511,0.2668979900867211,5,,,0.10279856561321242,2026-10-08T20:03:31+00:00,8479941.0
2026-10-08-late-2004,2026-10-08T20:04:04+00:00,2026020057,2026-10-08,player_goals,over:8480027,J. Robertson to score (anytime),0.5,0.3169532904534039,0.3806016829402849,0.0,,2.5,-0.06364839248688098,-0.2076167738664902,5,,,0.38484790666645746,2026-10-08T20:03:31+00:00,8480027.0
2026-10-08-late-2004,2026-10-08T20:04:04+00:00,2026020057,2026-10-08,player_goals,over:8480036,M. Heiskanen to score (anytime),0.5,0.17543523935088856,0.15517066233238522,0.0,,6.4,0.020264577018503344,0.12278553184568686,5,,,0.19383284904147724,2026-10-08T20:03:31+00:00,8480036.0
2026-10-08-late-2004,2026-10-08T20:04:04+00:00,2026020057,2026-10-08,player_goals,over:8480064,J. Norris to score (anytime),0.5,0.1919797864410565,0.24849353567225788,0.0,,3.95,-0.056513749231201366,-0.2416798435578268,5,,,0.21430826789569163,2026-10-08T20:03:31+00:00,8480064.0
2026-10-08-late-2004,2026-10-08T20:04:04+00:00,2026020057,2026-10-08,player_goals,over:8480802,R. McLeod to score (anytime),0.5,0.1602409178550267,0.15883219282477215,0.0,,6.1,0.0014087250302545484,-0.022530401084337237,5,,,0.1754049397284946,2026-10-08T20:03:31+00:00,8480802.0
2026-10-08-late-2004,2026-10-08T20:04:04+00:00,2026020057,2026-10-08,player_goals,over:8480807,M. Samuelsson to score (anytime),0.5,0.15590309762061505,0.0944105516889869,0.0,,13.0,0.061492545931628145,1.0267402690679956,5,,,0.17020816504324288,2026-10-08T20:03:31+00:00,8480807.0
2026-10-08-late-2004,2026-10-08T20:04:04+00:00,2026020057,2026-10-08,player_goals,over:8480839,R. Dahlin to score (anytime),0.5,0.25348294746704125,0.20187339785860298,0.0,,5.1,0.05160954960843828,0.29276303208191035,5,,,0.29448378722097557,2026-10-08T20:03:31+00:00,8480839.0
2026-10-08-late-2004,2026-10-08T20:04:04+00:00,2026020057,2026-10-08,player_goals,over:8480840,O. Bäck to score (anytime),0.5,0.06511425606700127,0.09292732189928452,0.0,,13.0,-0.02781306583228324,-0.15351467112898343,5,,,0.06744441989523815,2026-10-08T20:03:31+00:00,8480840.0
2026-10-08-late-2004,2026-10-08T20:04:04+00:00,2026020057,2026-10-08,player_goals,over:8480878,N. Lundkvist to score (anytime),0.5,0.040303055497068474,0.06463956299030515,0.0,,21.0,-0.02433650749323668,-0.15363583456156205,5,,,0.041180064005299936,2026-10-08T20:03:31+00:00,8480878.0
2026-10-08-late-2004,2026-10-08T20:04:04+00:00,2026020057,2026-10-08,player_goals,over:8481522,P. Krebs to score (anytime),0.5,0.1473156748110389,0.12157113240046387,0.0,,8.5,0.02574454241057504,0.25218323589383074,5,,,0.160002502846062,2026-10-08T20:03:31+00:00,8481522.0
2026-10-08-late-2004,2026-10-08T20:04:04+00:00,2026020057,2026-10-08,player_goals,over:8481581,T. Harley to score (anytime),0.5,0.08133506621612985,0.12087463867066273,0.0,,8.5,-0.03953957245453288,-0.3086519371628963,5,,,0.0850139959111626,2026-10-08T20:03:31+00:00,8481581.0
2026-10-08-late-2004,2026-10-08T20:04:04+00:00,2026020057,2026-10-08,player_goals,over:8481806,L. Crevier to score (anytime),0.5,0.13486617884397867,0.07185506601394451,0.0,,16.0,0.06301111283003416,1.157858861503659,4,,,0.14539703737724313,2026-10-08T20:03:31+00:00,8481806.0
2026-10-08-late-2004,2026-10-08T20:04:04+00:00,2026020057,2026-10-08,player_goals,over:8482097,J. Quinn to score (anytime),0.5,0.25964955969504633,0.27464202589591374,0.0,,3.65,-0.014992466200867416,-0.052279107113080925,5,,,0.3029024853108521,2026-10-08T20:03:31+00:00,8482097.0
2026-10-08-late-2004,2026-10-08T20:04:04+00:00,2026020057,2026-10-08,player_goals,over:8482659,J. Doan to score (anytime),0.5,0.1792068569165327,0.23910972395130137,0.0,,4.1,-0.05990286703476866,-0.265251886642216,4,,,0.19846237542009662,2026-10-08T20:03:31+00:00,8482659.0
2026-10-08-late-2004,2026-10-08T20:04:04+00:00,2026020057,2026-10-08,player_goals,over:8482671,O. Power to score (anytime),0.5,0.1632872263399131,0.10398495280298467,0.0,,10.5,0.059302273536928435,0.7145158765690877,5,,,0.17907133943658607,2026-10-08T20:03:31+00:00,8482671.0
2026-10-08-late-2004,2026-10-08T20:04:04+00:00,2026020057,2026-10-08,player_goals,over:8482740,W. Johnston to score (anytime),0.5,0.2859152242958529,0.3491315786058221,0.0,,2.75,-0.06321635430996919,-0.21373313318640452,5,,,0.33960464395656287,2026-10-08T20:03:31+00:00,8482740.0
2026-10-08-late-2004,2026-10-08T20:04:04+00:00,2026020057,2026-10-08,player_goals,over:8482803,O. Zellweger to score (anytime),0.5,0.042032452606692194,0.08736434904659204,0.0,,13.0,-0.04533189643989985,-0.4535781161130015,5,,,0.04298750901408989,2026-10-08T20:03:31+00:00,8482803.0
2026-10-08-late-2004,2026-10-08T20:04:04+00:00,2026020057,2026-10-08,player_goals,over:8483425,L. Bichsel to score (anytime),0.5,0.07520665943552696,0.07288470397176741,0.0,,19.0,0.002321955463759545,0.4289265292750122,5,,,0.07833800365697254,2026-10-08T20:03:31+00:00,8483425.0
2026-10-08-late-2004,2026-10-08T20:04:04+00:00,2026020057,2026-10-08,player_goals,over:8483468,J.Kulich to score (anytime),0.5,0.18673966349267257,0.16280429730246876,0.0,,6.0,0.02393536619020381,0.12043798095603542,5,,,0.2077758566369388,2026-10-08T20:03:31+00:00,8483468.0
2026-10-08-late-2004,2026-10-08T20:04:04+00:00,2026020057,2026-10-08,player_goals,over:8483500,N. Ostlund to score (anytime),0.5,0.1708605132362091,0.19891284973915874,0.0,,5.0,-0.028052336502949637,-0.1456974338189545,5,,,0.1882472847874201,2026-10-08T20:03:31+00:00,8483500.0
2026-10-08-late-2004,2026-10-08T20:04:04+00:00,2026020057,2026-10-08,player_goals,over:8484145,Z. Benson to score (anytime),0.5,0.2184847999434263,0.23175404614222264,0.0,,4.3,-0.013269246198796353,-0.06051536024326698,5,,,0.24804625223996504,2026-10-08T20:03:31+00:00,8484145.0
2026-10-08-late-2004,2026-10-08T20:04:04+00:00,2026020057,2026-10-08,player_goals,over:8484305,Z. Metsa to score (anytime),0.5,0.04551130674990844,0.07391316764598788,0.0,,16.5,-0.028401860896079434,-0.2490634386265107,4,,,0.04663376495315582,2026-10-08T20:03:31+00:00,8484305.0
2026-10-08-late-2004,2026-10-08T20:04:04+00:00,2026020057,2026-10-08,player_goals,over:8484797,K. Helenius to score (anytime),0.5,0.13517682822001276,0.1833248167576291,0.0,,5.5,-0.04814798853761634,-0.25652744478992984,5,,,0.1457587926868734,2026-10-08T20:03:31+00:00,8484797.0
2026-10-08-late-2004,2026-10-08T20:04:04+00:00,2026020057,2026-10-08,player_goals,over:8484829,J. Hryckowian to score (anytime),0.5,0.1690805916649597,0.16967790481523887,0.0,,6.1,-0.0005973131502791662,0.03139160915625416,5,,,0.18608280831193835,2026-10-08T20:03:31+00:00,8484829.0
2026-10-08-late-2004,2026-10-08T20:04:04+00:00,2026020057,2026-10-08,player_goals,over:8484938,A. Hyry to score (anytime),0.5,0.12713350901248155,0.10565721615749102,0.0,,9.0,0.02147629285499053,0.14420158111233394,5,,,0.13643592952941522,2026-10-08T20:03:31+00:00,8484938.0
2026-10-08-late-2004,2026-10-08T20:04:04+00:00,2026020057,2026-10-08,player_points,over:8473994,J. Benn Over 0.5,0.5,0.30457804845424785,0.3886179457193566,0.0,,2.5,-0.08403989726510874,-0.23855487886438037,3,,,0.3645591014735204,2026-10-08T20:03:31+00:00,8473994.0
2026-10-08-late-2004,2026-10-08T20:04:04+00:00,2026020057,2026-10-08,player_points,over:8474574,T. Myers Over 0.5,0.5,0.16565978679319715,0.12647262647248414,0.0,,6.5,0.03918716032071301,0.07678861415578153,1,,,0.1814424496417717,2026-10-08T20:03:31+00:00,8474574.0
2026-10-08-late-2004,2026-10-08T20:04:04+00:00,2026020057,2026-10-08,player_points,over:8475794,T. Seguin Over 0.5,0.5,0.3493194955365364,0.40100047719857695,0.0,,2.45,-0.05168098166204055,-0.14416723593548575,3,,,0.4315885707997472,2026-10-08T20:03:31+00:00,8475794.0
2026-10-08-late-2004,2026-10-08T20:04:04+00:00,2026020057,2026-10-08,player_points,over:8476278,C. Blackwell Over 0.5,0.5,0.21935349324143372,0.19696969696970473,0.0,,4.4,0.022383796271728984,-0.034844629737691535,1,,,0.24824708167458867,2026-10-08T20:03:31+00:00,8476278.0
2026-10-08-late-2004,2026-10-08T20:04:04+00:00,2026020057,2026-10-08,player_points,over:8476889,R. Faksa Over 0.5,0.5,0.1835652071517777,0.14836003051117072,0.0,,5.75,0.03520517664060699,0.05549994112272183,1,,,0.20322010001937965,2026-10-08T20:03:31+00:00,8476889.0
2026-10-08-late-2004,2026-10-08T20:04:04+00:00,2026020057,2026-10-08,player_points,over:8476902,E. Lindell Over 0.5,0.5,0.30984662690329845,0.2729664410246565,0.0,,3.33,0.03688018587864195,0.03178926758798384,2,,,0.3722200661461505,2026-10-08T20:03:31+00:00,8476902.0
2026-10-08-late-2004,2026-10-08T20:04:04+00:00,2026020057,2026-10-08,player_points,over:8478420,M. Rantanen Over 0.5,0.5,0.532263402629851,0.6590628321438503,0.0,,1.48,-0.12679942951399936,-0.2122501641078206,3,,,0.7656530465724093,2026-10-08T20:03:31+00:00,8478420.0
2026-10-08-late-2004,2026-10-08T20:04:04+00:00,2026020057,2026-10-08,player_points,over:8478449,R. Hintz Over 0.5,0.5,0.42480785522251596,0.5698394218717988,0.0,,1.67,-0.14503156664928285,-0.29057088177839835,3,,,0.5561210932294274,2026-10-08T20:03:31+00:00,8478449.0
2026-10-08-late-2004,2026-10-08T20:04:04+00:00,2026020057,2026-10-08,player_points,over:8479351,S. Steel Over 0.5,0.5,0.3298914557345234,0.3195554445554654,0.0,,2.86,0.010336011179057969,-0.056510436599263136,2,,,0.4019223842820458,2026-10-08T20:03:31+00:00,8479351.0
2026-10-08-late-2004,2026-10-08T20:04:04+00:00,2026020057,2026-10-08,player_points,over:8479359,B. Malenstyn Over 0.5,0.5,0.1582525185823146,0.13690476190480563,0.0,,6.0,0.02134775667750896,-0.050484888506112435,1,,,0.1725723416691043,2026-10-08T20:03:31+00:00,8479359.0
2026-10-08-late-2004,2026-10-08T20:04:04+00:00,2026020057,2026-10-08,player_points,over:8479420,T. Thompson Over 0.5,0.5,0.5686843071480985,0.6223178833578666,0.0,,1.54,-0.05363357620976816,-0.12422616699192834,3,,,0.8480261813155348,2026-10-08T20:03:31+00:00,8479420.0
2026-10-08-late-2004,2026-10-08T20:04:04+00:00,2026020057,2026-10-08,player_points,over:8479941,J. Danforth Over 0.5,0.5,0.2147103467720518,0.19696969696970473,0.0,,4.4,0.017740649802347075,-0.055274474202971935,1,,,0.2422877884292739,2026-10-08T20:03:31+00:00,8479941.0
2026-10-08-late-2004,2026-10-08T20:04:04+00:00,2026020057,2026-10-08,player_points,over:8480027,J. Robertson Over 0.5,0.5,0.5748950226668628,0.6283630648403103,0.0,,1.53,-0.05346804217344758,-0.12041061531969993,3,,,0.8627784628644476,2026-10-08T20:03:31+00:00,8480027.0
2026-10-08-late-2004,2026-10-08T20:04:04+00:00,2026020057,2026-10-08,player_points,over:8480036,M. Heiskanen Over 0.5,0.5,0.44130424846829464,0.5450761459880908,0.0,,1.76,-0.10377189751979621,-0.22330452269580142,3,,,0.5855524066585058,2026-10-08T20:03:31+00:00,8480036.0
2026-10-08-late-2004,2026-10-08T20:04:04+00:00,2026020057,2026-10-08,player_points,over:8480064,J. Norris Over 0.5,0.5,0.42569340684398926,0.4579365407370566,0.0,,2.15,-0.03224313389306732,-0.0847591752854231,3,,,0.5576790159028878,2026-10-08T20:03:31+00:00,8480064.0
2026-10-08-late-2004,2026-10-08T20:04:04+00:00,2026020057,2026-10-08,player_points,over:8480802,R. McLeod Over 0.5,0.5,0.39925050135488827,0.3393683229285184,0.0,,2.71,0.05988217842636989,0.08196885867174719,2,,,0.5121827724864664,2026-10-08T20:03:31+00:00,8480802.0
2026-10-08-late-2004,2026-10-08T20:04:04+00:00,2026020057,2026-10-08,player_points,over:8480807,M. Samuelsson Over 0.5,0.5,0.35258636375611396,0.28829875889094003,0.0,,3.2,0.06428760486517393,0.12827636401956477,2,,,0.4366656138128898,2026-10-08T20:03:31+00:00,8480807.0
2026-10-08-late-2004,2026-10-08T20:04:04+00:00,2026020057,2026-10-08,player_points,over:8480839,R. Dahlin Over 0.5,0.5,0.5528779796660555,0.5703472645980011,0.0,,1.69,-0.01746928493194566,-0.06563621436436634,3,,,0.8114376756787232,2026-10-08T20:03:31+00:00,8480839.0
2026-10-08-late-2004,2026-10-08T20:04:04+00:00,2026020057,2026-10-08,player_points,over:8480840,O. Bäck Over 0.5,0.5,0.2084077844462987,0.1604554865424443,0.0,,5.25,0.04795229790385441,0.09414086834306823,1,,,0.2342559496152744,2026-10-08T20:03:31+00:00,8480840.0
2026-10-08-late-2004,2026-10-08T20:04:04+00:00,2026020057,2026-10-08,player_points,over:8480878,N. Lundkvist Over 0.5,0.5,0.17173256789009161,0.14836003051117072,0.0,,5.75,0.023372537378920893,-0.012537734631973274,1,,,0.18877465538965435,2026-10-08T20:03:31+00:00,8480878.0
2026-10-08-late-2004,2026-10-08T20:04:04+00:00,2026020057,2026-10-08,player_points,over:8481522,P. Krebs Over 0.5,0.5,0.3645919153123687,0.2952307676036704,0.0,,3.09,0.06936114770869828,0.12658901831521918,2,,,0.4555505770799959,2026-10-08T20:03:31+00:00,8481522.0
2026-10-08-late-2004,2026-10-08T20:04:04+00:00,2026020057,2026-10-08,player_points,over:8481581,T. Harley Over 0.5,0.5,0.3413438981848147,0.3768039237065264,0.0,,2.55,-0.03546002552171168,-0.12957305962872256,3,,,0.4193021039402318,2026-10-08T20:03:31+00:00,8481581.0
2026-10-08-late-2004,2026-10-08T20:04:04+00:00,2026020057,2026-10-08,player_points,over:8481806,L. Crevier Over 0.5,0.5,0.3337307512080967,0.13690476190480563,0.0,,6.0,0.19682598930329107,1.0023845072485802,1,,,0.4077147440463455,2026-10-08T20:03:31+00:00,8481806.0
2026-10-08-late-2004,2026-10-08T20:04:04+00:00,2026020057,2026-10-08,player_points,over:8482097,J. Quinn Over 0.5,0.5,0.43570354515958853,0.49714762940981666,0.0,,1.93,-0.061444084250228126,-0.15909215784199415,3,,,0.5754619087893701,2026-10-08T20:03:31+00:00,8482097.0
2026-10-08-late-2004,2026-10-08T20:04:04+00:00,2026020057,2026-10-08,player_points,over:8482659,J. Doan Over 0.5,0.5,0.34645733443477433,0.43688426461972885,0.0,,2.2,-0.09042693018495451,-0.2377938642434964,3,,,0.4271618060869813,2026-10-08T20:03:31+00:00,8482659.0
2026-10-08-late-2004,2026-10-08T20:04:04+00:00,2026020057,2026-10-08,player_points,over:8482671,O. Power Over 0.5,0.5,0.4719475310085932,0.36196518945411715,0.0,,2.65,0.10998234155447606,0.2506609571727719,3,,,0.6426546251980312,2026-10-08T20:03:31+00:00,8482671.0
2026-10-08-late-2004,2026-10-08T20:04:04+00:00,2026020057,2026-10-08,player_points,over:8482740,W. Johnston Over 0.5,0.5,0.5124607961956315,0.6051390242068682,0.0,,1.62,-0.09267822801123671,-0.169813510163077,3,,,0.7235701427970106,2026-10-08T20:03:31+00:00,8482740.0
2026-10-08-late-2004,2026-10-08T20:04:04+00:00,2026020057,2026-10-08,player_points,over:8482803,O. Zellweger Over 0.5,0.5,0.16424708006421396,0.23650793650798818,0.0,,3.75,-0.07226085644377422,-0.38407344975919766,1,,,0.17974456878449135,2026-10-08T20:03:31+00:00,8482803.0
2026-10-08-late-2004,2026-10-08T20:04:04+00:00,2026020057,2026-10-08,player_points,over:8483425,L. Bichsel Over 0.5,0.5,0.16001433922577923,0.16521739130440577,0.0,,5.0,-0.0052030520786265355,-0.19992830387110383,1,,,0.1746748621208315,2026-10-08T20:03:31+00:00,8483425.0
2026-10-08-late-2004,2026-10-08T20:04:04+00:00,2026020057,2026-10-08,player_points,over:8483468,J.Kulich Over 0.5,0.5,0.35277951944602104,0.308633818683841,0.0,,2.95,0.04414570076218005,0.0406995823657621,2,,,0.43696661493619904,2026-10-08T20:03:31+00:00,8483468.0
2026-10-08-late-2004,2026-10-08T20:04:04+00:00,2026020057,2026-10-08,player_points,over:8483500,N. Ostlund Over 0.5,0.5,0.408713890445637,0.4033751097979185,0.0,,2.4,0.005338780647718477,-0.019086662930471232,3,,,0.5282259976413182,2026-10-08T20:03:31+00:00,8483500.0
2026-10-08-late-2004,2026-10-08T20:04:04+00:00,2026020057,2026-10-08,player_points,over:8484145,Z. Benson Over 0.5,0.5,0.47673361925443203,0.463304272775709,0.0,,2.1,0.013429346478723014,0.001140600434307304,3,,,0.6518774773796157,2026-10-08T20:03:31+00:00,8484145.0
2026-10-08-late-2004,2026-10-08T20:04:04+00:00,2026020057,2026-10-08,player_points,over:8484305,Z. Metsa Over 0.5,0.5,0.17294337688430061,0.17264957264962133,0.0,,5.0,0.0002938042346792846,-0.13528311557849693,1,,,0.19024312724379372,2026-10-08T20:03:31+00:00,8484305.0
2026-10-08-late-2004,2026-10-08T20:04:04+00:00,2026020057,2026-10-08,player_points,over:8484797,K. Helenius Over 0.5,0.5,0.26880836050403634,0.2952307676036704,0.0,,3.09,-0.02642240709963406,-0.16938216604252776,2,,,0.3140619308530156,2026-10-08T20:03:31+00:00,8484797.0
2026-10-08-late-2004,2026-10-08T20:04:04+00:00,2026020057,2026-10-08,player_points,over:8484829,J. Hryckowian Over 0.5,0.5,0.3270889179586032,0.40534135447998537,0.0,,2.3,-0.0782524365213822,-0.24769548869521274,2,,,0.397715517943461,2026-10-08T20:03:31+00:00,8484829.0
2026-10-08-late-2004,2026-10-08T20:04:04+00:00,2026020057,2026-10-08,player_points,over:8484938,A. Hyry Over 0.5,0.5,0.224269353154545,0.18265416516420716,0.0,,4.7,0.04161518799033784,0.05406595982636153,1,,,0.254595922484061,2026-10-08T20:03:31+00:00,8484938.0
2026-10-08-late-2004,2026-10-08T20:04:04+00:00,2026020057,2026-10-08,player_points,under:8473994,J. Benn Under 0.5,0.5,0.6954219515457521,0.6113820542806434,0.0,,1.62,0.08403989726510874,0.12658356150411854,3,,,0.3645591014735204,2026-10-08T20:03:31+00:00,8473994.0
2026-10-08-late-2004,2026-10-08T20:04:04+00:00,2026020057,2026-10-08,player_points,under:8474574,T. Myers Under 0.5,0.5,0.8343402132068028,0.8735273735275159,0.0,,1.11,-0.03918716032071301,-0.07388236334044876,1,,,0.1814424496417717,2026-10-08T20:03:31+00:00,8474574.0
2026-10-08-late-2004,2026-10-08T20:04:04+00:00,2026020057,2026-10-08,player_points,under:8475794,T. Seguin Under 0.5,0.5,0.6506805044634636,0.5989995228014231,0.0,,1.67,0.05168098166204055,0.08663644245398416,3,,,0.4315885707997472,2026-10-08T20:03:31+00:00,8475794.0
2026-10-08-late-2004,2026-10-08T20:04:04+00:00,2026020057,2026-10-08,player_points,under:8476278,C. Blackwell Under 0.5,0.5,0.7806465067585663,0.8030303030302952,0.0,,1.2,-0.022383796271728984,-0.0632241918897205,1,,,0.24824708167458867,2026-10-08T20:03:31+00:00,8476278.0
2026-10-08-late-2004,2026-10-08T20:04:04+00:00,2026020057,2026-10-08,player_points,under:8476889,R. Faksa Under 0.5,0.5,0.8164347928482223,0.8516399694888293,0.0,,1.14,-0.03520517664060699,-0.06926433615302667,1,,,0.20322010001937965,2026-10-08T20:03:31+00:00,8476889.0
2026-10-08-late-2004,2026-10-08T20:04:04+00:00,2026020057,2026-10-08,player_points,under:8476902,E. Lindell Under 0.5,0.5,0.6901533730967016,0.7270335589753435,0.0,,1.32,-0.03688018587864195,-0.08899754751235392,2,,,0.3722200661461505,2026-10-08T20:03:31+00:00,8476902.0
2026-10-08-late-2004,2026-10-08T20:04:04+00:00,2026020057,2026-10-08,player_points,under:8478420,M. Rantanen Under 0.5,0.5,0.46773659737014905,0.3409371678561497,0.0,,2.8,0.12679942951399936,0.3096624726364172,3,,,0.7656530465724093,2026-10-08T20:03:31+00:00,8478420.0
2026-10-08-late-2004,2026-10-08T20:04:04+00:00,2026020057,2026-10-08,player_points,under:8478449,R. Hintz Under 0.5,0.5,0.575192144777484,0.4301605781282012,0.0,,2.2,0.14503156664928285,0.26542271851046495,3,,,0.5561210932294274,2026-10-08T20:03:31+00:00,8478449.0
2026-10-08-late-2004,2026-10-08T20:04:04+00:00,2026020057,2026-10-08,player_points,under:8479351,S. Steel Under 0.5,0.5,0.6701085442654766,0.6804445554445346,0.0,,1.4,-0.010336011179057969,-0.061848038028332775,2,,,0.4019223842820458,2026-10-08T20:03:31+00:00,8479351.0
2026-10-08-late-2004,2026-10-08T20:04:04+00:00,2026020057,2026-10-08,player_points,under:8479359,B. Malenstyn Under 0.5,0.5,0.8417474814176854,0.8630952380951944,0.0,,1.12,-0.02134775667750896,-0.05724282081219226,1,,,0.1725723416691043,2026-10-08T20:03:31+00:00,8479359.0
2026-10-08-late-2004,2026-10-08T20:04:04+00:00,2026020057,2026-10-08,player_points,under:8479420,T. Thompson Under 0.5,0.5,0.4313156928519015,0.37768211664213336,0.0,,2.5,0.05363357620976816,0.0782892321297538,3,,,0.8480261813155348,2026-10-08T20:03:31+00:00,8479420.0
2026-10-08-late-2004,2026-10-08T20:04:04+00:00,2026020057,2026-10-08,player_points,under:8479941,J. Danforth Under 0.5,0.5,0.7852896532279482,0.8030303030302952,0.0,,1.2,-0.017740649802347075,-0.057652416126462214,1,,,0.2422877884292739,2026-10-08T20:03:31+00:00,8479941.0
2026-10-08-late-2004,2026-10-08T20:04:04+00:00,2026020057,2026-10-08,player_points,under:8480027,J. Robertson Under 0.5,0.5,0.42510497733313724,0.37163693515968965,0.0,,2.55,0.05346804217344758,0.08401769219949984,3,,,0.8627784628644476,2026-10-08T20:03:31+00:00,8480027.0
2026-10-08-late-2004,2026-10-08T20:04:04+00:00,2026020057,2026-10-08,player_points,under:8480036,M. Heiskanen Under 0.5,0.5,0.5586957515317054,0.45492385401190916,0.0,,2.1,0.10377189751979621,0.17326107821658132,3,,,0.5855524066585058,2026-10-08T20:03:31+00:00,8480036.0
2026-10-08-late-2004,2026-10-08T20:04:04+00:00,2026020057,2026-10-08,player_points,under:8480064,J. Norris Under 0.5,0.5,0.5743065931560107,0.5420634592629434,0.0,,1.78,0.03224313389306732,0.02226573581769914,3,,,0.5576790159028878,2026-10-08T20:03:31+00:00,8480064.0
2026-10-08-late-2004,2026-10-08T20:04:04+00:00,2026020057,2026-10-08,player_points,under:8480802,R. McLeod Under 0.5,0.5,0.6007494986451117,0.6606316770714816,0.0,,1.44,-0.05988217842636989,-0.13492072195103916,2,,,0.5121827724864664,2026-10-08T20:03:31+00:00,8480802.0
2026-10-08-late-2004,2026-10-08T20:04:04+00:00,2026020057,2026-10-08,player_points,under:8480807,M. Samuelsson Under 0.5,0.5,0.647413636243886,0.71170124110906,0.0,,1.36,-0.06428760486517393,-0.11951745470831493,2,,,0.4366656138128898,2026-10-08T20:03:31+00:00,8480807.0
2026-10-08-late-2004,2026-10-08T20:04:04+00:00,2026020057,2026-10-08,player_points,under:8480839,R. Dahlin Under 0.5,0.5,0.44712202033394455,0.4296527354019989,0.0,,2.25,0.01746928493194566,0.006024545751375232,3,,,0.8114376756787232,2026-10-08T20:03:31+00:00,8480839.0
2026-10-08-late-2004,2026-10-08T20:04:04+00:00,2026020057,2026-10-08,player_points,under:8480840,O. Bäck Under 0.5,0.5,0.7915922155537013,0.8395445134575557,0.0,,1.15,-0.04795229790385441,-0.08966895211324358,1,,,0.2342559496152744,2026-10-08T20:03:31+00:00,8480840.0
2026-10-08-late-2004,2026-10-08T20:04:04+00:00,2026020057,2026-10-08,player_points,under:8480878,N. Lundkvist Under 0.5,0.5,0.8282674321099084,0.8516399694888293,0.0,,1.14,-0.023372537378920893,-0.05577512739470453,1,,,0.18877465538965435,2026-10-08T20:03:31+00:00,8480878.0
2026-10-08-late-2004,2026-10-08T20:04:04+00:00,2026020057,2026-10-08,player_points,under:8481522,P. Krebs Under 0.5,0.5,0.6354080846876313,0.7047692323963296,0.0,,1.36,-0.06936114770869828,-0.13584500482482134,2,,,0.4555505770799959,2026-10-08T20:03:31+00:00,8481522.0
2026-10-08-late-2004,2026-10-08T20:04:04+00:00,2026020057,2026-10-08,player_points,under:8481581,T. Harley Under 0.5,0.5,0.6586561018151853,0.6231960762934736,0.0,,1.61,0.03546002552171168,0.06043632392244841,3,,,0.4193021039402318,2026-10-08T20:03:31+00:00,8481581.0
2026-10-08-late-2004,2026-10-08T20:04:04+00:00,2026020057,2026-10-08,player_points,under:8481806,L. Crevier Under 0.5,0.5,0.6662692487919033,0.8630952380951944,0.0,,1.12,-0.19682598930329107,-0.25377844135306826,1,,,0.4077147440463455,2026-10-08T20:03:31+00:00,8481806.0
2026-10-08-late-2004,2026-10-08T20:04:04+00:00,2026020057,2026-10-08,player_points,under:8482097,J. Quinn Under 0.5,0.5,0.5642964548404115,0.5028523705901833,0.0,,1.91,0.061444084250228126,0.07780622874518583,3,,,0.5754619087893701,2026-10-08T20:03:31+00:00,8482097.0
2026-10-08-late-2004,2026-10-08T20:04:04+00:00,2026020057,2026-10-08,player_points,under:8482659,J. Doan Under 0.5,0.5,0.6535426655652257,0.5631157353802712,0.0,,1.7,0.09042693018495451,0.11102253146088359,3,,,0.4271618060869813,2026-10-08T20:03:31+00:00,8482659.0
2026-10-08-late-2004,2026-10-08T20:04:04+00:00,2026020057,2026-10-08,player_points,under:8482671,O. Power Under 0.5,0.5,0.5280524689914068,0.6380348105458828,0.0,,1.53,-0.10998234155447606,-0.19207972244314758,3,,,0.6426546251980312,2026-10-08T20:03:31+00:00,8482671.0
2026-10-08-late-2004,2026-10-08T20:04:04+00:00,2026020057,2026-10-08,player_points,under:8482740,W. Johnston Under 0.5,0.5,0.48753920380436855,0.39486097579313184,0.0,,2.45,0.09267822801123671,0.19447104932070303,3,,,0.7235701427970106,2026-10-08T20:03:31+00:00,8482740.0
2026-10-08-late-2004,2026-10-08T20:04:04+00:00,2026020057,2026-10-08,player_points,under:8482803,O. Zellweger Under 0.5,0.5,0.835752919935786,0.7634920634920118,0.0,,1.26,0.07226085644377422,0.05304867911909042,1,,,0.17974456878449135,2026-10-08T20:03:31+00:00,8482803.0
2026-10-08-late-2004,2026-10-08T20:04:04+00:00,2026020057,2026-10-08,player_points,under:8483425,L. Bichsel Under 0.5,0.5,0.8399856607742208,0.8347826086955943,0.0,,1.15,0.0052030520786265355,-0.03401649010964619,1,,,0.1746748621208315,2026-10-08T20:03:31+00:00,8483425.0
2026-10-08-late-2004,2026-10-08T20:04:04+00:00,2026020057,2026-10-08,player_points,under:8483468,J.Kulich Under 0.5,0.5,0.647220480553979,0.691366181316159,0.0,,1.38,-0.04414570076218005,-0.10683573683550909,2,,,0.43696661493619904,2026-10-08T20:03:31+00:00,8483468.0
2026-10-08-late-2004,2026-10-08T20:04:04+00:00,2026020057,2026-10-08,player_points,under:8483500,N. Ostlund Under 0.5,0.5,0.591286109554363,0.5966248902020814,0.0,,1.65,-0.005338780647718477,-0.024377919235301082,3,,,0.5282259976413182,2026-10-08T20:03:31+00:00,8483500.0
2026-10-08-late-2004,2026-10-08T20:04:04+00:00,2026020057,2026-10-08,player_points,under:8484145,Z. Benson Under 0.5,0.5,0.523266380745568,0.5366957272242909,0.0,,1.83,-0.013429346478723014,-0.042422523235610576,3,,,0.6518774773796157,2026-10-08T20:03:31+00:00,8484145.0
2026-10-08-late-2004,2026-10-08T20:04:04+00:00,2026020057,2026-10-08,player_points,under:8484305,Z. Metsa Under 0.5,0.5,0.8270566231156994,0.8273504273503787,0.0,,1.17,-0.0002938042346792846,-0.03234375095463177,1,,,0.19024312724379372,2026-10-08T20:03:31+00:00,8484305.0
2026-10-08-late-2004,2026-10-08T20:04:04+00:00,2026020057,2026-10-08,player_points,under:8484797,K. Helenius Under 0.5,0.5,0.7311916394959637,0.7047692323963296,0.0,,1.36,0.02642240709963406,-0.005579370285489327,2,,,0.3140619308530156,2026-10-08T20:03:31+00:00,8484797.0
2026-10-08-late-2004,2026-10-08T20:04:04+00:00,2026020057,2026-10-08,player_points,under:8484829,J. Hryckowian Under 0.5,0.5,0.6729110820413968,0.5946586455200147,0.0,,1.59,0.0782524365213822,0.06992862044582099,2,,,0.397715517943461,2026-10-08T20:03:31+00:00,8484829.0
2026-10-08-late-2004,2026-10-08T20:04:04+00:00,2026020057,2026-10-08,player_points,under:8484938,A. Hyry Under 0.5,0.5,0.775730646845455,0.8173458348357928,0.0,,1.18,-0.04161518799033784,-0.08463783672236314,1,,,0.254595922484061,2026-10-08T20:03:31+00:00,8484938.0
2026-10-08-late-2004,2026-10-08T20:04:04+00:00,2026020057,2026-10-08,player_sog,over:8473994,J. Benn Over 1.5,1.5,0.28733992034547773,0.440872135994077,0.0,,2.05,-0.15353221564859926,-0.41095316329177073,1,,,1.066000987189211,2026-10-08T20:03:31+00:00,8473994.0
2026-10-08-late-2004,2026-10-08T20:04:04+00:00,2026020057,2026-10-08,player_sog,over:8475794,T. Seguin Over 1.5,1.5,0.3978960158372695,0.4766455597207408,0.0,,2.07,-0.07874954388347127,-0.17635524721685214,4,,,1.3912010674784496,2026-10-08T20:03:31+00:00,8475794.0
2026-10-08-late-2004,2026-10-08T20:04:04+00:00,2026020057,2026-10-08,player_sog,over:8478420,M. Rantanen Over 2.5,2.5,0.27089278637004066,0.40073879484634956,0.0,,2.42,-0.1298460084763089,-0.3444394569845016,5,,,1.7939631857904619,2026-10-08T20:03:31+00:00,8478420.0
2026-10-08-late-2004,2026-10-08T20:04:04+00:00,2026020057,2026-10-08,player_sog,over:8478449,R. Hintz Over 1.5,1.5,0.5166151929112696,0.6060827890343901,0.0,,1.57,-0.0894675961231205,-0.18891414712930676,3,,,1.7836022802001208,2026-10-08T20:03:31+00:00,8478449.0
2026-10-08-late-2004,2026-10-08T20:04:04+00:00,2026020057,2026-10-08,player_sog,over:8479420,T. Thompson Over 3.5,3.5,0.3875708106337066,0.42995459899957866,0.0,,2.22,-0.04238378836587209,-0.13959280039317135,5,,,3.1787725815152084,2026-10-08T20:03:31+00:00,8479420.0
2026-10-08-late-2004,2026-10-08T20:04:04+00:00,2026020057,2026-10-08,player_sog,over:8480027,J. Robertson Over 3.5,3.5,0.32282175942548497,0.40856518625250693,0.0,,2.34,-0.08574342682702196,-0.24459708294436522,4,,,2.855803565082382,2026-10-08T20:03:31+00:00,8480027.0
2026-10-08-late-2004,2026-10-08T20:04:04+00:00,2026020057,2026-10-08,player_sog,over:8480036,M. Heiskanen Over 1.5,1.5,0.4772219259459758,0.5916619804965092,0.0,,1.65,-0.11444005455053341,-0.21258382218914001,5,,,1.646389632759041,2026-10-08T20:03:31+00:00,8480036.0
2026-10-08-late-2004,2026-10-08T20:04:04+00:00,2026020057,2026-10-08,player_sog,over:8480064,J. Norris Over 1.5,1.5,0.41506145964097296,0.4584011616643229,0.0,,2.12,-0.04333970202334991,-0.12006970556113727,4,,,1.4444380489670807,2026-10-08T20:03:31+00:00,8480064.0
2026-10-08-late-2004,2026-10-08T20:04:04+00:00,2026020057,2026-10-08,player_sog,over:8480839,R. Dahlin Over 2.5,2.5,0.38582713368362054,0.4124260144894838,0.0,,2.3,-0.026598880805863256,-0.11259759252767287,5,,,2.2542022408060345,2026-10-08T20:03:31+00:00,8480839.0
2026-10-08-late-2004,2026-10-08T20:04:04+00:00,2026020057,2026-10-08,player_sog,over:8481581,T. Harley Over 1.5,1.5,0.433919677980962,0.4917026531738667,0.0,,1.95,-0.057782975192904706,-0.15385662793712418,4,,,1.5040855605337973,2026-10-08T20:03:31+00:00,8481581.0
2026-10-08-late-2004,2026-10-08T20:04:04+00:00,2026020057,2026-10-08,player_sog,over:8482097,J. Quinn Over 2.5,2.5,0.4936266168893694,0.4537213573461739,0.0,,2.1,0.03990525954319546,0.03661589546767574,4,,,2.718292281280803,2026-10-08T20:03:31+00:00,8482097.0
2026-10-08-late-2004,2026-10-08T20:04:04+00:00,2026020057,2026-10-08,player_sog,over:8482659,J. Doan Over 1.5,1.5,0.43244511588278833,0.545004061123282,0.0,,1.77,-0.1125589452404937,-0.23457214488746464,4,,,1.4993748434336476,2026-10-08T20:03:31+00:00,8482659.0
2026-10-08-late-2004,2026-10-08T20:04:04+00:00,2026020057,2026-10-08,player_sog,over:8482671,O. Power Over 1.5,1.5,0.3833553177520721,0.46611014713685817,0.0,,2.04,-0.08275482938478607,-0.2179551517857729,4,,,1.346816548690836,2026-10-08T20:03:31+00:00,8482671.0
2026-10-08-late-2004,2026-10-08T20:04:04+00:00,2026020057,2026-10-08,player_sog,over:8482740,W. Johnston Over 2.5,2.5,0.3831147389875065,0.46845504190022424,0.0,,2.1,-0.08534030291271777,-0.19545904812623638,5,,,2.2430794847249547,2026-10-08T20:03:31+00:00,8482740.0
2026-10-08-late-2004,2026-10-08T20:04:04+00:00,2026020057,2026-10-08,player_sog,over:8483468,J.Kulich Over 1.5,1.5,0.44997706772663437,0.4251832883746398,0.0,,2.22,0.02479377935199456,-0.0010509096468716006,3,,,1.5559312155586396,2026-10-08T20:03:31+00:00,8483468.0
2026-10-08-late-2004,2026-10-08T20:04:04+00:00,2026020057,2026-10-08,player_sog,over:8484145,Z. Benson Over 1.5,1.5,0.5414632781724953,0.5328965184414546,0.0,,1.91,0.008566759731040707,0.034194861309465974,4,,,1.8747247343800302,2026-10-08T20:03:31+00:00,8484145.0
2026-10-08-late-2004,2026-10-08T20:04:04+00:00,2026020057,2026-10-08,player_sog,under:8473994,J. Benn Under 1.5,1.5,0.7126600796545223,0.559127864005923,0.0,,1.65,0.15353221564859926,0.1758891314299617,1,,,1.066000987189211,2026-10-08T20:03:31+00:00,8473994.0
2026-10-08-late-2004,2026-10-08T20:04:04+00:00,2026020057,2026-10-08,player_sog,under:8475794,T. Seguin Under 1.5,1.5,0.6021039841627305,0.5233544402792591,0.0,,1.91,0.07874954388347127,0.15001860975081516,4,,,1.3912010674784496,2026-10-08T20:03:31+00:00,8475794.0
2026-10-08-late-2004,2026-10-08T20:04:04+00:00,2026020057,2026-10-08,player_sog,under:8478420,M. Rantanen Under 2.5,2.5,0.7291072136299593,0.5992612051536504,0.0,,1.61,0.1298460084763089,0.17386261394423463,5,,,1.7939631857904619,2026-10-08T20:03:31+00:00,8478420.0
2026-10-08-late-2004,2026-10-08T20:04:04+00:00,2026020057,2026-10-08,player_sog,under:8478449,R. Hintz Under 1.5,1.5,0.48338480708873044,0.39391721096560994,0.0,,2.35,0.0894675961231205,0.13595429665851655,3,,,1.7836022802001208,2026-10-08T20:03:31+00:00,8478449.0
2026-10-08-late-2004,2026-10-08T20:04:04+00:00,2026020057,2026-10-08,player_sog,under:8479420,T. Thompson Under 3.5,3.5,0.6124291893662934,0.5700454010004213,0.0,,1.71,0.04238378836587209,0.04725391381636174,5,,,3.1787725815152084,2026-10-08T20:03:31+00:00,8479420.0
2026-10-08-late-2004,2026-10-08T20:04:04+00:00,2026020057,2026-10-08,player_sog,under:8480027,J. Robertson Under 3.5,3.5,0.677178240574515,0.5914348137474931,0.0,,1.61,0.08574342682702196,0.0902569673249693,4,,,2.855803565082382,2026-10-08T20:03:31+00:00,8480027.0
2026-10-08-late-2004,2026-10-08T20:04:04+00:00,2026020057,2026-10-08,player_sog,under:8480036,M. Heiskanen Under 1.5,1.5,0.5227780740540242,0.4083380195034908,0.0,,2.3,0.11444005455053341,0.20238957032425564,5,,,1.646389632759041,2026-10-08T20:03:31+00:00,8480036.0
2026-10-08-late-2004,2026-10-08T20:04:04+00:00,2026020057,2026-10-08,player_sog,under:8480064,J. Norris Under 1.5,1.5,0.584938540359027,0.5415988383356771,0.0,,1.74,0.04333970202334991,0.017793060224707058,4,,,1.4444380489670807,2026-10-08T20:03:31+00:00,8480064.0
2026-10-08-late-2004,2026-10-08T20:04:04+00:00,2026020057,2026-10-08,player_sog,under:8480839,R. Dahlin Under 2.5,2.5,0.6141728663163795,0.5875739855105162,0.0,,1.69,0.026598880805863256,0.03795214407468128,5,,,2.2542022408060345,2026-10-08T20:03:31+00:00,8480839.0
2026-10-08-late-2004,2026-10-08T20:04:04+00:00,2026020057,2026-10-08,player_sog,under:8481581,T. Harley Under 1.5,1.5,0.566080322019038,0.5082973468261334,0.0,,1.91,0.057782975192904706,0.08121341505636259,4,,,1.5040855605337973,2026-10-08T20:03:31+00:00,8481581.0
2026-10-08-late-2004,2026-10-08T20:04:04+00:00,2026020057,2026-10-08,player_sog,under:8482097,J. Quinn Under 2.5,2.5,0.5063733831106306,0.5462786426538261,0.0,,1.75,-0.03990525954319546,-0.11384657955639643,4,,,2.718292281280803,2026-10-08T20:03:31+00:00,8482097.0
2026-10-08-late-2004,2026-10-08T20:04:04+00:00,2026020057,2026-10-08,player_sog,under:8482659,J. Doan Under 1.5,1.5,0.5675548841172117,0.45499593887671796,0.0,,2.15,0.1125589452404937,0.220243000852005,4,,,1.4993748434336476,2026-10-08T20:03:31+00:00,8482659.0
2026-10-08-late-2004,2026-10-08T20:04:04+00:00,2026020057,2026-10-08,player_sog,under:8482671,O. Power Under 1.5,1.5,0.6166446822479279,0.5338898528631418,0.0,,1.8,0.08275482938478607,0.10996042804627026,4,,,1.346816548690836,2026-10-08T20:03:31+00:00,8482671.0
2026-10-08-late-2004,2026-10-08T20:04:04+00:00,2026020057,2026-10-08,player_sog,under:8482740,W. Johnston Under 2.5,2.5,0.6168852610124935,0.5315449580997758,0.0,,1.87,0.08534030291271777,0.15357543809336294,5,,,2.2430794847249547,2026-10-08T20:03:31+00:00,8482740.0
2026-10-08-late-2004,2026-10-08T20:04:04+00:00,2026020057,2026-10-08,player_sog,under:8483468,J.Kulich Under 1.5,1.5,0.5500229322733656,0.5748167116253602,0.0,,1.67,-0.02479377935199456,-0.08146170310347944,3,,,1.5559312155586396,2026-10-08T20:03:31+00:00,8483468.0
2026-10-08-late-2004,2026-10-08T20:04:04+00:00,2026020057,2026-10-08,player_sog,under:8484145,Z. Benson Under 1.5,1.5,0.4585367218275047,0.4671034815585454,0.0,,2.1,-0.008566759731040707,-0.03707288416224008,4,,,1.8747247343800302,2026-10-08T20:03:31+00:00,8484145.0
2026-10-08-late-2004,2026-10-08T20:04:04+00:00,2026020057,2026-10-08,spreads,away,DAL -1.5,-1.5,0.2615985147105111,0.3005938036762492,0.0,,3.24,-0.03899528896573812,-0.15242081233794402,9,3.110522191328368,2.9043706516972194,6.128892008431647,2026-10-08T20:03:31+00:00,
2026-10-08-late-2004,2026-10-08T20:04:04+00:00,2026020057,2026-10-08,spreads,home,BUF +1.5,1.5,0.7384014852894889,0.6994061963237508,0.0,,1.43,0.03899528896573812,0.05591412396396911,9,3.110522191328368,2.9043706516972194,6.128892008431647,2026-10-08T20:03:31+00:00,
2026-10-08-late-2004,2026-10-08T20:04:04+00:00,2026020057,2026-10-08,totals,over,Over 6,6.0,0.5063297312317654,0.5011393041417551,0.12498625678263416,,1.93,0.0051904270900102745,-0.019935979502580803,6,3.110522191328368,2.9043706516972194,6.128892008431647,2026-10-08T20:03:31+00:00,
2026-10-08-late-2004,2026-10-08T20:04:04+00:00,2026020057,2026-10-08,totals,under,Under 6,6.0,0.4936702687682346,0.4988606958582449,0.12498625678263416,,1.95,-0.0051904270900102745,-0.032675617126834644,6,3.110522191328368,2.9043706516972194,6.128892008431647,2026-10-08T20:03:31+00:00,
2026-10-08-late-2004,2026-10-08T20:04:04+00:00,2026020058,2026-10-08,spreads,away,NSH +1.5,1.5,0.6825400484974131,0.6234232803156036,0.0,,1.57,0.059116768181809554,0.07158787614093864,9,3.1155595307676323,2.8928513399993983,6.122369560878609,2026-10-08T20:03:31+00:00,
2026-10-08-late-2004,2026-10-08T20:04:04+00:00,2026020058,2026-10-08,spreads,home,MTL -1.5,-1.5,0.31745995150258693,0.37657671968439643,0.0,,2.58,-0.0591167681818095,-0.18095332512332574,9,3.1155595307676323,2.8928513399993983,6.122369560878609,2026-10-08T20:03:31+00:00,
2026-10-08-late-2004,2026-10-08T20:04:04+00:00,2026020058,2026-10-08,totals,over,Over 6,6.0,0.5051000546407589,0.5260373942898356,0.12500262226166503,,1.83,-0.020937339649076736,-0.06620833908807344,5,3.1155595307676323,2.8928513399993983,6.122369560878609,2026-10-08T20:03:31+00:00,
2026-10-08-late-2004,2026-10-08T20:04:04+00:00,2026020058,2026-10-08,totals,under,Under 6,6.0,0.4948999453592411,0.47396260571016435,0.12500262226166503,,2.04,0.020937339649076736,0.008396377303314717,5,3.1155595307676323,2.8928513399993983,6.122369560878609,2026-10-08T20:03:31+00:00,
2026-10-08-late-2004,2026-10-08T20:04:04+00:00,2026020059,2026-10-08,spreads,away,PHI +1.5,1.5,0.6263149287821583,0.6226336169948737,0.0,,1.59,0.0036813117872845913,-0.004159263236368227,9,3.3922282185180657,2.679807162340732,6.17934330358132,2026-10-08T20:03:31+00:00,
2026-10-08-late-2004,2026-10-08T20:04:04+00:00,2026020059,2026-10-08,spreads,home,OTT -1.5,-1.5,0.37368507121784167,0.37736638300512626,0.0,,2.55,-0.0036813117872845913,-0.047103068394503844,9,3.3922282185180657,2.679807162340732,6.17934330358132,2026-10-08T20:03:31+00:00,
2026-10-08-late-2004,2026-10-08T20:04:04+00:00,2026020059,2026-10-08,totals,over,Over 5.5,5.5,0.5793737569529281,0.5102089840954296,0.0,,1.91,0.06916477285749856,0.10660387578009267,9,3.3922282185180657,2.679807162340732,6.17934330358132,2026-10-08T20:03:31+00:00,
2026-10-08-late-2004,2026-10-08T20:04:04+00:00,2026020059,2026-10-08,totals,under,Under 5.5,5.5,0.42062624304707186,0.4897910159045704,0.0,,1.96,-0.06916477285749856,-0.17557256362773915,9,3.3922282185180657,2.679807162340732,6.17934330358132,2026-10-08T20:03:31+00:00,
2026-10-08-late-2004,2026-10-08T20:04:04+00:00,2026020060,2026-10-08,spreads,away,MIN +1.5,1.5,0.6618994754474563,0.649987891998454,0.0,,1.51,0.011911583449002339,-0.0005317920743409532,9,3.2407768570363884,2.8422950220306364,6.195000677423572,2026-10-08T20:03:31+00:00,
2026-10-08-late-2004,2026-10-08T20:04:04+00:00,2026020060,2026-10-08,spreads,home,TBL -1.5,-1.5,0.3381005245525437,0.35001210800154603,0.0,,2.77,-0.011911583449002339,-0.06346154698945394,9,3.2407768570363884,2.8422950220306364,6.195000677423572,2026-10-08T20:03:31+00:00,
2026-10-08-late-2004,2026-10-08T20:04:04+00:00,2026020060,2026-10-08,totals,over,Over 6,6.0,0.5187441902133021,0.5147516075272204,0.1251692645768585,,1.87,0.003992582686081714,-0.026199749566273356,6,3.2407768570363884,2.8422950220306364,6.195000677423572,2026-10-08T20:03:31+00:00,
2026-10-08-late-2004,2026-10-08T20:04:04+00:00,2026020060,2026-10-08,totals,under,Under 6,6.0,0.4812558097866979,0.4852483924727796,0.1251692645768585,,1.99,-0.003992582686081714,-0.03700616115845223,6,3.2407768570363884,2.8422950220306364,6.195000677423572,2026-10-08T20:03:31+00:00,
2026-10-08-late-2004,2026-10-08T20:04:04+00:00,2026020061,2026-10-08,player_assists,over:8473533,J. Staal Over 0.5,0.5,0.268753832348972,0.3059697095619753,0.0,,2.95,-0.03721587721300329,-0.2071761945705326,2,,,0.313986890918657,2026-10-08T20:03:31+00:00,8473533.0
2026-10-08-late-2004,2026-10-08T20:04:04+00:00,2026020061,2026-10-08,player_assists,over:8475791,T. Hall Over 0.5,0.5,0.2958819930848391,0.32878752931223637,0.0,,2.9,-0.03290553622739728,-0.14194222005396662,2,,,0.3520428684190724,2026-10-08T20:03:31+00:00,8475791.0
2026-10-08-late-2004,2026-10-08T20:04:04+00:00,2026020061,2026-10-08,player_assists,over:8476467,J. Oleksiak Over 0.5,0.5,0.20706088846477888,0.1168831168830436,0.0,,7.0,0.09017777158173527,0.44942621925345216,1,,,0.23254795729321454,2026-10-08T20:03:31+00:00,8476467.0
2026-10-08-late-2004,2026-10-08T20:04:04+00:00,2026020061,2026-10-08,player_assists,over:8476906,S. Gostisbehere Over 0.5,0.5,0.29607949054744953,0.4540801575685317,0.0,,2.15,-0.15800066702108218,-0.3634290953229835,2,,,0.35232537286905796,2026-10-08T20:03:31+00:00,8476906.0
2026-10-08-late-2004,2026-10-08T20:04:04+00:00,2026020061,2026-10-08,player_assists,over:8476921,J. Martinook Over 0.5,0.5,0.23845353258153867,0.2479849304063286,0.0,,3.75,-0.009531397824789928,-0.10579925281922997,2,,,0.2731474768760068,2026-10-08T20:03:31+00:00,8476921.0
2026-10-08-late-2004,2026-10-08T20:04:04+00:00,2026020061,2026-10-08,player_assists,over:8476958,J. Slavin Over 0.5,0.5,0.3194521189399374,0.27631303565412735,0.0,,3.3,0.043139083285810065,0.05419199250179341,2,,,0.38634205516668024,2026-10-08T20:03:31+00:00,8476958.0
2026-10-08-late-2004,2026-10-08T20:04:04+00:00,2026020061,2026-10-08,player_assists,over:8477940,N. Ehlers Over 0.5,0.5,0.3683888007189674,0.413392336630985,0.0,,2.35,-0.04500353591201761,-0.1342863183104266,2,,,0.46159897750776197,2026-10-08T20:03:31+00:00,8477940.0
2026-10-08-late-2004,2026-10-08T20:04:04+00:00,2026020061,2026-10-08,player_assists,over:8478427,S. Aho Over 0.5,0.5,0.44481930428725613,0.5180708841374799,0.0,,1.83,-0.07325157985022379,-0.18598067315432126,2,,,0.5919381365632748,2026-10-08T20:03:31+00:00,8478427.0
2026-10-08-late-2004,2026-10-08T20:04:04+00:00,2026020061,2026-10-08,player_assists,over:8478444,B. Boeser Over 0.5,0.5,0.35066502926551724,0.30210944026735276,0.0,,3.15,0.04855558899816448,0.10459484218637927,2,,,0.4336765100171093,2026-10-08T20:03:31+00:00,8478444.0
2026-10-08-late-2004,2026-10-08T20:04:04+00:00,2026020061,2026-10-08,player_assists,over:8478498,J. DeBrusk Over 0.5,0.5,0.2175960038802237,0.25899819142783703,0.0,,3.4,-0.04140218754761332,-0.26017358680723945,2,,,0.2459871723288597,2026-10-08T20:03:31+00:00,8478498.0
2026-10-08-late-2004,2026-10-08T20:04:04+00:00,2026020061,2026-10-08,player_assists,over:8478970,J. Chatfield Over 0.5,0.5,0.22807082661549882,0.2624434389140076,0.0,,3.4,-0.0343726122985088,-0.22455918950730402,1,,,0.25953373322876516,2026-10-08T20:03:31+00:00,8478970.0
2026-10-08-late-2004,2026-10-08T20:04:04+00:00,2026020061,2026-10-08,player_assists,over:8479425,F. Hronek Over 0.5,0.5,0.4402586467799001,0.3915301410826922,0.0,,2.5,0.048728505697207936,0.1006466169497503,2,,,0.5836607896782096,2026-10-08T20:03:31+00:00,8479425.0
2026-10-08-late-2004,2026-10-08T20:04:04+00:00,2026020061,2026-10-08,player_assists,over:8480336,S. Walker Over 0.5,0.5,0.3051952761438269,0.30596970956190656,0.0,,2.95,-0.0007744334180796453,-0.09967393537571057,2,,,0.3654535362898706,2026-10-08T20:03:31+00:00,8480336.0
2026-10-08-late-2004,2026-10-08T20:04:04+00:00,2026020061,2026-10-08,player_assists,over:8480817,K. Miller Over 0.5,0.5,0.30981623880571185,0.33859280593131136,0.0,,2.75,-0.028776567125599506,-0.14800534328429238,2,,,0.372175708424338,2026-10-08T20:03:31+00:00,8480817.0
2026-10-08-late-2004,2026-10-08T20:04:04+00:00,2026020061,2026-10-08,player_assists,over:8480830,A. Svechnikov Over 0.5,0.5,0.3621601261751899,0.42866239622725627,0.0,,2.2,-0.06650227005206638,-0.20324772241458217,2,,,0.45169609700117574,2026-10-08T20:03:31+00:00,8480830.0
2026-10-08-late-2004,2026-10-08T20:04:04+00:00,2026020061,2026-10-08,player_assists,over:8481024,L. Karlsson Over 0.5,0.5,0.25001268540490074,0.22497932175345312,0.0,,3.9,0.02503336365144762,-0.024950526920887173,1,,,0.28852828335903125,2026-10-08T20:03:31+00:00,8481024.0
2026-10-08-late-2004,2026-10-08T20:04:04+00:00,2026020061,2026-10-08,player_assists,over:8482079,M. Rossi Over 0.5,0.5,0.28156105965589184,0.31460167322475985,0.0,,2.95,-0.033040613568868005,-0.169394874015119,2,,,0.33177043035168896,2026-10-08T20:03:31+00:00,8482079.0
2026-10-08-late-2004,2026-10-08T20:04:04+00:00,2026020061,2026-10-08,player_assists,over:8482702,L. Stankoven Over 0.5,0.5,0.3077497411919896,0.2936385746378922,0.0,,3.1,0.014111166554097387,-0.045975802304832225,2,,,0.3691638917318367,2026-10-08T20:03:31+00:00,8482702.0
2026-10-08-late-2004,2026-10-08T20:04:04+00:00,2026020061,2026-10-08,player_assists,over:8482809,J. Blake Over 0.5,0.5,0.40793306655959605,0.39022795724030745,0.0,,2.4,0.017705109319288592,-0.02096064025696953,2,,,0.5268923928957199,2026-10-08T20:03:31+00:00,8482809.0
2026-10-08-late-2004,2026-10-08T20:04:04+00:00,2026020061,2026-10-08,player_assists,over:8483476,J. Lekkerimäki Over 0.5,0.5,0.1279192438951623,0.18265416516420716,0.0,,4.7,-0.05473492126904486,-0.3987795536927372,1,,,0.13706076307780807,2026-10-08T20:03:31+00:00,8483476.0
2026-10-08-late-2004,2026-10-08T20:04:04+00:00,2026020061,2026-10-08,player_assists,over:8483499,L. Ohgren Over 0.5,0.5,0.2791836025780037,0.22987012987012992,0.0,,3.85,0.04931347270787376,0.07485686992531415,1,,,0.3284448834155305,2026-10-08T20:03:31+00:00,8483499.0
2026-10-08-late-2004,2026-10-08T20:04:04+00:00,2026020061,2026-10-08,player_assists,over:8484136,M. Sasson Over 0.5,0.5,0.16613965719949775,0.14085545722712203,0.0,,6.0,0.025284199972375715,-0.0031620568030135132,1,,,0.18201985571670468,2026-10-08T20:03:31+00:00,8484136.0
2026-10-08-late-2004,2026-10-08T20:04:04+00:00,2026020061,2026-10-08,player_assists,over:8484240,T. Willander Over 0.5,0.5,0.24956655274704254,0.22987012987012992,0.0,,3.85,0.019696422876912617,-0.039168771923886236,1,,,0.287930178544776,2026-10-08T20:03:31+00:00,8484240.0
2026-10-08-late-2004,2026-10-08T20:04:04+00:00,2026020061,2026-10-08,player_assists,over:8484798,Z. Buium Over 0.5,0.5,0.20468350541184477,0.1922005770474552,0.0,,4.6,0.012482928364389578,-0.05845587510551409,2,,,0.2295404181571857,2026-10-08T20:03:31+00:00,8484798.0
2026-10-08-late-2004,2026-10-08T20:04:04+00:00,2026020061,2026-10-08,player_assists,under:8473533,J. Staal Under 0.5,0.5,0.731246167651028,0.6940302904380247,0.0,,1.38,0.03721587721300329,0.009119711358418603,2,,,0.313986890918657,2026-10-08T20:03:31+00:00,8473533.0
2026-10-08-late-2004,2026-10-08T20:04:04+00:00,2026020061,2026-10-08,player_assists,under:8475791,T. Hall Under 0.5,0.5,0.7041180069151609,0.6712124706877636,0.0,,1.45,0.03290553622739728,0.020971110026983264,2,,,0.3520428684190724,2026-10-08T20:03:31+00:00,8475791.0
2026-10-08-late-2004,2026-10-08T20:04:04+00:00,2026020061,2026-10-08,player_assists,under:8476467,J. Oleksiak Under 0.5,0.5,0.7929391115352211,0.8831168831169564,0.0,,1.1,-0.09017777158173527,-0.1277669773112567,1,,,0.23254795729321454,2026-10-08T20:03:31+00:00,8476467.0
2026-10-08-late-2004,2026-10-08T20:04:04+00:00,2026020061,2026-10-08,player_assists,under:8476906,S. Gostisbehere Under 0.5,0.5,0.7039205094525505,0.5459198424314683,0.0,,1.8,0.15800066702108218,0.2670569170145909,2,,,0.35232537286905796,2026-10-08T20:03:31+00:00,8476906.0
2026-10-08-late-2004,2026-10-08T20:04:04+00:00,2026020061,2026-10-08,player_assists,under:8476921,J. Martinook Under 0.5,0.5,0.7615464674184613,0.7520150695936714,0.0,,1.29,0.009531397824789928,-0.017605057030184862,2,,,0.2731474768760068,2026-10-08T20:03:31+00:00,8476921.0
2026-10-08-late-2004,2026-10-08T20:04:04+00:00,2026020061,2026-10-08,player_assists,under:8476958,J. Slavin Under 0.5,0.5,0.6805478810600626,0.7236869643458727,0.0,,1.33,-0.043139083285810065,-0.09487131819011671,2,,,0.38634205516668024,2026-10-08T20:03:31+00:00,8476958.0
2026-10-08-late-2004,2026-10-08T20:04:04+00:00,2026020061,2026-10-08,player_assists,under:8477940,N. Ehlers Under 0.5,0.5,0.6316111992810326,0.5866076633690149,0.0,,1.67,0.04500353591201761,0.05479070279932441,2,,,0.46159897750776197,2026-10-08T20:03:31+00:00,8477940.0
2026-10-08-late-2004,2026-10-08T20:04:04+00:00,2026020061,2026-10-08,player_assists,under:8478427,S. Aho Under 0.5,0.5,0.5551806957127439,0.4819291158625201,0.0,,1.95,0.07325157985022379,0.0826023566398505,2,,,0.5919381365632748,2026-10-08T20:03:31+00:00,8478427.0
2026-10-08-late-2004,2026-10-08T20:04:04+00:00,2026020061,2026-10-08,player_assists,under:8478444,B. Boeser Under 0.5,0.5,0.6493349707344828,0.6978905597326472,0.0,,1.4,-0.04855558899816448,-0.09093104097172416,2,,,0.4336765100171093,2026-10-08T20:03:31+00:00,8478444.0
2026-10-08-late-2004,2026-10-08T20:04:04+00:00,2026020061,2026-10-08,player_assists,under:8478498,J. DeBrusk Under 0.5,0.5,0.7824039961197763,0.741001808572163,0.0,,1.3,0.04140218754761332,0.017125194955709216,2,,,0.2459871723288597,2026-10-08T20:03:31+00:00,8478498.0
2026-10-08-late-2004,2026-10-08T20:04:04+00:00,2026020061,2026-10-08,player_assists,under:8478970,J. Chatfield Under 0.5,0.5,0.7719291733845012,0.7375565610859924,0.0,,1.3,0.0343726122985088,0.0035079253998515636,1,,,0.25953373322876516,2026-10-08T20:03:31+00:00,8478970.0
2026-10-08-late-2004,2026-10-08T20:04:04+00:00,2026020061,2026-10-08,player_assists,under:8479425,F. Hronek Under 0.5,0.5,0.5597413532200999,0.6084698589173079,0.0,,1.62,-0.048728505697207936,-0.09321900778343811,2,,,0.5836607896782096,2026-10-08T20:03:31+00:00,8479425.0
2026-10-08-late-2004,2026-10-08T20:04:04+00:00,2026020061,2026-10-08,player_assists,under:8480336,S. Walker Under 0.5,0.5,0.6948047238561731,0.6940302904380935,0.0,,1.38,0.0007744334180796453,-0.04116948107848123,2,,,0.3654535362898706,2026-10-08T20:03:31+00:00,8480336.0
2026-10-08-late-2004,2026-10-08T20:04:04+00:00,2026020061,2026-10-08,player_assists,under:8480817,K. Miller Under 0.5,0.5,0.6901837611942881,0.6614071940686886,0.0,,1.45,0.028776567125599506,0.0007664537317177977,2,,,0.372175708424338,2026-10-08T20:03:31+00:00,8480817.0
2026-10-08-late-2004,2026-10-08T20:04:04+00:00,2026020061,2026-10-08,player_assists,under:8480830,A. Svechnikov Under 0.5,0.5,0.6378398738248101,0.5713376037727438,0.0,,1.67,0.06650227005206638,0.06519258928743282,2,,,0.45169609700117574,2026-10-08T20:03:31+00:00,8480830.0
2026-10-08-late-2004,2026-10-08T20:04:04+00:00,2026020061,2026-10-08,player_assists,under:8481024,L. Karlsson Under 0.5,0.5,0.7499873145950993,0.7750206782465469,0.0,,1.24,-0.02503336365144762,-0.07001572990207691,1,,,0.28852828335903125,2026-10-08T20:03:31+00:00,8481024.0
2026-10-08-late-2004,2026-10-08T20:04:04+00:00,2026020061,2026-10-08,player_assists,under:8482079,M. Rossi Under 0.5,0.5,0.7184389403441082,0.6853983267752402,0.0,,1.4,0.033040613568868005,0.005814516481751353,2,,,0.33177043035168896,2026-10-08T20:03:31+00:00,8482079.0
2026-10-08-late-2004,2026-10-08T20:04:04+00:00,2026020061,2026-10-08,player_assists,under:8482702,L. Stankoven Under 0.5,0.5,0.6922502588080104,0.7063614253621078,0.0,,1.35,-0.014111166554097387,-0.06546215060918592,2,,,0.3691638917318367,2026-10-08T20:03:31+00:00,8482702.0
2026-10-08-late-2004,2026-10-08T20:04:04+00:00,2026020061,2026-10-08,player_assists,under:8482809,J. Blake Under 0.5,0.5,0.592066933440404,0.6097720427596925,0.0,,1.57,-0.017705109319288592,-0.07045491449856578,2,,,0.5268923928957199,2026-10-08T20:03:31+00:00,8482809.0
2026-10-08-late-2004,2026-10-08T20:04:04+00:00,2026020061,2026-10-08,player_assists,under:8483476,J. Lekkerimäki Under 0.5,0.5,0.8720807561048377,0.8173458348357928,0.0,,1.18,0.05473492126904486,0.02905529220370845,1,,,0.13706076307780807,2026-10-08T20:03:31+00:00,8483476.0
2026-10-08-late-2004,2026-10-08T20:04:04+00:00,2026020061,2026-10-08,player_assists,under:8483499,L. Ohgren Under 0.5,0.5,0.7208163974219963,0.7701298701298701,0.0,,1.25,-0.04931347270787376,-0.0989795032225046,1,,,0.3284448834155305,2026-10-08T20:03:31+00:00,8483499.0
2026-10-08-late-2004,2026-10-08T20:04:04+00:00,2026020061,2026-10-08,player_assists,under:8484136,M. Sasson Under 0.5,0.5,0.8338603428005023,0.859144542772878,0.0,,1.13,-0.025284199972375715,-0.05773781263543254,1,,,0.18201985571670468,2026-10-08T20:03:31+00:00,8484136.0
2026-10-08-late-2004,2026-10-08T20:04:04+00:00,2026020061,2026-10-08,player_assists,under:8484240,T. Willander Under 0.5,0.5,0.7504334472529575,0.7701298701298701,0.0,,1.25,-0.019696422876912617,-0.06195819093380317,1,,,0.287930178544776,2026-10-08T20:03:31+00:00,8484240.0
2026-10-08-late-2004,2026-10-08T20:04:04+00:00,2026020061,2026-10-08,player_assists,under:8484798,Z. Buium Under 0.5,0.5,0.7953164945881552,0.8077994229525448,0.0,,1.21,-0.012482928364389578,-0.0376670415483322,2,,,0.2295404181571857,2026-10-08T20:03:31+00:00,8484798.0
2026-10-08-late-2004,2026-10-08T20:04:04+00:00,2026020061,2026-10-08,player_goals,over:8473533,J. Staal to score (anytime),0.5,0.2055391757430921,0.2759744847820139,0.0,,3.6,-0.07043530903892181,-0.26005896732486844,5,,,0.23142024681511345,2026-10-08T20:03:31+00:00,8473533.0
2026-10-08-late-2004,2026-10-08T20:04:04+00:00,2026020061,2026-10-08,player_goals,over:8475791,T. Hall to score (anytime),0.5,0.24646850530178166,0.2677966757609179,0.0,,3.5,-0.021328170459136264,-0.1373602314437642,5,,,0.284995944852924,2026-10-08T20:03:31+00:00,8475791.0
2026-10-08-late-2004,2026-10-08T20:04:04+00:00,2026020061,2026-10-08,player_goals,over:8475848,B. Gallagher to score (anytime),0.5,0.07885706106492885,0.12071651090342678,0.0,,8.0,-0.04185944983849793,-0.36914351148056923,2,,,0.08230896092596057,2026-10-08T20:03:31+00:00,8475848.0
2026-10-08-late-2004,2026-10-08T20:04:04+00:00,2026020061,2026-10-08,player_goals,over:8476422,M. Reilly to score (anytime),0.5,0.02874341149379811,0.07384129932991565,0.0,,17.0,-0.04509788783611754,-0.5113620046054321,5,,,0.02918586846865721,2026-10-08T20:03:31+00:00,8476422.0
2026-10-08-late-2004,2026-10-08T20:04:04+00:00,2026020061,2026-10-08,player_goals,over:8476467,J. Oleksiak to score (anytime),0.5,0.10806571366393947,0.0639582754122201,0.0,,23.0,0.044107438251719366,1.4855114142706078,4,,,0.11469041461750495,2026-10-08T20:03:31+00:00,8476467.0
2026-10-08-late-2004,2026-10-08T20:04:04+00:00,2026020061,2026-10-08,player_goals,over:8476873,M. Jankowski to score (anytime),0.5,0.19157377762361705,0.17563048618433824,0.0,,5.75,0.015943291439278806,0.10154922133579802,5,,,0.2138005440197433,2026-10-08T20:03:31+00:00,8476873.0
2026-10-08-late-2004,2026-10-08T20:04:04+00:00,2026020061,2026-10-08,player_goals,over:8476906,S. Gostisbehere to score (anytime),0.5,0.18786077437266435,0.16085211429968957,0.0,,6.25,0.027008660072974783,0.1741298398291522,5,,,0.20916972574001103,2026-10-08T20:03:31+00:00,8476906.0
2026-10-08-late-2004,2026-10-08T20:04:04+00:00,2026020061,2026-10-08,player_goals,over:8476921,J. Martinook to score (anytime),0.5,0.1554037565395342,0.19486459225791303,0.0,,5.0,-0.03946083571837883,-0.222981217302329,5,,,0.16961174733642342,2026-10-08T20:03:31+00:00,8476921.0
2026-10-08-late-2004,2026-10-08T20:04:04+00:00,2026020061,2026-10-08,player_goals,over:8476958,J. Slavin to score (anytime),0.5,0.1071510079007082,0.08638866133428363,0.0,,12.0,0.02076234656642456,0.28581209480849845,5,,,0.11365955817617748,2026-10-08T20:03:31+00:00,8476958.0
2026-10-08-late-2004,2026-10-08T20:04:04+00:00,2026020061,2026-10-08,player_goals,over:8477478,W. Carrier to score (anytime),0.5,0.08178169550869163,0.18694368909260645,0.0,,5.75,-0.10516199358391481,-0.5297552508250232,5,,,0.0855023592779896,2026-10-08T20:03:31+00:00,8477478.0
2026-10-08-late-2004,2026-10-08T20:04:04+00:00,2026020061,2026-10-08,player_goals,over:8477940,N. Ehlers to score (anytime),0.5,0.22764550065246947,0.32143916628760444,0.0,,3.05,-0.09379366563513497,-0.30568122300996814,5,,,0.2599869657115668,2026-10-08T20:03:31+00:00,8477940.0
2026-10-08-late-2004,2026-10-08T20:04:04+00:00,2026020061,2026-10-08,player_goals,over:8478427,S. Aho to score (anytime),0.5,0.3344996019962312,0.3679677478468023,0.0,,2.55,-0.03346814585057112,-0.14702601490961054,5,,,0.41138994560965547,2026-10-08T20:03:31+00:00,8478427.0
2026-10-08-late-2004,2026-10-08T20:04:04+00:00,2026020061,2026-10-08,player_goals,over:8478444,B. Boeser to score (anytime),0.5,0.24372768327398076,0.23702911553378841,0.0,,4.2,0.0066985677401923405,0.023656269750719217,5,,,0.28131383872656535,2026-10-08T20:03:31+00:00,8478444.0
2026-10-08-late-2004,2026-10-08T20:04:04+00:00,2026020061,2026-10-08,player_goals,over:8478498,J. DeBrusk to score (anytime),0.5,0.25329417687329614,0.23279780697030228,0.0,,4.2,0.02049636990299386,0.06383554286784388,5,,,0.2942272295682783,2026-10-08T20:03:31+00:00,8478498.0
2026-10-08-late-2004,2026-10-08T20:04:04+00:00,2026020061,2026-10-08,player_goals,over:8478970,J. Chatfield to score (anytime),0.5,0.07662091647153813,0.08451325108829232,0.0,,13.0,-0.00789233461675419,-0.003928085870004372,5,,,0.07987449573147716,2026-10-08T20:03:31+00:00,8478970.0
2026-10-08-late-2004,2026-10-08T20:04:04+00:00,2026020061,2026-10-08,player_goals,over:8479425,F. Hronek to score (anytime),0.5,0.10981978698430661,0.09995668615789562,0.0,,12.5,0.009863100826410995,0.3727473373038327,5,,,0.11667033171274507,2026-10-08T20:03:31+00:00,8479425.0
2026-10-08-late-2004,2026-10-08T20:04:04+00:00,2026020061,2026-10-08,player_goals,over:8480336,S. Walker to score (anytime),0.5,0.1633764351359861,0.12342684708137494,0.0,,8.25,0.03994958805461116,0.34785558987188536,5,,,0.1791789182549529,2026-10-08T20:03:31+00:00,8480336.0
2026-10-08-late-2004,2026-10-08T20:04:04+00:00,2026020061,2026-10-08,player_goals,over:8480762,E. Robinson to score (anytime),0.5,0.12988136078271972,0.15576323987538937,0.0,,6.75,-0.025881879092669646,-0.1233008147166419,5,,,0.13961073279255126,2026-10-08T20:03:31+00:00,8480762.0
2026-10-08-late-2004,2026-10-08T20:04:04+00:00,2026020061,2026-10-08,player_goals,over:8480817,K. Miller to score (anytime),0.5,0.17324990798223372,0.12190109688735307,0.0,,8.5,0.05134881109488065,0.47262421784898667,5,,,0.19116059534475258,2026-10-08T20:03:31+00:00,8480817.0
2026-10-08-late-2004,2026-10-08T20:04:04+00:00,2026020061,2026-10-08,player_goals,over:8480829,J. Kotkaniemi to score (anytime),0.5,0.05988981890867384,0.1264842656553343,0.0,,9.0,-0.06659444674666046,-0.4609916298219354,5,,,0.06185364675333595,2026-10-08T20:03:31+00:00,8480829.0
2026-10-08-late-2004,2026-10-08T20:04:04+00:00,2026020061,2026-10-08,player_goals,over:8480830,A. Svechnikov to score (anytime),0.5,0.29642316678072367,0.3828739942458891,0.0,,2.54,-0.08645082746516541,-0.24708515637696188,5,,,0.3546865605606364,2026-10-08T20:03:31+00:00,8480830.0
2026-10-08-late-2004,2026-10-08T20:04:04+00:00,2026020061,2026-10-08,player_goals,over:8481024,L. Karlsson to score (anytime),0.5,0.12070350416121012,0.16402476028644253,0.0,,6.25,-0.04332125612523241,-0.2456030989924367,5,,,0.12904767808739745,2026-10-08T20:03:31+00:00,8481024.0
2026-10-08-late-2004,2026-10-08T20:04:04+00:00,2026020061,2026-10-08,player_goals,over:8481032,P. Cotter to score (anytime),0.5,0.1770664986573397,0.18410604117036222,0.0,,6.0,-0.007039542513022523,0.062398991944038196,5,,,0.19583242744359328,2026-10-08T20:03:31+00:00,8481032.0
2026-10-08-late-2004,2026-10-08T20:04:04+00:00,2026020061,2026-10-08,player_goals,over:8482055,D. O'Connor to score (anytime),0.5,0.14951430903736607,0.12431012973672004,0.0,,8.25,0.02520417930064603,0.2334930495582701,5,,,0.16260514126569342,2026-10-08T20:03:31+00:00,8482055.0
2026-10-08-late-2004,2026-10-08T20:04:04+00:00,2026020061,2026-10-08,player_goals,over:8482079,M. Rossi to score (anytime),0.5,0.2440023087616422,0.21349581717937882,0.0,,5.0,0.030506491582263373,0.22001154380821097,5,,,0.2816821470517013,2026-10-08T20:03:31+00:00,8482079.0
2026-10-08-late-2004,2026-10-08T20:04:04+00:00,2026020061,2026-10-08,player_goals,over:8482691,A. Räty to score (anytime),0.5,0.09597439827586562,0.10384215991692627,0.0,,10.0,-0.00786776164106065,-0.040256017241343756,4,,,0.10115253516224619,2026-10-08T20:03:31+00:00,8482691.0
2026-10-08-late-2004,2026-10-08T20:04:04+00:00,2026020061,2026-10-08,player_goals,over:8482702,L. Stankoven to score (anytime),0.5,0.2912441082390431,0.3034541383928792,0.0,,3.1,-0.012210030153836093,-0.09714326445896626,5,,,0.3472237823069482,2026-10-08T20:03:31+00:00,8482702.0
2026-10-08-late-2004,2026-10-08T20:04:04+00:00,2026020061,2026-10-08,player_goals,over:8482809,J. Blake to score (anytime),0.5,0.1795456677447611,0.3250182874739755,0.0,,2.9,-0.14547261972921438,-0.4793175635401928,5,,,0.19887934657181425,2026-10-08T20:03:31+00:00,8482809.0
2026-10-08-late-2004,2026-10-08T20:04:04+00:00,2026020061,2026-10-08,player_goals,over:8483395,A. Bains to score (anytime),0.5,0.08894388468980408,0.09081979175437119,0.0,,14.0,-0.0018759070645671116,0.24521438565725706,5,,,0.09336805003075173,2026-10-08T20:03:31+00:00,8483395.0
2026-10-08-late-2004,2026-10-08T20:04:04+00:00,2026020061,2026-10-08,player_goals,over:8483476,J. Lekkerimäki to score (anytime),0.5,0.14075423828678346,0.15178622001051906,0.0,,8.0,-0.011031981723735595,0.1260339062942677,5,,,0.1522770776775756,2026-10-08T20:03:31+00:00,8483476.0
2026-10-08-late-2004,2026-10-08T20:04:04+00:00,2026020061,2026-10-08,player_goals,over:8483499,L. Ohgren to score (anytime),0.5,0.15843820033635492,0.14003248395771759,0.0,,7.5,0.018405716378637332,0.18828650252266188,5,,,0.17324184162515083,2026-10-08T20:03:31+00:00,8483499.0
2026-10-08-late-2004,2026-10-08T20:04:04+00:00,2026020061,2026-10-08,player_goals,over:8484136,M. Sasson to score (anytime),0.5,0.14574952845314604,0.11682664257023037,0.0,,9.0,0.028922885882915667,0.31174575607831434,5,,,0.1581528671720662,2026-10-08T20:03:31+00:00,8484136.0
2026-10-08-late-2004,2026-10-08T20:04:04+00:00,2026020061,2026-10-08,player_goals,over:8484240,T. Willander to score (anytime),0.5,0.07954844614851009,0.06656028251744961,0.0,,18.0,0.012988163631060479,0.4318720306731816,5,,,0.0830629200740033,2026-10-08T20:03:31+00:00,8484240.0
2026-10-08-late-2004,2026-10-08T20:04:04+00:00,2026020061,2026-10-08,player_goals,over:8484798,Z. Buium to score (anytime),0.5,0.09844909124468959,0.07398753894080996,0.0,,16.0,0.024461552303879627,0.5751854599150334,5,,,0.10390775604546795,2026-10-08T20:03:31+00:00,8484798.0
2026-10-08-late-2004,2026-10-08T20:04:04+00:00,2026020061,2026-10-08,player_points,over:8473533,J. Staal Over 0.5,0.5,0.4066249568367092,0.4961654419547685,0.0,,1.9,-0.08954048511805934,-0.2274125820102526,3,,,0.524662227651831,2026-10-08T20:03:31+00:00,8473533.0
2026-10-08-late-2004,2026-10-08T20:04:04+00:00,2026020061,2026-10-08,player_points,over:8475791,T. Hall Over 0.5,0.5,0.4776367054940921,0.49712849186343916,0.0,,1.91,-0.019491786369347064,-0.08771389250628414,3,,,0.6536273823860443,2026-10-08T20:03:31+00:00,8475791.0
2026-10-08-late-2004,2026-10-08T20:04:04+00:00,2026020061,2026-10-08,player_points,over:8476467,J. Oleksiak Over 0.5,0.5,0.28668395905653,0.13690476190480563,0.0,,6.0,0.14977919715172436,0.72010375433918,1,,,0.33897457220516136,2026-10-08T20:03:31+00:00,8476467.0
2026-10-08-late-2004,2026-10-08T20:04:04+00:00,2026020061,2026-10-08,player_points,over:8476906,S. Gostisbehere Over 0.5,0.5,0.4396870132061882,0.5429093730615172,0.0,,1.8,-0.10322235985532902,-0.20856337622886123,3,,,0.5826281602736395,2026-10-08T20:03:31+00:00,8476906.0
2026-10-08-late-2004,2026-10-08T20:04:04+00:00,2026020061,2026-10-08,player_points,over:8476921,J. Martinook Over 0.5,0.5,0.3445392684216535,0.3827933961425223,0.0,,2.5,-0.03825412772086878,-0.13865182894586625,3,,,0.42420627945792955,2026-10-08T20:03:31+00:00,8476921.0
2026-10-08-late-2004,2026-10-08T20:04:04+00:00,2026020061,2026-10-08,player_points,over:8476958,J. Slavin Over 0.5,0.5,0.3951429740399074,0.30305875973796265,0.0,,3.3,0.09208421430194474,0.3039718143316943,3,,,0.5052993712510155,2026-10-08T20:03:31+00:00,8476958.0
2026-10-08-late-2004,2026-10-08T20:04:04+00:00,2026020061,2026-10-08,player_points,over:8477478,W. Carrier Over 0.5,0.5,0.2576798964256537,0.3518032323451199,0.0,,2.61,-0.0941233359194662,-0.3274554703290439,2,,,0.29886437818279316,2026-10-08T20:03:31+00:00,8477478.0
2026-10-08-late-2004,2026-10-08T20:04:04+00:00,2026020061,2026-10-08,player_points,over:8477940,N. Ehlers Over 0.5,0.5,0.5330823379853799,0.6096266569869058,0.0,,1.61,-0.07654431900152592,-0.14173743584353837,3,,,0.7674322938989119,2026-10-08T20:03:31+00:00,8477940.0
2026-10-08-late-2004,2026-10-08T20:04:04+00:00,2026020061,2026-10-08,player_points,over:8478427,S. Aho Over 1.5,1.5,0.28650195293430736,0.34419260451503764,0.0,,2.65,-0.05769065158073028,-0.24076982472408553,2,,,1.0612213708092504,2026-10-08T20:03:31+00:00,8478427.0
2026-10-08-late-2004,2026-10-08T20:04:04+00:00,2026020061,2026-10-08,player_points,over:8478444,B. Boeser Over 0.5,0.5,0.5053180452832015,0.4614981388290693,0.0,,2.1,0.04381990645413214,0.06116789509472309,3,,,0.7088174765674706,2026-10-08T20:03:31+00:00,8478444.0
2026-10-08-late-2004,2026-10-08T20:04:04+00:00,2026020061,2026-10-08,player_points,over:8478498,J. DeBrusk Over 0.5,0.5,0.4117285585901481,0.42396570095339786,0.0,,2.24,-0.012237142363249742,-0.07772802875806817,3,,,0.5333917973539591,2026-10-08T20:03:31+00:00,8478498.0
2026-10-08-late-2004,2026-10-08T20:04:04+00:00,2026020061,2026-10-08,player_points,over:8478970,J. Chatfield Over 0.5,0.5,0.2731055612088118,0.3086147923308522,0.0,,2.95,-0.03550923112204041,-0.19433859443400514,2,,,0.3199936243576754,2026-10-08T20:03:31+00:00,8478970.0
2026-10-08-late-2004,2026-10-08T20:04:04+00:00,2026020061,2026-10-08,player_points,over:8479425,F. Hronek Over 0.5,0.5,0.5335452589419651,0.44553638637957294,0.0,,2.15,0.0880088725623922,0.14712230672522497,3,,,0.768439460739888,2026-10-08T20:03:31+00:00,8479425.0
2026-10-08-late-2004,2026-10-08T20:04:04+00:00,2026020061,2026-10-08,player_points,over:8480336,S. Walker Over 0.5,0.5,0.4147327062374827,0.38902676341327297,0.0,,2.4,0.025705942824209738,-0.0046415050300415706,3,,,0.538566500831942,2026-10-08T20:03:31+00:00,8480336.0
2026-10-08-late-2004,2026-10-08T20:04:04+00:00,2026020061,2026-10-08,player_points,over:8480817,K. Miller Over 0.5,0.5,0.4192642667726574,0.39684690956808666,0.0,,2.39,0.02241735720457072,0.0020415975866512337,3,,,0.5464236855388098,2026-10-08T20:03:31+00:00,8480817.0
2026-10-08-late-2004,2026-10-08T20:04:04+00:00,2026020061,2026-10-08,player_points,over:8480830,A. Svechnikov Over 0.5,0.5,0.5670832063599727,0.6225688281404905,0.0,,1.57,-0.05548562178051786,-0.10967936601484285,2,,,0.8442582187487899,2026-10-08T20:03:31+00:00,8480830.0
2026-10-08-late-2004,2026-10-08T20:04:04+00:00,2026020061,2026-10-08,player_points,over:8481024,L. Karlsson Over 0.5,0.5,0.3525500985925146,0.3291149354979017,0.0,,2.82,0.02343516309461291,-0.005808721969108754,2,,,0.4366091107806393,2026-10-08T20:03:31+00:00,8481024.0
2026-10-08-late-2004,2026-10-08T20:04:04+00:00,2026020061,2026-10-08,player_points,over:8481032,P. Cotter Over 0.5,0.5,0.292287337966059,0.3359301489035784,0.0,,2.74,-0.04364281093751943,-0.19913269397299826,2,,,0.34691507491713375,2026-10-08T20:03:31+00:00,8481032.0
2026-10-08-late-2004,2026-10-08T20:04:04+00:00,2026020061,2026-10-08,player_points,over:8482079,M. Rossi Over 0.5,0.5,0.4553178190882061,0.4284610560479966,0.0,,2.18,0.026856763040209508,-0.007407154387710557,3,,,0.6112590090670478,2026-10-08T20:03:31+00:00,8482079.0
2026-10-08-late-2004,2026-10-08T20:04:04+00:00,2026020061,2026-10-08,player_points,over:8482702,L. Stankoven Over 0.5,0.5,0.5103607698994582,0.4933138455288381,0.0,,1.91,0.01704692437062011,-0.02521092949203485,3,,,0.719209980389451,2026-10-08T20:03:31+00:00,8482702.0
2026-10-08-late-2004,2026-10-08T20:04:04+00:00,2026020061,2026-10-08,player_points,over:8482809,J. Blake Over 0.5,0.5,0.5375822081073147,0.577121254647215,0.0,,1.65,-0.03953904653990026,-0.11298935662293075,3,,,0.7772660201749061,2026-10-08T20:03:31+00:00,8482809.0
2026-10-08-late-2004,2026-10-08T20:04:04+00:00,2026020061,2026-10-08,player_points,over:8483476,J. Lekkerimäki Over 0.5,0.5,0.24376402070079695,0.29519534062313646,0.0,,3.05,-0.05143131992233951,-0.25651973686256935,2,,,0.2801839194312955,2026-10-08T20:03:31+00:00,8483476.0
2026-10-08-late-2004,2026-10-08T20:04:04+00:00,2026020061,2026-10-08,player_points,over:8483499,L. Ohgren Over 0.5,0.5,0.38570750840827606,0.3236939117220958,0.0,,2.86,0.06201359668618028,0.10312347404766953,2,,,0.48966628387216515,2026-10-08T20:03:31+00:00,8483499.0
2026-10-08-late-2004,2026-10-08T20:04:04+00:00,2026020061,2026-10-08,player_points,over:8484136,M. Sasson Over 0.5,0.5,0.2766683890232644,0.22177419354836153,0.0,,4.0,0.054894195474902874,0.10667355609305762,1,,,0.32493880219139715,2026-10-08T20:03:31+00:00,8484136.0
2026-10-08-late-2004,2026-10-08T20:04:04+00:00,2026020061,2026-10-08,player_points,over:8484240,T. Willander Over 0.5,0.5,0.31443764503913674,0.2637577937406374,0.0,,3.39,0.050679851298499334,0.06594361668267357,2,,,0.3789445969656657,2026-10-08T20:03:31+00:00,8484240.0
2026-10-08-late-2004,2026-10-08T20:04:04+00:00,2026020061,2026-10-08,player_points,over:8484798,Z. Buium Over 0.5,0.5,0.25535380631462845,0.26265774886266563,0.0,,3.5,-0.007303942548037179,-0.10626167789880048,3,,,0.2957171346641986,2026-10-08T20:03:31+00:00,8484798.0
2026-10-08-late-2004,2026-10-08T20:04:04+00:00,2026020061,2026-10-08,player_points,under:8473533,J. Staal Under 0.5,0.5,0.5933750431632908,0.5038345580452315,0.0,,1.87,0.08954048511805934,0.1096113307153539,3,,,0.524662227651831,2026-10-08T20:03:31+00:00,8473533.0
2026-10-08-late-2004,2026-10-08T20:04:04+00:00,2026020061,2026-10-08,player_points,under:8475791,T. Hall Under 0.5,0.5,0.5223632945059079,0.5028715081365609,0.0,,1.89,0.019491786369347064,-0.012733373383834123,3,,,0.6536273823860443,2026-10-08T20:03:31+00:00,8475791.0
2026-10-08-late-2004,2026-10-08T20:04:04+00:00,2026020061,2026-10-08,player_points,under:8476467,J. Oleksiak Under 0.5,0.5,0.71331604094347,0.8630952380951944,0.0,,1.12,-0.14977919715172436,-0.2010860341433135,1,,,0.33897457220516136,2026-10-08T20:03:31+00:00,8476467.0
2026-10-08-late-2004,2026-10-08T20:04:04+00:00,2026020061,2026-10-08,player_points,under:8476906,S. Gostisbehere Under 0.5,0.5,0.5603129867938118,0.4570906269384828,0.0,,2.15,0.10322235985532902,0.20467292160669537,3,,,0.5826281602736395,2026-10-08T20:03:31+00:00,8476906.0
2026-10-08-late-2004,2026-10-08T20:04:04+00:00,2026020061,2026-10-08,player_points,under:8476921,J. Martinook Under 0.5,0.5,0.6554607315783465,0.6172066038574777,0.0,,1.57,0.03825412772086878,0.029073348578004032,3,,,0.42420627945792955,2026-10-08T20:03:31+00:00,8476921.0
2026-10-08-late-2004,2026-10-08T20:04:04+00:00,2026020061,2026-10-08,player_points,under:8476958,J. Slavin Under 0.5,0.5,0.6048570259600926,0.6969412402620374,0.0,,1.43,-0.09208421430194474,-0.13505445287706763,3,,,0.5052993712510155,2026-10-08T20:03:31+00:00,8476958.0
2026-10-08-late-2004,2026-10-08T20:04:04+00:00,2026020061,2026-10-08,player_points,under:8477478,W. Carrier Under 0.5,0.5,0.7423201035743463,0.6481967676548801,0.0,,1.47,0.0941233359194662,0.09121055225428903,2,,,0.29886437818279316,2026-10-08T20:03:31+00:00,8477478.0
2026-10-08-late-2004,2026-10-08T20:04:04+00:00,2026020061,2026-10-08,player_points,under:8477940,N. Ehlers Under 0.5,0.5,0.46691766201462015,0.39037334301309423,0.0,,2.45,0.07654431900152592,0.1439482719358195,3,,,0.7674322938989119,2026-10-08T20:03:31+00:00,8477940.0
2026-10-08-late-2004,2026-10-08T20:04:04+00:00,2026020061,2026-10-08,player_points,under:8478427,S. Aho Under 1.5,1.5,0.7134980470656926,0.6558073954849624,0.0,,1.46,0.05769065158073028,0.041707148715911246,2,,,1.0612213708092504,2026-10-08T20:03:31+00:00,8478427.0
2026-10-08-late-2004,2026-10-08T20:04:04+00:00,2026020061,2026-10-08,player_points,under:8478444,B. Boeser Under 0.5,0.5,0.49468195471679854,0.5385018611709307,0.0,,1.83,-0.04381990645413214,-0.0947320228682586,3,,,0.7088174765674706,2026-10-08T20:03:31+00:00,8478444.0
2026-10-08-late-2004,2026-10-08T20:04:04+00:00,2026020061,2026-10-08,player_points,under:8478498,J. DeBrusk Under 0.5,0.5,0.5882714414098519,0.5760342990466021,0.0,,1.67,0.012237142363249742,-0.017586692845547425,3,,,0.5333917973539591,2026-10-08T20:03:31+00:00,8478498.0
2026-10-08-late-2004,2026-10-08T20:04:04+00:00,2026020061,2026-10-08,player_points,under:8478970,J. Chatfield Under 0.5,0.5,0.7268944387911882,0.6913852076691478,0.0,,1.39,0.03550923112204041,0.010383269919751525,2,,,0.3199936243576754,2026-10-08T20:03:31+00:00,8478970.0
2026-10-08-late-2004,2026-10-08T20:04:04+00:00,2026020061,2026-10-08,player_points,under:8479425,F. Hronek Under 0.5,0.5,0.46645474105803486,0.5544636136204271,0.0,,1.77,-0.0880088725623922,-0.17437510832727826,3,,,0.768439460739888,2026-10-08T20:03:31+00:00,8479425.0
2026-10-08-late-2004,2026-10-08T20:04:04+00:00,2026020061,2026-10-08,player_points,under:8480336,S. Walker Under 0.5,0.5,0.5852672937625173,0.6109732365867271,0.0,,1.57,-0.025705942824209738,-0.0811303487928478,3,,,0.538566500831942,2026-10-08T20:03:31+00:00,8480336.0
2026-10-08-late-2004,2026-10-08T20:04:04+00:00,2026020061,2026-10-08,player_points,under:8480817,K. Miller Under 0.5,0.5,0.5807357332273426,0.6031530904319133,0.0,,1.61,-0.02241735720457072,-0.0650154695039783,3,,,0.5464236855388098,2026-10-08T20:03:31+00:00,8480817.0
2026-10-08-late-2004,2026-10-08T20:04:04+00:00,2026020061,2026-10-08,player_points,under:8480830,A. Svechnikov Under 0.5,0.5,0.43291679364002733,0.3774311718595095,0.0,,2.55,0.05548562178051786,0.10393782378206962,2,,,0.8442582187487899,2026-10-08T20:03:31+00:00,8480830.0
2026-10-08-late-2004,2026-10-08T20:04:04+00:00,2026020061,2026-10-08,player_points,under:8481024,L. Karlsson Under 0.5,0.5,0.6474499014074854,0.6708850645020983,0.0,,1.43,-0.02343516309461291,-0.07414664098729595,2,,,0.4366091107806393,2026-10-08T20:03:31+00:00,8481024.0
2026-10-08-late-2004,2026-10-08T20:04:04+00:00,2026020061,2026-10-08,player_points,under:8481032,P. Cotter Under 0.5,0.5,0.707712662033941,0.6640698510964216,0.0,,1.43,0.04364281093751943,0.012029106708535575,2,,,0.34691507491713375,2026-10-08T20:03:31+00:00,8481032.0
2026-10-08-late-2004,2026-10-08T20:04:04+00:00,2026020061,2026-10-08,player_points,under:8482079,M. Rossi Under 0.5,0.5,0.5446821809117939,0.5715389439520033,0.0,,1.65,-0.026856763040209508,-0.10127440149554012,3,,,0.6112590090670478,2026-10-08T20:03:31+00:00,8482079.0
2026-10-08-late-2004,2026-10-08T20:04:04+00:00,2026020061,2026-10-08,player_points,under:8482702,L. Stankoven Under 0.5,0.5,0.4896392301005418,0.5066861544711618,0.0,,1.89,-0.01704692437062011,-0.07458185510997611,3,,,0.719209980389451,2026-10-08T20:03:31+00:00,8482702.0
2026-10-08-late-2004,2026-10-08T20:04:04+00:00,2026020061,2026-10-08,player_points,under:8482809,J. Blake Under 0.5,0.5,0.4624177918926853,0.422878745352785,0.0,,2.2,0.03953904653990026,0.01731914216390773,3,,,0.7772660201749061,2026-10-08T20:03:31+00:00,8482809.0
2026-10-08-late-2004,2026-10-08T20:04:04+00:00,2026020061,2026-10-08,player_points,under:8483476,J. Lekkerimäki Under 0.5,0.5,0.756235979299203,0.7048046593768635,0.0,,1.36,0.05143131992233951,0.028480931846916246,2,,,0.2801839194312955,2026-10-08T20:03:31+00:00,8483476.0
2026-10-08-late-2004,2026-10-08T20:04:04+00:00,2026020061,2026-10-08,player_points,under:8483499,L. Ohgren Under 0.5,0.5,0.6142924915917239,0.6763060882779042,0.0,,1.42,-0.06201359668618028,-0.12770466193975205,2,,,0.48966628387216515,2026-10-08T20:03:31+00:00,8483499.0
2026-10-08-late-2004,2026-10-08T20:04:04+00:00,2026020061,2026-10-08,player_points,under:8484136,M. Sasson Under 0.5,0.5,0.7233316109767356,0.7782258064516385,0.0,,1.24,-0.054894195474902874,-0.10306880238884786,1,,,0.32493880219139715,2026-10-08T20:03:31+00:00,8484136.0
2026-10-08-late-2004,2026-10-08T20:04:04+00:00,2026020061,2026-10-08,player_points,under:8484240,T. Willander Under 0.5,0.5,0.6855623549608633,0.7362422062593625,0.0,,1.3,-0.050679851298499334,-0.10876893855087774,2,,,0.3789445969656657,2026-10-08T20:03:31+00:00,8484240.0
2026-10-08-late-2004,2026-10-08T20:04:04+00:00,2026020061,2026-10-08,player_points,under:8484798,Z. Buium Under 0.5,0.5,0.7446461936853715,0.7373422511373344,0.0,,1.31,0.007303942548037179,-0.024513486272163237,3,,,0.2957171346641986,2026-10-08T20:03:31+00:00,8484798.0
2026-10-08-late-2004,2026-10-08T20:04:04+00:00,2026020061,2026-10-08,player_sog,over:8473533,J. Staal Over 1.5,1.5,0.4938914956237954,0.5054997328668812,0.0,,1.95,-0.011608237243085795,-0.03691158353359897,4,,,1.7034542279133482,2026-10-08T20:03:31+00:00,8473533.0
2026-10-08-late-2004,2026-10-08T20:04:04+00:00,2026020061,2026-10-08,player_sog,over:8475791,T. Hall Over 1.5,1.5,0.5520193032591046,0.5887033051367376,0.0,,1.7,-0.03668400187763299,-0.06156718445952214,5,,,1.9146525913781567,2026-10-08T20:03:31+00:00,8475791.0
2026-10-08-late-2004,2026-10-08T20:04:04+00:00,2026020061,2026-10-08,player_sog,over:8476906,S. Gostisbehere Over 1.5,1.5,0.526869387947891,0.5455363612260001,0.0,,1.77,-0.018666973278109178,-0.06744118333223298,5,,,1.8207400513178218,2026-10-08T20:03:31+00:00,8476906.0
2026-10-08-late-2004,2026-10-08T20:04:04+00:00,2026020061,2026-10-08,player_sog,over:8476921,J. Martinook Over 1.5,1.5,0.48030154036351014,0.5206876745681396,0.0,,1.88,-0.04038613420462944,-0.09703310411660099,3,,,1.6568285344972464,2026-10-08T20:03:31+00:00,8476921.0
2026-10-08-late-2004,2026-10-08T20:04:04+00:00,2026020061,2026-10-08,player_sog,over:8476958,J. Slavin Over 1.5,1.5,0.5364971881031941,0.43650990790782,0.0,,2.15,0.09998728019537412,0.15346895442186737,3,,,1.8562003630870763,2026-10-08T20:03:31+00:00,8476958.0
2026-10-08-late-2004,2026-10-08T20:04:04+00:00,2026020061,2026-10-08,player_sog,over:8477478,W. Carrier Over 1.5,1.5,0.2858124381363566,0.44133581576342784,0.0,,2.1,-0.15552337762707125,-0.3997938799136511,2,,,1.0616555942179837,2026-10-08T20:03:31+00:00,8477478.0
2026-10-08-late-2004,2026-10-08T20:04:04+00:00,2026020061,2026-10-08,player_sog,over:8477940,N. Ehlers Over 2.5,2.5,0.45315654039823694,0.4625574150557436,0.0,,2.15,-0.009400874657506664,-0.025713438143790568,5,,,2.5381341659124703,2026-10-08T20:03:31+00:00,8477940.0
2026-10-08-late-2004,2026-10-08T20:04:04+00:00,2026020061,2026-10-08,player_sog,over:8478427,S. Aho Over 2.5,2.5,0.5654417141808454,0.49865507928561537,0.0,,2.0,0.06678663489523007,0.13088342836169087,5,,,3.0633870997091095,2026-10-08T20:03:31+00:00,8478427.0
2026-10-08-late-2004,2026-10-08T20:04:04+00:00,2026020061,2026-10-08,player_sog,over:8478444,B. Boeser Over 1.5,1.5,0.5398965231781266,0.5668561659919142,0.0,,1.71,-0.0269596428137876,-0.07677694536540347,5,,,1.8688629031435615,2026-10-08T20:03:31+00:00,8478444.0
2026-10-08-late-2004,2026-10-08T20:04:04+00:00,2026020061,2026-10-08,player_sog,over:8478498,J. DeBrusk Over 1.5,1.5,0.6511360218846849,0.6082035996478865,0.0,,1.58,0.042932422236798384,0.0287949145778022,4,,,2.3350450409768055,2026-10-08T20:03:31+00:00,8478498.0
2026-10-08-late-2004,2026-10-08T20:04:04+00:00,2026020061,2026-10-08,player_sog,over:8479425,F. Hronek Over 1.5,1.5,0.5595004430674373,0.469125270350396,0.0,,2.04,0.09037517271704132,0.14138090385757207,4,,,1.9434232252372252,2026-10-08T20:03:31+00:00,8479425.0
2026-10-08-late-2004,2026-10-08T20:04:04+00:00,2026020061,2026-10-08,player_sog,over:8480336,S. Walker Over 2.5,2.5,0.3645471638056357,0.3818554813089432,0.0,,2.52,-0.017308317503307524,-0.08134114720979813,4,,,2.1674417410471007,2026-10-08T20:03:31+00:00,8480336.0
2026-10-08-late-2004,2026-10-08T20:04:04+00:00,2026020061,2026-10-08,player_sog,over:8480817,K. Miller Over 1.5,1.5,0.489509075543618,0.46401259559153374,0.0,,1.95,0.02549647995208426,-0.04545730268994491,1,,,1.688316699530819,2026-10-08T20:03:31+00:00,8480817.0
2026-10-08-late-2004,2026-10-08T20:04:04+00:00,2026020061,2026-10-08,player_sog,over:8480830,A. Svechnikov Over 2.5,2.5,0.500062162385365,0.543921612580001,0.0,,1.8,-0.043859450194635996,-0.09988810770634288,5,,,2.7477724112277824,2026-10-08T20:03:31+00:00,8480830.0
2026-10-08-late-2004,2026-10-08T20:04:04+00:00,2026020061,2026-10-08,player_sog,over:8482079,M. Rossi Over 1.5,1.5,0.3915807800993152,0.44397759103640844,0.0,,2.1,-0.05239681093709325,-0.1776803617914381,1,,,1.371847846899434,2026-10-08T20:03:31+00:00,8482079.0
2026-10-08-late-2004,2026-10-08T20:04:04+00:00,2026020061,2026-10-08,player_sog,over:8482702,L. Stankoven Over 2.5,2.5,0.407058700842196,0.4323704695192266,0.0,,2.25,-0.02531176867703061,-0.08411792310505906,4,,,2.34200709936778,2026-10-08T20:03:31+00:00,8482702.0
2026-10-08-late-2004,2026-10-08T20:04:04+00:00,2026020061,2026-10-08,player_sog,over:8482809,J. Blake Over 2.5,2.5,0.39802617052433753,0.393582739541013,0.0,,2.39,0.004443430983324503,-0.04871745244683323,3,,,2.3044847306979515,2026-10-08T20:03:31+00:00,8482809.0
2026-10-08-late-2004,2026-10-08T20:04:04+00:00,2026020061,2026-10-08,player_sog,under:8473533,J. Staal Under 1.5,1.5,0.5061085043762046,0.4945002671331188,0.0,,1.95,0.011608237243085795,-0.013088416466401076,4,,,1.7034542279133482,2026-10-08T20:03:31+00:00,8473533.0
2026-10-08-late-2004,2026-10-08T20:04:04+00:00,2026020061,2026-10-08,player_sog,under:8475791,T. Hall Under 1.5,1.5,0.44798069674089536,0.41129669486326237,0.0,,2.35,0.03668400187763299,0.05275463734110408,5,,,1.9146525913781567,2026-10-08T20:03:31+00:00,8475791.0
2026-10-08-late-2004,2026-10-08T20:04:04+00:00,2026020061,2026-10-08,player_sog,under:8476906,S. Gostisbehere Under 1.5,1.5,0.47313061205210905,0.45446363877399987,0.0,,2.16,0.018666973278109178,0.021962122032555653,5,,,1.8207400513178218,2026-10-08T20:03:31+00:00,8476906.0
2026-10-08-late-2004,2026-10-08T20:04:04+00:00,2026020061,2026-10-08,player_sog,under:8476921,J. Martinook Under 1.5,1.5,0.5196984596364899,0.4793123254318604,0.0,,1.95,0.04038613420462944,0.013411996291155193,3,,,1.6568285344972464,2026-10-08T20:03:31+00:00,8476921.0
2026-10-08-late-2004,2026-10-08T20:04:04+00:00,2026020061,2026-10-08,player_sog,under:8476958,J. Slavin Under 1.5,1.5,0.46350281189680587,0.5634900920921799,0.0,,1.71,-0.09998728019537412,-0.20741019165646196,3,,,1.8562003630870763,2026-10-08T20:03:31+00:00,8476958.0
2026-10-08-late-2004,2026-10-08T20:04:04+00:00,2026020061,2026-10-08,player_sog,under:8477478,W. Carrier Under 1.5,1.5,0.7141875618636434,0.5586641842365722,0.0,,1.7,0.15552337762707125,0.21411885516819373,2,,,1.0616555942179837,2026-10-08T20:03:31+00:00,8477478.0
2026-10-08-late-2004,2026-10-08T20:04:04+00:00,2026020061,2026-10-08,player_sog,under:8477940,N. Ehlers Under 2.5,2.5,0.5468434596017631,0.5374425849442563,0.0,,1.8,0.009400874657506664,-0.01568177271682647,5,,,2.5381341659124703,2026-10-08T20:03:31+00:00,8477940.0
2026-10-08-late-2004,2026-10-08T20:04:04+00:00,2026020061,2026-10-08,player_sog,under:8478427,S. Aho Under 2.5,2.5,0.43455828581915457,0.5013449207143846,0.0,,1.91,-0.06678663489523007,-0.16999367408541483,5,,,3.0633870997091095,2026-10-08T20:03:31+00:00,8478427.0
2026-10-08-late-2004,2026-10-08T20:04:04+00:00,2026020061,2026-10-08,player_sog,under:8478444,B. Boeser Under 1.5,1.5,0.46010347682187336,0.43314383400808576,0.0,,2.2,0.0269596428137876,0.012227649008121455,5,,,1.8688629031435615,2026-10-08T20:03:31+00:00,8478444.0
2026-10-08-late-2004,2026-10-08T20:04:04+00:00,2026020061,2026-10-08,player_sog,under:8478498,J. DeBrusk Under 1.5,1.5,0.3488639781153151,0.3917964003521135,0.0,,2.4,-0.042932422236798384,-0.16272645252324375,4,,,2.3350450409768055,2026-10-08T20:03:31+00:00,8478498.0
2026-10-08-late-2004,2026-10-08T20:04:04+00:00,2026020061,2026-10-08,player_sog,under:8479425,F. Hronek Under 1.5,1.5,0.4404995569325627,0.530874729649604,0.0,,1.83,-0.09037517271704132,-0.19388581081341022,4,,,1.9434232252372252,2026-10-08T20:03:31+00:00,8479425.0
2026-10-08-late-2004,2026-10-08T20:04:04+00:00,2026020061,2026-10-08,player_sog,under:8480336,S. Walker Under 2.5,2.5,0.6354528361943643,0.6181445186910568,0.0,,1.54,0.017308317503307524,-0.0214026322606789,4,,,2.1674417410471007,2026-10-08T20:03:31+00:00,8480336.0
2026-10-08-late-2004,2026-10-08T20:04:04+00:00,2026020061,2026-10-08,player_sog,under:8480817,K. Miller Under 1.5,1.5,0.510490924456382,0.5359874044084663,0.0,,1.71,-0.02549647995208426,-0.12706051917958677,1,,,1.688316699530819,2026-10-08T20:03:31+00:00,8480817.0
2026-10-08-late-2004,2026-10-08T20:04:04+00:00,2026020061,2026-10-08,player_sog,under:8480830,A. Svechnikov Under 2.5,2.5,0.49993783761463495,0.45607838741999895,0.0,,2.15,0.043859450194635996,0.07486635087146509,5,,,2.7477724112277824,2026-10-08T20:03:31+00:00,8480830.0
2026-10-08-late-2004,2026-10-08T20:04:04+00:00,2026020061,2026-10-08,player_sog,under:8482079,M. Rossi Under 1.5,1.5,0.6084192199006848,0.5560224089635916,0.0,,1.7,0.05239681093709325,0.03431267383116415,1,,,1.371847846899434,2026-10-08T20:03:31+00:00,8482079.0
2026-10-08-late-2004,2026-10-08T20:04:04+00:00,2026020061,2026-10-08,player_sog,under:8482702,L. Stankoven Under 2.5,2.5,0.592941299157804,0.5676295304807735,0.0,,1.71,0.02531176867703061,0.01392962155984484,4,,,2.34200709936778,2026-10-08T20:03:31+00:00,8482702.0
2026-10-08-late-2004,2026-10-08T20:04:04+00:00,2026020061,2026-10-08,player_sog,under:8482809,J. Blake Under 2.5,2.5,0.6019738294756625,0.606417260458987,0.0,,1.57,-0.004443430983324503,-0.054901087723209896,3,,,2.3044847306979515,2026-10-08T20:03:31+00:00,8482809.0
2026-10-08-late-2004,2026-10-08T20:04:04+00:00,2026020061,2026-10-08,spreads,away,VAN +1.5,1.5,0.5710188846900017,0.451034411651027,0.0,,2.12,0.11998447303897475,0.21056003554280367,9,3.666016507203436,2.4577903844211377,6.217033714366162,2026-10-08T20:03:31+00:00,
2026-10-08-late-2004,2026-10-08T20:04:04+00:00,2026020061,2026-10-08,spreads,home,CAR -1.5,-1.5,0.4289811153099982,0.548965588348973,0.0,,1.77,-0.1199844730389748,-0.24070342590130311,9,3.666016507203436,2.4577903844211377,6.217033714366162,2026-10-08T20:03:31+00:00,
2026-10-08-late-2004,2026-10-08T20:04:04+00:00,2026020061,2026-10-08,totals,over,Over 6.5,6.5,0.4565986862830318,0.4789494653755086,0.0,,2.04,-0.02235077909247679,-0.06853867998261515,9,3.666016507203436,2.4577903844211377,6.217033714366162,2026-10-08T20:03:31+00:00,
2026-10-08-late-2004,2026-10-08T20:04:04+00:00,2026020061,2026-10-08,totals,under,Under 6.5,6.5,0.5434013137169682,0.5210505346244914,0.0,,1.87,0.022350779092476847,0.016160456650730626,9,3.666016507203436,2.4577903844211377,6.217033714366162,2026-10-08T20:03:31+00:00,
2026-10-08-late-2004,2026-10-08T20:04:04+00:00,2026020062,2026-10-08,spreads,away,CHI +1.5,1.5,0.6045715066283728,0.6016367826814462,0.0,,1.62,0.0029347239469266206,-0.02059415926203606,9,3.5124652366419364,2.6082930241679496,6.2234049255877055,2026-10-08T20:03:31+00:00,
2026-10-08-late-2004,2026-10-08T20:04:04+00:00,2026020062,2026-10-08,spreads,home,NYI -1.5,-1.5,0.3954284933716272,0.39836321731855384,0.0,,2.44,-0.0029347239469266206,-0.03515447617322964,9,3.5124652366419364,2.6082930241679496,6.2234049255877055,2026-10-08T20:03:31+00:00,
2026-10-08-late-2004,2026-10-08T20:04:04+00:00,2026020062,2026-10-08,totals,over,Over 5.5,5.5,0.5867852217015548,0.5331249770758728,0.0,,1.83,0.053660244625681974,0.07381695571384528,6,3.5124652366419364,2.6082930241679496,6.2234049255877055,2026-10-08T20:03:31+00:00,
2026-10-08-late-2004,2026-10-08T20:04:04+00:00,2026020062,2026-10-08,totals,under,Under 5.5,5.5,0.4132147782984452,0.4668750229241272,0.0,,2.08,-0.053660244625681974,-0.1405132611392339,6,3.5124652366419364,2.6082930241679496,6.2234049255877055,2026-10-08T20:03:31+00:00,
2026-10-08-late-2004,2026-10-08T20:04:04+00:00,2026020063,2026-10-08,spreads,away,SJS +1.5,1.5,0.6634626458199137,0.6457070504741352,0.0,,1.51,0.01775559534577842,0.0018285951880696039,9,3.2089294768103303,2.8206169855567205,6.142000059583093,2026-10-08T20:03:31+00:00,
2026-10-08-late-2004,2026-10-08T20:04:04+00:00,2026020063,2026-10-08,spreads,home,STL -1.5,-1.5,0.33653735418008635,0.35429294952586476,0.0,,2.7,-0.01775559534577842,-0.09134914371376679,9,3.2089294768103303,2.8206169855567205,6.142000059583093,2026-10-08T20:03:31+00:00,
2026-10-08-late-2004,2026-10-08T20:04:04+00:00,2026020063,2026-10-08,totals,over,Over 5.5,5.5,0.5729192265039847,0.5388090916232364,0.0,,1.81,0.03411013488074832,0.036983799972212406,5,3.2089294768103303,2.8206169855567205,6.142000059583093,2026-10-08T20:03:31+00:00,
2026-10-08-late-2004,2026-10-08T20:04:04+00:00,2026020063,2026-10-08,totals,under,Under 5.5,5.5,0.42708077349601525,0.4611909083767636,0.0,,2.1,-0.03411013488074832,-0.10313037565836791,5,3.2089294768103303,2.8206169855567205,6.142000059583093,2026-10-08T20:03:31+00:00,
2026-10-08-late-2004,2026-10-08T20:04:04+00:00,2026020064,2026-10-08,spreads,away,COL -1.5,-1.5,0.39084162211344853,0.47300716833170986,0.0,,2.05,-0.08216554621826133,-0.1987746746674306,9,2.6002940367722958,3.5464516867551072,6.248126645431232,2026-10-08T20:03:31+00:00,
2026-10-08-late-2004,2026-10-08T20:04:04+00:00,2026020064,2026-10-08,spreads,home,CGY +1.5,1.5,0.6091583778865515,0.5269928316682901,0.0,,1.85,0.08216554621826133,0.1269429990901203,9,2.6002940367722958,3.5464516867551072,6.248126645431232,2026-10-08T20:03:31+00:00,
2026-10-08-late-2004,2026-10-08T20:04:04+00:00,2026020064,2026-10-08,totals,over,Over 6,6.0,0.5286905860095485,0.5244139659036118,0.1264889900809592,,1.84,0.004276620105936768,-0.0237676421144426,6,2.6002940367722958,3.5464516867551072,6.248126645431232,2026-10-08T20:03:31+00:00,
2026-10-08-late-2004,2026-10-08T20:04:04+00:00,2026020064,2026-10-08,totals,under,Under 6,6.0,0.47130941399045145,0.4755860340963882,0.1264889900809592,,2.03,-0.004276620105936768,-0.03777226665476524,6,2.6002940367722958,3.5464516867551072,6.248126645431232,2026-10-08T20:03:31+00:00,
2026-10-08-late-2004,2026-10-08T20:04:04+00:00,2026020065,2026-10-08,spreads,away,TOR +1.5,1.5,0.6197093842044309,0.6157513697347816,0.0,,1.61,0.003958014469649274,-0.002267891430866198,9,3.43479731070202,2.6649381404052006,6.205672518127192,2026-10-08T20:03:31+00:00,
2026-10-08-late-2004,2026-10-08T20:04:04+00:00,2026020065,2026-10-08,spreads,home,VGK -1.5,-1.5,0.3802906157955691,0.38424863026521844,0.0,,2.57,-0.003958014469649329,-0.022653117405387446,9,3.43479731070202,2.6649381404052006,6.205672518127192,2026-10-08T20:03:31+00:00,
2026-10-08-late-2004,2026-10-08T20:04:04+00:00,2026020065,2026-10-08,totals,over,Over 6.5,6.5,0.4555234646313999,0.5081683383586062,0.0,,1.93,-0.052644873727206276,-0.1208397132613982,9,3.43479731070202,2.6649381404052006,6.205672518127192,2026-10-08T20:03:31+00:00,
2026-10-08-late-2004,2026-10-08T20:04:04+00:00,2026020065,2026-10-08,totals,under,Under 6.5,6.5,0.5444765353686001,0.4918316616413938,0.0,,1.98,0.052644873727206276,0.07806354002982818,9,3.43479731070202,2.6649381404052006,6.205672518127192,2026-10-08T20:03:31+00:00,
