run_id,run_at,game_id,game_date,market,side,label,point,p_model,p_market,p_push,book,decimal,edge,ev,n_books,lam_home,lam_away,exp_total,odds_captured_at,player_id
2026-10-09-late-2002,2026-10-09T20:02:21+00:00,2026020066,2026-10-09,player_assists,over:8474586,J. Eberle Over 0.5,0.5,0.28584042030972556,0.3301050801051095,0.0,,2.75,-0.044264659795383965,-0.2139388441482547,2,,,0.3377847129036987,2026-10-09T20:01:54+00:00,8474586.0
2026-10-09-late-2002,2026-10-09T20:02:21+00:00,2026020066,2026-10-09,player_assists,over:8475753,J. Faulk Over 0.5,0.5,0.26657805785343314,0.259461924304669,0.0,,3.4,0.007116133548764114,-0.0936346032983274,1,,,0.3109973066743155,2026-10-09T20:01:54+00:00,8475753.0
2026-10-09-late-2002,2026-10-09T20:02:21+00:00,2026020066,2026-10-09,player_assists,over:8476905,C. Stephenson Over 0.5,0.5,0.3339763180568863,0.3384959292978318,0.0,,2.7,-0.004519611240945465,-0.09826394124640692,2,,,0.408086389324974,2026-10-09T20:01:54+00:00,8476905.0
2026-10-09-late-2002,2026-10-09T20:02:21+00:00,2026020066,2026-10-09,player_assists,over:8477429,A. Copp Over 0.5,0.5,0.36262018396520146,0.26464884325341664,0.0,,3.4,0.09797134071178482,0.2329086254816849,2,,,0.4524241555302123,2026-10-09T20:01:54+00:00,8477429.0
2026-10-09-late-2002,2026-10-09T20:02:21+00:00,2026020066,2026-10-09,player_assists,over:8477946,D. Larkin Over 0.5,0.5,0.4248858036266503,0.381674748484781,0.0,,2.5,0.04321105514186929,0.062214509066625734,2,,,0.5562581271364596,2026-10-09T20:01:54+00:00,8477946.0
2026-10-09-late-2002,2026-10-09T20:02:21+00:00,2026020066,2026-10-09,player_assists,over:8477955,J. McCann Over 0.5,0.5,0.29052173832295747,0.35707338638369257,0.0,,2.6,-0.0665516480607351,-0.24464348036031058,2,,,0.3444061588663521,2026-10-09T20:01:54+00:00,8477955.0
2026-10-09-late-2002,2026-10-09T20:02:21+00:00,2026020066,2026-10-09,player_assists,over:8477986,B. Montour Over 0.5,0.5,0.265054485837526,0.321353760189408,0.0,,2.95,-0.05629927435188198,-0.2180892667792983,2,,,0.3089092499252079,2026-10-09T20:01:54+00:00,8477986.0
2026-10-09-late-2002,2026-10-09T20:02:21+00:00,2026020066,2026-10-09,player_assists,over:8478042,V. Arvidsson Over 0.5,0.5,0.3347777034806326,0.3718520520791056,0.0,,2.45,-0.03707434859847297,-0.17979462647244998,2,,,0.4093001934622972,2026-10-09T20:01:54+00:00,8478042.0
2026-10-09-late-2002,2026-10-09T20:02:21+00:00,2026020066,2026-10-09,player_assists,over:8478407,V. Dunn Over 0.5,0.5,0.2835066553177996,0.36755898350033256,0.0,,2.5,-0.08405232818253294,-0.29123336170550096,2,,,0.33450025923032467,2026-10-09T20:01:54+00:00,8478407.0
2026-10-09-late-2002,2026-10-09T20:02:21+00:00,2026020066,2026-10-09,player_assists,over:8479337,A. DeBrincat Over 0.5,0.5,0.43096551737934996,0.3935052997698829,0.0,,2.35,0.03746021760946705,0.012768965841472468,2,,,0.5670050919262549,2026-10-09T20:01:54+00:00,8479337.0
2026-10-09-late-2002,2026-10-09T20:02:21+00:00,2026020066,2026-10-09,player_assists,over:8481542,M. Seider Over 0.5,0.5,0.44916233290049123,0.47392438070404763,0.0,,1.95,-0.024762047803556397,-0.12413345084404209,2,,,0.5998852241881123,2026-10-09T20:01:54+00:00,8481542.0
2026-10-09-late-2002,2026-10-09T20:02:21+00:00,2026020066,2026-10-09,player_assists,over:8481554,K. Kakko Over 0.5,0.5,0.28085335329132866,0.28542898904644987,0.0,,3.2,-0.00457563575512121,-0.10126926946774828,2,,,0.3307793306421048,2026-10-09T20:01:54+00:00,8481554.0
2026-10-09-late-2002,2026-10-09T20:02:21+00:00,2026020066,2026-10-09,player_assists,over:8482078,L. Raymond Over 0.5,0.5,0.4223000157826252,0.4515047782056955,0.0,,2.05,-0.029204762423070296,-0.13428496764561837,2,,,0.5517223705577065,2026-10-09T20:01:54+00:00,8482078.0
2026-10-09-late-2002,2026-10-09T20:02:21+00:00,2026020066,2026-10-09,player_assists,over:8482259,B. McMann Over 0.5,0.5,0.1980304436771636,0.22901053864161885,0.0,,4.0,-0.03098009496445525,-0.2078782252913456,2,,,0.22117236590513004,2026-10-09T20:01:54+00:00,8482259.0
2026-10-09-late-2002,2026-10-09T20:02:21+00:00,2026020066,2026-10-09,player_assists,over:8482665,M. Beniers Over 0.5,0.5,0.29969102565837447,0.3073441582680122,0.0,,3.0,-0.007653132609637736,-0.1009269230248766,2,,,0.3575056927062885,2026-10-09T20:01:54+00:00,8482665.0
2026-10-09-late-2002,2026-10-09T20:02:21+00:00,2026020066,2026-10-09,player_assists,over:8482713,M. Samoskevich Over 0.5,0.5,0.2217372290348114,0.21870711174992297,0.0,,4.1,0.003030117284888445,-0.09087736095727328,2,,,0.2513205716678383,2026-10-09T20:01:54+00:00,8482713.0
2026-10-09-late-2002,2026-10-09T20:02:21+00:00,2026020066,2026-10-09,player_assists,over:8483524,S. Wright Over 0.5,0.5,0.16820611904525273,0.22987012987012992,0.0,,3.85,-0.061664010824877186,-0.35240644167577695,1,,,0.18451021305962448,2026-10-09T20:01:54+00:00,8483524.0
2026-10-09-late-2002,2026-10-09T20:02:21+00:00,2026020066,2026-10-09,player_assists,over:8484471,E. Finnie Over 0.5,0.5,0.24000625002533504,0.24689419108028582,0.0,,3.85,-0.006887941054950775,-0.07597593740246011,2,,,0.27519965038964644,2026-10-09T20:01:54+00:00,8484471.0
2026-10-09-late-2002,2026-10-09T20:02:21+00:00,2026020066,2026-10-09,player_assists,over:8484800,B. Catton Over 0.5,0.5,0.17643301040622061,0.19696969696970473,0.0,,4.4,-0.02053668656348412,-0.2236947542126292,1,,,0.19448766174152793,2026-10-09T20:01:54+00:00,8484800.0
2026-10-09-late-2002,2026-10-09T20:02:21+00:00,2026020066,2026-10-09,player_assists,under:8474586,J. Eberle Under 0.5,0.5,0.7141595796902744,0.6698949198948905,0.0,,1.43,0.044264659795383965,0.0212481989570924,2,,,0.3377847129036987,2026-10-09T20:01:54+00:00,8474586.0
2026-10-09-late-2002,2026-10-09T20:02:21+00:00,2026020066,2026-10-09,player_assists,under:8475753,J. Faulk Under 0.5,0.5,0.7334219421465669,0.740538075695331,0.0,,1.29,-0.007116133548764114,-0.05388569463092871,1,,,0.3109973066743155,2026-10-09T20:01:54+00:00,8475753.0
2026-10-09-late-2002,2026-10-09T20:02:21+00:00,2026020066,2026-10-09,player_assists,under:8476905,C. Stephenson Under 0.5,0.5,0.6660236819431137,0.6615040707021682,0.0,,1.44,0.004519611240945465,-0.04092589800191632,2,,,0.408086389324974,2026-10-09T20:01:54+00:00,8476905.0
2026-10-09-late-2002,2026-10-09T20:02:21+00:00,2026020066,2026-10-09,player_assists,under:8477429,A. Copp Under 0.5,0.5,0.6373798160347985,0.7353511567465834,0.0,,1.31,-0.09797134071178482,-0.1650324409944139,2,,,0.4524241555302123,2026-10-09T20:01:54+00:00,8477429.0
2026-10-09-late-2002,2026-10-09T20:02:21+00:00,2026020066,2026-10-09,player_assists,under:8477946,D. Larkin Under 0.5,0.5,0.5751141963733497,0.618325251515219,0.0,,1.57,-0.04321105514186929,-0.0970707116938409,2,,,0.5562581271364596,2026-10-09T20:01:54+00:00,8477946.0
2026-10-09-late-2002,2026-10-09T20:02:21+00:00,2026020066,2026-10-09,player_assists,under:8477955,J. McCann Under 0.5,0.5,0.7094782616770425,0.6429266136163074,0.0,,1.5,0.0665516480607351,0.0642173925155638,2,,,0.3444061588663521,2026-10-09T20:01:54+00:00,8477955.0
2026-10-09-late-2002,2026-10-09T20:02:21+00:00,2026020066,2026-10-09,player_assists,under:8477986,B. Montour Under 0.5,0.5,0.734945514162474,0.678646239810592,0.0,,1.43,0.05629927435188198,0.05097208525233776,2,,,0.3089092499252079,2026-10-09T20:01:54+00:00,8477986.0
2026-10-09-late-2002,2026-10-09T20:02:21+00:00,2026020066,2026-10-09,player_assists,under:8478042,V. Arvidsson Under 0.5,0.5,0.6652222965193674,0.6281479479208945,0.0,,1.51,0.03707434859847297,0.004485667744244748,2,,,0.4093001934622972,2026-10-09T20:01:54+00:00,8478042.0
2026-10-09-late-2002,2026-10-09T20:02:21+00:00,2026020066,2026-10-09,player_assists,under:8478407,V. Dunn Under 0.5,0.5,0.7164933446822004,0.6324410164996674,0.0,,1.51,0.08405232818253294,0.08190495047012258,2,,,0.33450025923032467,2026-10-09T20:01:54+00:00,8478407.0
2026-10-09-late-2002,2026-10-09T20:02:21+00:00,2026020066,2026-10-09,player_assists,under:8479337,A. DeBrincat Under 0.5,0.5,0.56903448262065,0.6064947002301171,0.0,,1.57,-0.03746021760946705,-0.1066158622855794,2,,,0.5670050919262549,2026-10-09T20:01:54+00:00,8479337.0
2026-10-09-late-2002,2026-10-09T20:02:21+00:00,2026020066,2026-10-09,player_assists,under:8481542,M. Seider Under 0.5,0.5,0.5508376670995088,0.5260756192959524,0.0,,1.77,0.024762047803556397,-0.025017329233869456,2,,,0.5998852241881123,2026-10-09T20:01:54+00:00,8481542.0
2026-10-09-late-2002,2026-10-09T20:02:21+00:00,2026020066,2026-10-09,player_assists,under:8481554,K. Kakko Under 0.5,0.5,0.7191466467086713,0.7145710109535501,0.0,,1.36,0.00457563575512121,-0.021960560476206925,2,,,0.3307793306421048,2026-10-09T20:01:54+00:00,8481554.0
2026-10-09-late-2002,2026-10-09T20:02:21+00:00,2026020066,2026-10-09,player_assists,under:8482078,L. Raymond Under 0.5,0.5,0.5776999842173748,0.5484952217943044,0.0,,1.71,0.029204762423070296,-0.012133026988289164,2,,,0.5517223705577065,2026-10-09T20:01:54+00:00,8482078.0
2026-10-09-late-2002,2026-10-09T20:02:21+00:00,2026020066,2026-10-09,player_assists,under:8482259,B. McMann Under 0.5,0.5,0.8019695563228364,0.7709894613583812,0.0,,1.25,0.03098009496445525,0.0024619454035454957,2,,,0.22117236590513004,2026-10-09T20:01:54+00:00,8482259.0
2026-10-09-late-2002,2026-10-09T20:02:21+00:00,2026020066,2026-10-09,player_assists,under:8482665,M. Beniers Under 0.5,0.5,0.7003089743416255,0.6926558417319878,0.0,,1.41,0.007653132609637736,-0.012564346178308039,2,,,0.3575056927062885,2026-10-09T20:01:54+00:00,8482665.0
2026-10-09-late-2002,2026-10-09T20:02:21+00:00,2026020066,2026-10-09,player_assists,under:8482713,M. Samoskevich Under 0.5,0.5,0.7782627709651886,0.781292888250077,0.0,,1.22,-0.003030117284888445,-0.05051941942246993,2,,,0.2513205716678383,2026-10-09T20:01:54+00:00,8482713.0
2026-10-09-late-2002,2026-10-09T20:02:21+00:00,2026020066,2026-10-09,player_assists,under:8483524,S. Wright Under 0.5,0.5,0.8317938809547473,0.7701298701298701,0.0,,1.25,0.061664010824877186,0.03974235119343408,1,,,0.18451021305962448,2026-10-09T20:01:54+00:00,8483524.0
2026-10-09-late-2002,2026-10-09T20:02:21+00:00,2026020066,2026-10-09,player_assists,under:8484471,E. Finnie Under 0.5,0.5,0.759993749974665,0.7531058089197142,0.0,,1.29,0.006887941054950775,-0.019608062532682186,2,,,0.27519965038964644,2026-10-09T20:01:54+00:00,8484471.0
2026-10-09-late-2002,2026-10-09T20:02:21+00:00,2026020066,2026-10-09,player_assists,under:8484800,B. Catton Under 0.5,0.5,0.8235669895937794,0.8030303030302952,0.0,,1.2,0.02053668656348412,-0.011719612487464781,1,,,0.19448766174152793,2026-10-09T20:01:54+00:00,8484800.0
2026-10-09-late-2002,2026-10-09T20:02:21+00:00,2026020066,2026-10-09,player_goals,over:8474586,J. Eberle to score (anytime),0.5,0.22637401858804396,0.26814658265288094,0.0,,3.7,-0.04177256406483698,-0.16241613122423737,5,,,0.25832076378382346,2026-10-09T20:01:54+00:00,8474586.0
2026-10-09-late-2002,2026-10-09T20:02:21+00:00,2026020066,2026-10-09,player_goals,over:8475279,B. Chiarot to score (anytime),0.5,0.049147873579942325,0.0625010155261016,0.0,,19.0,-0.013353141946159275,-0.06619040198109583,4,,,0.05046027035476716,2026-10-09T20:01:54+00:00,8475279.0
2026-10-09-late-2002,2026-10-09T20:02:21+00:00,2026020066,2026-10-09,player_goals,over:8475753,J. Faulk to score (anytime),0.5,0.22460035923740895,0.13130681757816787,0.0,,8.0,0.09329354165924109,0.7968028738992717,5,,,0.2560012851246847,2026-10-09T20:01:54+00:00,8475753.0
2026-10-09-late-2002,2026-10-09T20:02:21+00:00,2026020066,2026-10-09,player_goals,over:8476457,A. Larsson to score (anytime),0.5,0.12211246294309142,0.07102831401896822,0.0,,15.0,0.05108414892412319,0.8316869441463712,5,,,0.13066174588602023,2026-10-09T20:01:54+00:00,8476457.0
2026-10-09-late-2002,2026-10-09T20:02:21+00:00,2026020066,2026-10-09,player_goals,over:8476905,C. Stephenson to score (anytime),0.5,0.16964385963803874,0.18999936423167396,0.0,,5.0,-0.02035550459363522,-0.1517807018098063,5,,,0.18676724426549324,2026-10-09T20:01:54+00:00,8476905.0
2026-10-09-late-2002,2026-10-09T20:02:21+00:00,2026020066,2026-10-09,player_goals,over:8477429,A. Copp to score (anytime),0.5,0.12163740447341398,0.18758456041807978,0.0,,5.25,-0.0659471559446658,-0.3614036265145766,5,,,0.13011722707980522,2026-10-09T20:01:54+00:00,8477429.0
2026-10-09-late-2002,2026-10-09T20:02:21+00:00,2026020066,2026-10-09,player_goals,over:8477919,F. Gaudreau to score (anytime),0.5,0.1610046525537323,0.10481315154212349,0.0,,11.0,0.056191501011608816,0.7710511780910554,5,,,0.17632282313725534,2026-10-09T20:01:54+00:00,8477919.0
2026-10-09-late-2002,2026-10-09T20:02:21+00:00,2026020066,2026-10-09,player_goals,over:8477946,D. Larkin to score (anytime),0.5,0.34070669742291515,0.3612456773089744,0.0,,2.7,-0.02053897988605924,-0.080091916958129,5,,,0.4209556657511593,2026-10-09T20:01:54+00:00,8477946.0
2026-10-09-late-2002,2026-10-09T20:02:21+00:00,2026020066,2026-10-09,player_goals,over:8477955,J. McCann to score (anytime),0.5,0.2058901589523191,0.26255142485233307,0.0,,3.6,-0.05666126590001397,-0.2587954277716512,5,,,0.23186725037127603,2026-10-09T20:01:54+00:00,8477955.0
2026-10-09-late-2002,2026-10-09T20:02:21+00:00,2026020066,2026-10-09,player_goals,over:8477986,B. Montour to score (anytime),0.5,0.13116801594030536,0.1512599399637189,0.0,,6.75,-0.020091924023413532,-0.11461589240293879,5,,,0.14110092446750302,2026-10-09T20:01:54+00:00,8477986.0
2026-10-09-late-2002,2026-10-09T20:02:21+00:00,2026020066,2026-10-09,player_goals,over:8478042,V. Arvidsson to score (anytime),0.5,0.2878908690019142,0.31410564781587097,0.0,,3.05,-0.026214778813956785,-0.12193284954416184,5,,,0.3424223983398248,2026-10-09T20:01:54+00:00,8478042.0
2026-10-09-late-2002,2026-10-09T20:02:21+00:00,2026020066,2026-10-09,player_goals,over:8478407,V. Dunn to score (anytime),0.5,0.12806726945734892,0.14280160822216895,0.0,,6.75,-0.014734338764820026,-0.13554593116289482,5,,,0.13751359577727212,2026-10-09T20:01:54+00:00,8478407.0
2026-10-09-late-2002,2026-10-09T20:02:21+00:00,2026020066,2026-10-09,player_goals,over:8478434,K. Kolesar to score (anytime),0.5,0.07694057305313962,0.10773405935582955,0.0,,10.0,-0.030793486302689937,-0.23059426946860384,5,,,0.08022212277827206,2026-10-09T20:01:54+00:00,8478434.0
2026-10-09-late-2002,2026-10-09T20:02:21+00:00,2026020066,2026-10-09,player_goals,over:8479337,A. DeBrincat to score (anytime),0.5,0.34483423154912507,0.4022510749417437,0.0,,2.35,-0.057416843392618655,-0.18963955585955605,5,,,0.4273690798647882,2026-10-09T20:01:54+00:00,8479337.0
2026-10-09-late-2002,2026-10-09T20:02:21+00:00,2026020066,2026-10-09,player_goals,over:8479985,C. Fleury to score (anytime),0.5,0.04146985227232247,0.06437808114553578,0.0,,26.0,-0.02290822887321331,0.07821615908038426,4,,,0.042399142729140735,2026-10-09T20:01:54+00:00,8479985.0
2026-10-09-late-2002,2026-10-09T20:02:21+00:00,2026020066,2026-10-09,player_goals,over:8479992,M. Rasmussen to score (anytime),0.5,0.07045846605195161,0.13576316380054698,0.0,,7.5,-0.06530469774859538,-0.47156150461036295,5,,,0.07319740923048211,2026-10-09T20:01:54+00:00,8479992.0
2026-10-09-late-2002,2026-10-09T20:02:21+00:00,2026020066,2026-10-09,player_goals,over:8481542,M. Seider to score (anytime),0.5,0.1500665704804891,0.15850450044567937,0.0,,6.5,-0.008437929965190272,-0.02456729187682083,5,,,0.16325999220763687,2026-10-09T20:01:54+00:00,8481542.0
2026-10-09-late-2002,2026-10-09T20:02:21+00:00,2026020066,2026-10-09,player_goals,over:8481554,K. Kakko to score (anytime),0.5,0.1577642299583064,0.17971634571761602,0.0,,6.0,-0.02195211575930961,-0.053414620250161526,5,,,0.17243438731477426,2026-10-09T20:01:54+00:00,8481554.0
2026-10-09-late-2002,2026-10-09T20:02:21+00:00,2026020066,2026-10-09,player_goals,over:8482078,L. Raymond to score (anytime),0.5,0.21621580455303646,0.30849523320005734,0.0,,3.1,-0.09227942864702088,-0.32973100588558696,5,,,0.24511138711186894,2026-10-09T20:01:54+00:00,8482078.0
2026-10-09-late-2002,2026-10-09T20:02:21+00:00,2026020066,2026-10-09,player_goals,over:8482259,B. McMann to score (anytime),0.5,0.2639864584864241,0.27059401538831,0.0,,3.65,-0.006607556901885914,-0.036449426524552075,5,,,0.3088674656117876,2026-10-09T20:01:54+00:00,8482259.0
2026-10-09-late-2002,2026-10-09T20:02:21+00:00,2026020066,2026-10-09,player_goals,over:8482665,M. Beniers to score (anytime),0.5,0.19022443079941798,0.21194679578553705,0.0,,4.7,-0.02172236498611907,-0.1059451752427355,5,,,0.2121150745761165,2026-10-09T20:01:54+00:00,8482665.0
2026-10-09-late-2002,2026-10-09T20:02:21+00:00,2026020066,2026-10-09,player_goals,over:8482713,M. Samoskevich to score (anytime),0.5,0.2380343485825096,0.2428298382272991,0.0,,3.95,-0.004795489644789486,-0.05976432309908708,5,,,0.27370981328687494,2026-10-09T20:01:54+00:00,8482713.0
2026-10-09-late-2002,2026-10-09T20:02:21+00:00,2026020066,2026-10-09,player_goals,over:8482751,R. Winterton to score (anytime),0.5,0.0817538414026514,0.11049797849948309,0.0,,9.5,-0.028744137096831684,-0.2233385066748116,5,,,0.08547189512800851,2026-10-09T20:01:54+00:00,8482751.0
2026-10-09-late-2002,2026-10-09T20:02:21+00:00,2026020066,2026-10-09,player_goals,over:8482802,C. Mazur to score (anytime),0.5,0.07478598195922082,0.10871782718662149,0.0,,9.5,-0.03393184522740067,-0.2895331713874022,5,,,0.0778814428420529,2026-10-09T20:01:54+00:00,8482802.0
2026-10-09-late-2002,2026-10-09T20:02:21+00:00,2026020066,2026-10-09,player_goals,over:8482858,R. Evans to score (anytime),0.5,0.08804426679347788,0.07788161993769471,0.0,,14.0,0.010162646855783164,0.23261973510869038,5,,,0.0923765090833017,2026-10-09T20:01:54+00:00,8482858.0
2026-10-09-late-2002,2026-10-09T20:02:21+00:00,2026020066,2026-10-09,player_goals,over:8483524,S. Wright to score (anytime),0.5,0.16419264011747492,0.2002239268108244,0.0,,5.0,-0.036031286693349485,-0.1790367994126254,5,,,0.1801637571102524,2026-10-09T20:01:54+00:00,8483524.0
2026-10-09-late-2002,2026-10-09T20:02:21+00:00,2026020066,2026-10-09,player_goals,over:8483570,B. Meyers to score (anytime),0.5,0.08507428255133542,0.09545350666845993,0.0,,11.0,-0.010379224117124511,-0.06418289193531035,4,,,0.0891103286871008,2026-10-09T20:01:54+00:00,8483570.0
2026-10-09-late-2002,2026-10-09T20:02:21+00:00,2026020066,2026-10-09,player_goals,over:8484160,N. Danielson to score (anytime),0.5,0.07018086726254291,0.12109715758477042,0.0,,8.5,-0.05091629032222751,-0.4034626282683852,5,,,0.07289772268525305,2026-10-09T20:01:54+00:00,8484160.0
2026-10-09-late-2002,2026-10-09T20:02:21+00:00,2026020066,2026-10-09,player_goals,over:8484471,E. Finnie to score (anytime),0.5,0.18762899424640656,0.17710332237285673,0.0,,6.0,0.01052567187354983,0.12577396547843933,5,,,0.20888138957342253,2026-10-09T20:01:54+00:00,8484471.0
2026-10-09-late-2002,2026-10-09T20:02:21+00:00,2026020066,2026-10-09,player_goals,over:8484794,M. Brandsegg-Nygård to score (anytime),0.5,0.07920518958032507,0.18632791126245402,0.0,,5.75,-0.10712272168212894,-0.5445701599131308,5,,,0.08268852264339191,2026-10-09T20:01:54+00:00,8484794.0
2026-10-09-late-2002,2026-10-09T20:02:21+00:00,2026020066,2026-10-09,player_goals,over:8484800,B. Catton to score (anytime),0.5,0.13560571163237767,0.18092879775122767,0.0,,5.4,-0.04532308611885,-0.26772915718516055,5,,,0.1462584573791673,2026-10-09T20:01:54+00:00,8484800.0
2026-10-09-late-2002,2026-10-09T20:02:21+00:00,2026020066,2026-10-09,player_points,over:8474586,J. Eberle Over 0.5,0.5,0.44383815941175797,0.4966921392120954,0.0,,1.95,-0.0528539798003374,-0.13451558914707196,3,,,0.5901515710112939,2026-10-09T20:01:54+00:00,8474586.0
2026-10-09-late-2002,2026-10-09T20:02:21+00:00,2026020066,2026-10-09,player_points,over:8475753,J. Faulk Over 0.5,0.5,0.4300147223612608,0.36475444764031384,0.0,,2.52,0.06526027472094698,0.0836371003503773,2,,,0.5653166904884839,2026-10-09T20:01:54+00:00,8475753.0
2026-10-09-late-2002,2026-10-09T20:02:21+00:00,2026020066,2026-10-09,player_points,over:8476905,C. Stephenson Over 0.5,0.5,0.4541493594186379,0.4369097430977947,0.0,,2.15,0.0172396163208432,-0.023578877249928576,3,,,0.6090899420128651,2026-10-09T20:01:54+00:00,8476905.0
2026-10-09-late-2002,2026-10-09T20:02:21+00:00,2026020066,2026-10-09,player_points,over:8477429,A. Copp Over 0.5,0.5,0.4399209259561373,0.37753746657227344,0.0,,2.45,0.06238345938386386,0.07780626859253648,3,,,0.583050582803864,2026-10-09T20:01:54+00:00,8477429.0
2026-10-09-late-2002,2026-10-09T20:02:21+00:00,2026020066,2026-10-09,player_points,over:8477946,D. Larkin Over 0.5,0.5,0.63358743692494,0.6013860111878561,0.0,,1.59,0.032201425737083955,0.007404024710654655,3,,,1.0141432347008286,2026-10-09T20:01:54+00:00,8477946.0
2026-10-09-late-2002,2026-10-09T20:02:21+00:00,2026020066,2026-10-09,player_points,over:8477955,J. McCann Over 0.5,0.5,0.44432189271217803,0.5142520447048787,0.0,,1.84,-0.0699301519927007,-0.18244771740959237,3,,,0.5910319982894948,2026-10-09T20:01:54+00:00,8477955.0
2026-10-09-late-2002,2026-10-09T20:02:21+00:00,2026020066,2026-10-09,player_points,over:8477986,B. Montour Over 0.5,0.5,0.34638177888566923,0.4097774052941124,0.0,,2.3,-0.06339562640844315,-0.20332190856296084,3,,,0.4270452160776392,2026-10-09T20:01:54+00:00,8477986.0
2026-10-09-late-2002,2026-10-09T20:02:21+00:00,2026020066,2026-10-09,player_points,over:8478042,V. Arvidsson Over 0.5,0.5,0.5431455466290928,0.5588537857605534,0.0,,1.69,-0.01570823913146069,-0.08208402619683325,3,,,0.7895596041972874,2026-10-09T20:01:54+00:00,8478042.0
2026-10-09-late-2002,2026-10-09T20:02:21+00:00,2026020066,2026-10-09,player_points,over:8478407,V. Dunn Over 0.5,0.5,0.37958058209183154,0.4433966290447531,0.0,,2.12,-0.06381604695292153,-0.1952891659653171,3,,,0.47964553968522616,2026-10-09T20:01:54+00:00,8478407.0
2026-10-09-late-2002,2026-10-09T20:02:21+00:00,2026020066,2026-10-09,player_points,over:8479337,A. DeBrincat Over 0.5,0.5,0.6396743376145678,0.6262805269274753,0.0,,1.53,0.013393810687092556,-0.021298263449711197,3,,,1.0312375499942863,2026-10-09T20:01:54+00:00,8479337.0
2026-10-09-late-2002,2026-10-09T20:02:21+00:00,2026020066,2026-10-09,player_points,over:8481542,M. Seider Over 0.5,0.5,0.5541947739183437,0.5394458064465265,0.0,,1.77,0.014748967471817198,-0.019075250164531654,3,,,0.8144350186885551,2026-10-09T20:01:54+00:00,8481542.0
2026-10-09-late-2002,2026-10-09T20:02:21+00:00,2026020066,2026-10-09,player_points,over:8481554,K. Kakko Over 0.5,0.5,0.41476378279900517,0.4032149093186917,0.0,,2.32,0.01154887348031347,-0.03774802390630805,3,,,0.5386201722883931,2026-10-09T20:01:54+00:00,8481554.0
2026-10-09-late-2002,2026-10-09T20:02:21+00:00,2026020066,2026-10-09,player_points,over:8482078,L. Raymond Over 0.5,0.5,0.5560864581677687,0.6126183787427366,0.0,,1.57,-0.05653192057496792,-0.12694426067660314,3,,,0.8187567932692906,2026-10-09T20:01:54+00:00,8482078.0
2026-10-09-late-2002,2026-10-09T20:02:21+00:00,2026020066,2026-10-09,player_points,over:8482259,B. McMann Over 0.5,0.5,0.41176096183382205,0.42478266481523336,0.0,,2.25,-0.01302170298141131,-0.07353783587390039,3,,,0.5334474686544303,2026-10-09T20:01:54+00:00,8482259.0
2026-10-09-late-2002,2026-10-09T20:02:21+00:00,2026020066,2026-10-09,player_points,over:8482665,M. Beniers Over 0.5,0.5,0.42662677323030407,0.45223688732428885,0.0,,2.06,-0.02561011409398478,-0.12114884714557361,3,,,0.5593237121080756,2026-10-09T20:01:54+00:00,8482665.0
2026-10-09-late-2002,2026-10-09T20:02:21+00:00,2026020066,2026-10-09,player_points,over:8482713,M. Samoskevich Over 0.5,0.5,0.40648962382134124,0.40064175361039345,0.0,,2.35,0.005847870210947792,-0.04474938401984807,3,,,0.5244317879071044,2026-10-09T20:01:54+00:00,8482713.0
2026-10-09-late-2002,2026-10-09T20:02:21+00:00,2026020066,2026-10-09,player_points,over:8483524,S. Wright Over 0.5,0.5,0.3003622064945852,0.3779203059058013,0.0,,2.46,-0.07755809941121605,-0.26110897202332034,2,,,0.35847142426795825,2026-10-09T20:01:54+00:00,8483524.0
2026-10-09-late-2002,2026-10-09T20:02:21+00:00,2026020066,2026-10-09,player_points,over:8484471,E. Finnie Over 0.5,0.5,0.36503059527629933,0.35257265388629805,0.0,,2.7,0.012457941390001281,-0.014417392753991787,3,,,0.45624750356161553,2026-10-09T20:01:54+00:00,8484471.0
2026-10-09-late-2002,2026-10-09T20:02:21+00:00,2026020066,2026-10-09,player_points,over:8484800,B. Catton Over 0.5,0.5,0.27544507928386286,0.3236939117220958,0.0,,2.86,-0.048248832438232914,-0.21222707324815226,2,,,0.3232380622286742,2026-10-09T20:01:54+00:00,8484800.0
2026-10-09-late-2002,2026-10-09T20:02:21+00:00,2026020066,2026-10-09,player_points,under:8474586,J. Eberle Under 0.5,0.5,0.556161840588242,0.5033078607879047,0.0,,1.91,0.0528539798003374,0.062269115523542196,3,,,0.5901515710112939,2026-10-09T20:01:54+00:00,8474586.0
2026-10-09-late-2002,2026-10-09T20:02:21+00:00,2026020066,2026-10-09,player_points,under:8475753,J. Faulk Under 0.5,0.5,0.5699852776387392,0.6352455523596862,0.0,,1.5,-0.06526027472094698,-0.14502208354189122,2,,,0.5653166904884839,2026-10-09T20:01:54+00:00,8475753.0
2026-10-09-late-2002,2026-10-09T20:02:21+00:00,2026020066,2026-10-09,player_points,under:8476905,C. Stephenson Under 0.5,0.5,0.5458506405813621,0.5630902569022054,0.0,,1.69,-0.0172396163208432,-0.07751241741749804,3,,,0.6090899420128651,2026-10-09T20:01:54+00:00,8476905.0
2026-10-09-late-2002,2026-10-09T20:02:21+00:00,2026020066,2026-10-09,player_points,under:8477429,A. Copp Under 0.5,0.5,0.5600790740438627,0.6224625334277265,0.0,,1.53,-0.06238345938386386,-0.14307901671289003,3,,,0.583050582803864,2026-10-09T20:01:54+00:00,8477429.0
2026-10-09-late-2002,2026-10-09T20:02:21+00:00,2026020066,2026-10-09,player_points,under:8477946,D. Larkin Under 0.5,0.5,0.36641256307506,0.39861398881214394,0.0,,2.35,-0.032201425737083955,-0.13893047677360904,3,,,1.0141432347008286,2026-10-09T20:01:54+00:00,8477946.0
2026-10-09-late-2002,2026-10-09T20:02:21+00:00,2026020066,2026-10-09,player_points,under:8477955,J. McCann Under 0.5,0.5,0.555678107287822,0.48574795529512127,0.0,,1.95,0.0699301519927007,0.0835723092112528,3,,,0.5910319982894948,2026-10-09T20:01:54+00:00,8477955.0
2026-10-09-late-2002,2026-10-09T20:02:21+00:00,2026020066,2026-10-09,player_points,under:8477986,B. Montour Under 0.5,0.5,0.6536182211143308,0.5902225947058877,0.0,,1.65,0.06339562640844315,0.07847006483864571,3,,,0.4270452160776392,2026-10-09T20:01:54+00:00,8477986.0
2026-10-09-late-2002,2026-10-09T20:02:21+00:00,2026020066,2026-10-09,player_points,under:8478042,V. Arvidsson Under 0.5,0.5,0.45685445337090724,0.44114621423944655,0.0,,2.15,0.01570823913146069,-0.017762925252549522,3,,,0.7895596041972874,2026-10-09T20:01:54+00:00,8478042.0
2026-10-09-late-2002,2026-10-09T20:02:21+00:00,2026020066,2026-10-09,player_points,under:8478407,V. Dunn Under 0.5,0.5,0.6204194179081685,0.5566033709552469,0.0,,1.71,0.06381604695292153,0.06091720462296807,3,,,0.47964553968522616,2026-10-09T20:01:54+00:00,8478407.0
2026-10-09-late-2002,2026-10-09T20:02:21+00:00,2026020066,2026-10-09,player_points,under:8479337,A. DeBrincat Under 0.5,0.5,0.3603256623854322,0.37371947307252473,0.0,,2.5,-0.013393810687092556,-0.09918584403641961,3,,,1.0312375499942863,2026-10-09T20:01:54+00:00,8479337.0
2026-10-09-late-2002,2026-10-09T20:02:21+00:00,2026020066,2026-10-09,player_points,under:8481542,M. Seider Under 0.5,0.5,0.4458052260816563,0.4605541935534735,0.0,,2.05,-0.014748967471817198,-0.08609928653260468,3,,,0.8144350186885551,2026-10-09T20:01:54+00:00,8481542.0
2026-10-09-late-2002,2026-10-09T20:02:21+00:00,2026020066,2026-10-09,player_points,under:8481554,K. Kakko Under 0.5,0.5,0.5852362172009948,0.5967850906813084,0.0,,1.61,-0.01154887348031347,-0.05776969030639828,3,,,0.5386201722883931,2026-10-09T20:01:54+00:00,8481554.0
2026-10-09-late-2002,2026-10-09T20:02:21+00:00,2026020066,2026-10-09,player_points,under:8482078,L. Raymond Under 0.5,0.5,0.4439135418322313,0.3873816212572634,0.0,,2.45,0.05653192057496792,0.08758817748896675,3,,,0.8187567932692906,2026-10-09T20:01:54+00:00,8482078.0
2026-10-09-late-2002,2026-10-09T20:02:21+00:00,2026020066,2026-10-09,player_points,under:8482259,B. McMann Under 0.5,0.5,0.588239038166178,0.5752173351847667,0.0,,1.67,0.01302170298141131,-0.017640806262482878,3,,,0.5334474686544303,2026-10-09T20:01:54+00:00,8482259.0
2026-10-09-late-2002,2026-10-09T20:02:21+00:00,2026020066,2026-10-09,player_points,under:8482665,M. Beniers Under 0.5,0.5,0.5733732267696959,0.5477631126757112,0.0,,1.73,0.02561011409398478,-0.008064317688426026,3,,,0.5593237121080756,2026-10-09T20:01:54+00:00,8482665.0
2026-10-09-late-2002,2026-10-09T20:02:21+00:00,2026020066,2026-10-09,player_points,under:8482713,M. Samoskevich Under 0.5,0.5,0.5935103761786588,0.5993582463896066,0.0,,1.62,-0.005847870210947792,-0.03851319059057273,3,,,0.5244317879071044,2026-10-09T20:01:54+00:00,8482713.0
2026-10-09-late-2002,2026-10-09T20:02:21+00:00,2026020066,2026-10-09,player_points,under:8483524,S. Wright Under 0.5,0.5,0.6996377935054148,0.6220796940941987,0.0,,1.53,0.07755809941121605,0.07044582406328465,2,,,0.35847142426795825,2026-10-09T20:01:54+00:00,8483524.0
2026-10-09-late-2002,2026-10-09T20:02:21+00:00,2026020066,2026-10-09,player_points,under:8484471,E. Finnie Under 0.5,0.5,0.6349694047237007,0.6474273461137019,0.0,,1.5,-0.012457941390001281,-0.047545892914448995,3,,,0.45624750356161553,2026-10-09T20:01:54+00:00,8484471.0
2026-10-09-late-2002,2026-10-09T20:02:21+00:00,2026020066,2026-10-09,player_points,under:8484800,B. Catton Under 0.5,0.5,0.7245549207161371,0.6763060882779042,0.0,,1.42,0.048248832438232914,0.02886798741691471,2,,,0.3232380622286742,2026-10-09T20:01:54+00:00,8484800.0
2026-10-09-late-2002,2026-10-09T20:02:21+00:00,2026020066,2026-10-09,player_sog,over:8474586,J. Eberle Over 1.5,1.5,0.47143265914346577,0.5062574447313845,0.0,,1.91,-0.03482478558791868,-0.09956362103598043,4,,,1.6268879536098881,2026-10-09T20:01:54+00:00,8474586.0
2026-10-09-late-2002,2026-10-09T20:02:21+00:00,2026020066,2026-10-09,player_sog,over:8475753,J. Faulk Over 1.5,1.5,0.5822630110896887,0.5539083976555248,0.0,,1.77,0.0283546134341639,0.030605529628749018,4,,,2.03356066822908,2026-10-09T20:01:54+00:00,8475753.0
2026-10-09-late-2002,2026-10-09T20:02:21+00:00,2026020066,2026-10-09,player_sog,over:8477429,A. Copp Over 1.5,1.5,0.5265206431536709,0.49449915679708134,0.0,,1.95,0.032021486356589524,0.02671525414965814,3,,,1.8194665132351013,2026-10-09T20:01:54+00:00,8477429.0
2026-10-09-late-2002,2026-10-09T20:02:21+00:00,2026020066,2026-10-09,player_sog,over:8477946,D. Larkin Over 3.5,3.5,0.403472715001281,0.41485122064676205,0.0,,2.3,-0.01137850564548104,-0.07201275549705377,4,,,3.25952623500169,2026-10-09T20:01:54+00:00,8477946.0
2026-10-09-late-2002,2026-10-09T20:02:21+00:00,2026020066,2026-10-09,player_sog,over:8477955,J. McCann Over 2.5,2.5,0.3692079789094962,0.39105737752014713,0.0,,2.39,-0.02184939861065094,-0.11759293040630403,3,,,2.1863504584549958,2026-10-09T20:01:54+00:00,8477955.0
2026-10-09-late-2002,2026-10-09T20:02:21+00:00,2026020066,2026-10-09,player_sog,over:8477986,B. Montour Over 2.5,2.5,0.40693519042873816,0.45339882398278153,0.0,,2.1,-0.04646363355404337,-0.14543610009964986,4,,,2.3414922445564663,2026-10-09T20:01:54+00:00,8477986.0
2026-10-09-late-2002,2026-10-09T20:02:21+00:00,2026020066,2026-10-09,player_sog,over:8478042,V. Arvidsson Over 2.5,2.5,0.3733212061221731,0.5637092806018,0.0,,1.71,-0.1903880744796269,-0.361620737531084,5,,,2.2030794288690614,2026-10-09T20:01:54+00:00,8478042.0
2026-10-09-late-2002,2026-10-09T20:02:21+00:00,2026020066,2026-10-09,player_sog,over:8478407,V. Dunn Over 2.5,2.5,0.26888528429493386,0.3793395770016974,0.0,,2.61,-0.11045429270676355,-0.29820940799022266,3,,,1.7860017130393329,2026-10-09T20:01:54+00:00,8478407.0
2026-10-09-late-2002,2026-10-09T20:02:21+00:00,2026020066,2026-10-09,player_sog,over:8479337,A. DeBrincat Over 3.5,3.5,0.38106052400742296,0.4575696823974342,0.0,,2.07,-0.07650915839001121,-0.21120471530463453,5,,,3.145921749720522,2026-10-09T20:01:54+00:00,8479337.0
2026-10-09-late-2002,2026-10-09T20:02:21+00:00,2026020066,2026-10-09,player_sog,over:8481542,M. Seider Over 2.5,2.5,0.4579059488665729,0.4062612426413284,0.0,,2.36,0.051644706225244474,0.08065803932511195,3,,,2.558847906314221,2026-10-09T20:01:54+00:00,8481542.0
2026-10-09-late-2002,2026-10-09T20:02:21+00:00,2026020066,2026-10-09,player_sog,over:8482078,L. Raymond Over 2.5,2.5,0.4543155697772401,0.4701178532649434,0.0,,2.02,-0.015802283487703295,-0.082282549049975,5,,,2.543179396196317,2026-10-09T20:01:54+00:00,8482078.0
2026-10-09-late-2002,2026-10-09T20:02:21+00:00,2026020066,2026-10-09,player_sog,over:8482259,B. McMann Over 2.5,2.5,0.5046139949482898,0.4428797703907316,0.0,,2.15,0.061734224557558226,0.0849200891388231,3,,,2.768775795014245,2026-10-09T20:01:54+00:00,8482259.0
2026-10-09-late-2002,2026-10-09T20:02:21+00:00,2026020066,2026-10-09,player_sog,over:8482665,M. Beniers Over 1.5,1.5,0.37363682597449643,0.4661760364334982,0.0,,2.03,-0.09253921045900176,-0.24151724327177232,3,,,1.3174850926388408,2026-10-09T20:01:54+00:00,8482665.0
2026-10-09-late-2002,2026-10-09T20:02:21+00:00,2026020066,2026-10-09,player_sog,over:8482713,M. Samoskevich Over 1.5,1.5,0.5180770367481797,0.5556963147840033,0.0,,1.74,-0.037619278035823545,-0.0985459560581673,4,,,1.7888582210877253,2026-10-09T20:01:54+00:00,8482713.0
2026-10-09-late-2002,2026-10-09T20:02:21+00:00,2026020066,2026-10-09,player_sog,over:8482751,R. Winterton Over 1.5,1.5,0.47688879993658606,0.44206576854636964,0.0,,2.26,0.03482303139021642,0.07776868785668445,3,,,1.6452631714598729,2026-10-09T20:01:54+00:00,8482751.0
2026-10-09-late-2002,2026-10-09T20:02:21+00:00,2026020066,2026-10-09,player_sog,over:8483524,S. Wright Over 1.5,1.5,0.2938572433088581,0.4227461430522319,0.0,,2.28,-0.1288888997433738,-0.3300054852558036,2,,,1.0845701101466048,2026-10-09T20:01:54+00:00,8483524.0
2026-10-09-late-2002,2026-10-09T20:02:21+00:00,2026020066,2026-10-09,player_sog,over:8484471,E. Finnie Over 1.5,1.5,0.4154145819641213,0.4988554644646064,0.0,,1.93,-0.08344088250048509,-0.19824985680924595,4,,,1.445543413455179,2026-10-09T20:01:54+00:00,8484471.0
2026-10-09-late-2002,2026-10-09T20:02:21+00:00,2026020066,2026-10-09,player_sog,over:8484800,B. Catton Over 1.5,1.5,0.36544295402018667,0.4865956218721154,0.0,,1.97,-0.12115266785192874,-0.28007738058023224,3,,,1.2929482263328975,2026-10-09T20:01:54+00:00,8484800.0
2026-10-09-late-2002,2026-10-09T20:02:21+00:00,2026020066,2026-10-09,player_sog,under:8474586,J. Eberle Under 1.5,1.5,0.5285673408565342,0.49374255526861555,0.0,,1.95,0.03482478558791868,0.030706314670241763,4,,,1.6268879536098881,2026-10-09T20:01:54+00:00,8474586.0
2026-10-09-late-2002,2026-10-09T20:02:21+00:00,2026020066,2026-10-09,player_sog,under:8475753,J. Faulk Under 1.5,1.5,0.4177369889103113,0.4460916023444752,0.0,,2.2,-0.0283546134341639,-0.08097862439731507,4,,,2.03356066822908,2026-10-09T20:01:54+00:00,8475753.0
2026-10-09-late-2002,2026-10-09T20:02:21+00:00,2026020066,2026-10-09,player_sog,under:8477429,A. Copp Under 1.5,1.5,0.47347935684632914,0.5055008432029187,0.0,,1.9,-0.032021486356589524,-0.1003892219919747,3,,,1.8194665132351013,2026-10-09T20:01:54+00:00,8477429.0
2026-10-09-late-2002,2026-10-09T20:02:21+00:00,2026020066,2026-10-09,player_sog,under:8477946,D. Larkin Under 3.5,3.5,0.596527284998719,0.585148779353238,0.0,,1.65,0.01137850564548104,-0.01572997975211371,4,,,3.25952623500169,2026-10-09T20:01:54+00:00,8477946.0
2026-10-09-late-2002,2026-10-09T20:02:21+00:00,2026020066,2026-10-09,player_sog,under:8477955,J. McCann Under 2.5,2.5,0.6307920210905038,0.6089426224798529,0.0,,1.57,0.02184939861065094,-0.009656526887908967,3,,,2.1863504584549958,2026-10-09T20:01:54+00:00,8477955.0
2026-10-09-late-2002,2026-10-09T20:02:21+00:00,2026020066,2026-10-09,player_sog,under:8477986,B. Montour Under 2.5,2.5,0.5930648095712618,0.5466011760172185,0.0,,1.77,0.04646363355404337,0.04972471294113345,4,,,2.3414922445564663,2026-10-09T20:01:54+00:00,8477986.0
2026-10-09-late-2002,2026-10-09T20:02:21+00:00,2026020066,2026-10-09,player_sog,under:8478042,V. Arvidsson Under 2.5,2.5,0.6266787938778269,0.43629071939819997,0.0,,2.25,0.1903880744796269,0.4100272862251104,5,,,2.2030794288690614,2026-10-09T20:01:54+00:00,8478042.0
2026-10-09-late-2002,2026-10-09T20:02:21+00:00,2026020066,2026-10-09,player_sog,under:8478407,V. Dunn Under 2.5,2.5,0.7311147157050661,0.6206604229983026,0.0,,1.59,0.11045429270676355,0.16247239797105523,3,,,1.7860017130393329,2026-10-09T20:01:54+00:00,8478407.0
2026-10-09-late-2002,2026-10-09T20:02:21+00:00,2026020066,2026-10-09,player_sog,under:8479337,A. DeBrincat Under 3.5,3.5,0.618939475992577,0.5424303176025658,0.0,,1.77,0.07650915839001121,0.09552287250686137,5,,,3.145921749720522,2026-10-09T20:01:54+00:00,8479337.0
2026-10-09-late-2002,2026-10-09T20:02:21+00:00,2026020066,2026-10-09,player_sog,under:8481542,M. Seider Under 2.5,2.5,0.5420940511334271,0.5937387573586717,0.0,,1.62,-0.051644706225244474,-0.12180763716384801,3,,,2.558847906314221,2026-10-09T20:01:54+00:00,8481542.0
2026-10-09-late-2002,2026-10-09T20:02:21+00:00,2026020066,2026-10-09,player_sog,under:8482078,L. Raymond Under 2.5,2.5,0.5456844302227599,0.5298821467350566,0.0,,1.8,0.015802283487703295,-0.017768025599032122,5,,,2.543179396196317,2026-10-09T20:01:54+00:00,8482078.0
2026-10-09-late-2002,2026-10-09T20:02:21+00:00,2026020066,2026-10-09,player_sog,under:8482259,B. McMann Under 2.5,2.5,0.49538600505171015,0.5571202296092683,0.0,,1.71,-0.061734224557558226,-0.15288993136157564,3,,,2.768775795014245,2026-10-09T20:01:54+00:00,8482259.0
2026-10-09-late-2002,2026-10-09T20:02:21+00:00,2026020066,2026-10-09,player_sog,under:8482665,M. Beniers Under 1.5,1.5,0.6263631740255036,0.5338239635665019,0.0,,1.77,0.09253921045900176,0.10866281802514133,3,,,1.3174850926388408,2026-10-09T20:01:54+00:00,8482665.0
2026-10-09-late-2002,2026-10-09T20:02:21+00:00,2026020066,2026-10-09,player_sog,under:8482713,M. Samoskevich Under 1.5,1.5,0.48192296325182027,0.4443036852159967,0.0,,2.15,0.037619278035823545,0.03613437099141359,4,,,1.7888582210877253,2026-10-09T20:01:54+00:00,8482713.0
2026-10-09-late-2002,2026-10-09T20:02:21+00:00,2026020066,2026-10-09,player_sog,under:8482751,R. Winterton Under 1.5,1.5,0.5231112000634139,0.5579342314536304,0.0,,1.71,-0.03482303139021642,-0.10547984789156217,3,,,1.6452631714598729,2026-10-09T20:01:54+00:00,8482751.0
2026-10-09-late-2002,2026-10-09T20:02:21+00:00,2026020066,2026-10-09,player_sog,under:8483524,S. Wright Under 1.5,1.5,0.7061427566911419,0.5772538569477681,0.0,,1.67,0.1288888997433738,0.17925840367420692,2,,,1.0845701101466048,2026-10-09T20:01:54+00:00,8483524.0
2026-10-09-late-2002,2026-10-09T20:02:21+00:00,2026020066,2026-10-09,player_sog,under:8484471,E. Finnie Under 1.5,1.5,0.5845854180358787,0.5011445355353936,0.0,,1.91,0.08344088250048509,0.1165581484485283,4,,,1.445543413455179,2026-10-09T20:01:54+00:00,8484471.0
2026-10-09-late-2002,2026-10-09T20:02:21+00:00,2026020066,2026-10-09,player_sog,under:8484800,B. Catton Under 1.5,1.5,0.6345570459798133,0.5134043781278845,0.0,,1.83,0.12115266785192874,0.16123939414305843,3,,,1.2929482263328975,2026-10-09T20:01:54+00:00,8484800.0
2026-10-09-late-2002,2026-10-09T20:02:21+00:00,2026020066,2026-10-09,spreads,away,SEA +1.5,1.5,0.6680753027830098,0.6541899378963791,0.0,,1.5,0.013885364886630613,0.002112954174514625,9,3.1784593939411043,2.82906972879766,6.120502623028864,2026-10-09T20:01:54+00:00,
2026-10-09-late-2002,2026-10-09T20:02:21+00:00,2026020066,2026-10-09,spreads,home,DET -1.5,-1.5,0.3319246972169902,0.3458100621036209,0.0,,2.8,-0.013885364886630724,-0.07061084779242743,9,3.1784593939411043,2.82906972879766,6.120502623028864,2026-10-09T20:01:54+00:00,
2026-10-09-late-2002,2026-10-09T20:02:21+00:00,2026020066,2026-10-09,totals,over,Over 6,6.0,0.5047506232491981,0.5029770728560053,0.12517025587624564,,1.93,0.0017735503931927132,-0.02259798705778948,6,3.1784593939411043,2.82906972879766,6.120502623028864,2026-10-09T20:01:54+00:00,
2026-10-09-late-2002,2026-10-09T20:02:21+00:00,2026020066,2026-10-09,totals,under,Under 6,6.0,0.49524937675080194,0.49702292714399465,0.12517025587624564,,1.95,-0.0017735503931927132,-0.029974917320066297,6,3.1784593939411043,2.82906972879766,6.120502623028864,2026-10-09T20:01:54+00:00,
2026-10-09-late-2002,2026-10-09T20:02:21+00:00,2026020067,2026-10-09,player_assists,over:8471214,A. Ovechkin Over 0.5,0.5,0.275137948646927,0.3159111014704026,0.0,,3.05,-0.0407731528234756,-0.16082925662687275,2,,,0.3228115254021738,2026-10-09T20:01:54+00:00,8471214.0
2026-10-09-late-2002,2026-10-09T20:02:21+00:00,2026020067,2026-10-09,player_assists,over:8476459,M. Zibanejad Over 0.5,0.5,0.44485814232373755,0.4019581764725279,0.0,,2.35,0.04289996585120964,0.045416634460783256,2,,,0.592008922945423,2026-10-09T20:01:54+00:00,8476459.0
2026-10-09-late-2002,2026-10-09T20:02:21+00:00,2026020067,2026-10-09,player_assists,over:8476468,J. Miller Over 0.5,0.5,0.3438569590944872,0.3761421235160549,0.0,,2.45,-0.0322851644215677,-0.15755045021850628,2,,,0.4231570433354986,2026-10-09T20:01:54+00:00,8476468.0
2026-10-09-late-2002,2026-10-09T20:02:21+00:00,2026020067,2026-10-09,player_assists,over:8476880,T. Wilson Over 0.5,0.5,0.36728160158046586,0.33842348128065136,0.0,,2.75,0.028858120299814494,0.010024404346281157,2,,,0.459831398080311,2026-10-09T20:01:54+00:00,8476880.0
2026-10-09-late-2002,2026-10-09T20:02:21+00:00,2026020067,2026-10-09,player_assists,over:8477949,A. Tuch Over 0.5,0.5,0.2869625807438212,0.29350709222426474,0.0,,3.05,-0.006544511480443549,-0.12476412873134546,2,,,0.3393678992561675,2026-10-09T20:01:54+00:00,8477949.0
2026-10-09-late-2002,2026-10-09T20:02:21+00:00,2026020067,2026-10-09,player_assists,over:8477969,M. Pettersson Over 0.5,0.5,0.18062477270153376,0.17264957264962133,0.0,,5.0,0.007975200051912434,-0.09687613649233118,1,,,0.1996105334277854,2026-10-09T20:01:54+00:00,8477969.0
2026-10-09-late-2002,2026-10-09T20:02:21+00:00,2026020067,2026-10-09,player_assists,over:8478440,D. Strome Over 0.5,0.5,0.3061502489976303,0.36758891476052846,0.0,,2.5,-0.06143866576289814,-0.2346243775059242,2,,,0.3668390014545306,2026-10-09T20:01:54+00:00,8478440.0
2026-10-09-late-2002,2026-10-09T20:02:21+00:00,2026020067,2026-10-09,player_assists,over:8478463,A. Beauvillier Over 0.5,0.5,0.1852073563016291,0.20305592927151403,0.0,,4.3,-0.01784857296988493,-0.20360836790299486,1,,,0.20524171542618377,2026-10-09T20:01:54+00:00,8478463.0
2026-10-09-late-2002,2026-10-09T20:02:21+00:00,2026020067,2026-10-09,player_assists,over:8478882,V. Gavrikov Over 0.5,0.5,0.32582159736155314,0.24016090454450745,0.0,,3.65,0.08566069281704569,0.18924883036966889,1,,,0.3958190179486159,2026-10-09T20:01:54+00:00,8478882.0
2026-10-09-late-2002,2026-10-09T20:02:21+00:00,2026020067,2026-10-09,player_assists,over:8479323,A. Fox Over 0.5,0.5,0.40743921082994194,0.4762784296682654,0.0,,1.95,-0.06883921883832345,-0.2054935388816132,2,,,0.5260498399745357,2026-10-09T20:01:54+00:00,8479323.0
2026-10-09-late-2002,2026-10-09T20:02:21+00:00,2026020067,2026-10-09,player_assists,over:8479345,J. Chychrun Over 0.5,0.5,0.32592660051001543,0.40781684391488476,0.0,,2.3,-0.08189024340486933,-0.25036881882696455,2,,,0.39597601318974507,2026-10-09T20:01:54+00:00,8479345.0
2026-10-09-late-2002,2026-10-09T20:02:21+00:00,2026020067,2026-10-09,player_assists,over:8479385,J. Kyrou Over 0.5,0.5,0.26485989522692277,0.2696044787074018,0.0,,3.35,-0.004744583480479014,-0.11271935098980868,2,,,0.308642881344099,2026-10-09T20:01:54+00:00,8479385.0
2026-10-09-late-2002,2026-10-09T20:02:21+00:00,2026020067,2026-10-09,player_assists,over:8479400,P. Dubois Over 0.5,0.5,0.3295419887566948,0.38177257525080865,0.0,,2.5,-0.05223058649411383,-0.17614502810826294,2,,,0.40139682392143555,2026-10-09T20:01:54+00:00,8479400.0
2026-10-09-late-2002,2026-10-09T20:02:21+00:00,2026020067,2026-10-09,player_assists,over:8479576,V. Desharnais Over 0.5,0.5,0.17180843771617849,0.10795107033645594,0.0,,7.5,0.06385736737972254,0.2885632828713386,1,,,0.18886660616195974,2026-10-09T20:01:54+00:00,8479576.0
2026-10-09-late-2002,2026-10-09T20:02:21+00:00,2026020067,2026-10-09,player_assists,over:8480009,E. Tolvanen Over 0.5,0.5,0.1516383301543257,0.18265416516420716,0.0,,4.7,-0.03101583500988145,-0.28729984827466915,1,,,0.1647189656049149,2026-10-09T20:01:54+00:00,8480009.0
2026-10-09-late-2002,2026-10-09T20:02:21+00:00,2026020067,2026-10-09,player_assists,over:8480043,T. Liljegren Over 0.5,0.5,0.16489051959085155,0.13690476190480563,0.0,,6.0,0.027985757686045915,-0.010656882454890715,1,,,0.18051753204845508,2026-10-09T20:01:54+00:00,8480043.0
2026-10-09-late-2002,2026-10-09T20:02:21+00:00,2026020067,2026-10-09,player_assists,over:8480434,S. Durzi Over 0.5,0.5,0.21496724260462663,0.24328551396829215,0.0,,3.65,-0.02831827136366552,-0.21536956449311284,1,,,0.24261656363136305,2026-10-09T20:01:54+00:00,8480434.0
2026-10-09-late-2002,2026-10-09T20:02:21+00:00,2026020067,2026-10-09,player_assists,over:8480796,M. Fehérváry Over 0.5,0.5,0.23681019632627887,0.19696969696970473,0.0,,4.4,0.03984049935657413,0.04196486383562714,1,,,0.27098017912996175,2026-10-09T20:01:54+00:00,8480796.0
2026-10-09-late-2002,2026-10-09T20:02:21+00:00,2026020067,2026-10-09,player_assists,over:8481604,P. Dorofeyev Over 0.5,0.5,0.254576565466608,0.266877007246303,0.0,,3.3,-0.01230044177969497,-0.15989733396019368,2,,,0.29466774795560835,2026-10-09T20:01:54+00:00,8481604.0
2026-10-09-late-2002,2026-10-09T20:02:21+00:00,2026020067,2026-10-09,player_assists,over:8481656,A. Protas Over 0.5,0.5,0.26606734207537375,0.2151639344261896,0.0,,4.0,0.050903407649184135,0.06426936830149499,1,,,0.31029687768979414,2026-10-09T20:01:54+00:00,8481656.0
2026-10-09-late-2002,2026-10-09T20:02:21+00:00,2026020067,2026-10-09,player_assists,over:8481789,T. Kartye Over 0.5,0.5,0.2263852084790695,0.2121151539384131,0.0,,4.1,0.014270054540656413,-0.0718206452358151,1,,,0.2573411959940179,2026-10-09T20:01:54+00:00,8481789.0
2026-10-09-late-2002,2026-10-09T20:02:21+00:00,2026020067,2026-10-09,player_assists,over:8482109,A. Lafrenière Over 0.5,0.5,0.36041581583177074,0.2935878010327407,0.0,,3.1,0.06682801479903006,0.11728902907848926,2,,,0.44894051818849096,2026-10-09T20:01:54+00:00,8482109.0
2026-10-09-late-2002,2026-10-09T20:02:21+00:00,2026020067,2026-10-09,player_assists,over:8482157,W. Cuylle Over 0.5,0.5,0.24048204658546646,0.18265416516420716,0.0,,4.7,0.0578278814212593,0.13026561895169242,1,,,0.275829350512025,2026-10-09T20:01:54+00:00,8482157.0
2026-10-09-late-2002,2026-10-09T20:02:21+00:00,2026020067,2026-10-09,player_assists,over:8483690,N. Laba Over 0.5,0.5,0.20173434734436702,0.1523125996809229,0.0,,5.5,0.04942174766344412,0.10953891039401864,1,,,0.22582226554263654,2026-10-09T20:01:54+00:00,8483690.0
2026-10-09-late-2002,2026-10-09T20:02:21+00:00,2026020067,2026-10-09,player_assists,over:8484186,R. Leonard Over 0.5,0.5,0.1970678462499339,0.2121151539384131,0.0,,4.1,-0.0150473076884792,-0.1920218303752711,1,,,0.21996750215793426,2026-10-09T20:01:54+00:00,8484186.0
2026-10-09-late-2002,2026-10-09T20:02:21+00:00,2026020067,2026-10-09,player_assists,over:8484210,G. Perreault Over 0.5,0.5,0.2443025780018676,0.2121877439500217,0.0,,4.2,0.0321148340518459,0.02607082760784396,2,,,0.28090032543657206,2026-10-09T20:01:54+00:00,8484210.0
2026-10-09-late-2002,2026-10-09T20:02:21+00:00,2026020067,2026-10-09,player_assists,over:8484873,C. Hutson Over 0.5,0.5,0.2589798318947788,0.2855184837092596,0.0,,3.2,-0.026538651814480785,-0.17126453793670782,2,,,0.3006275997949803,2026-10-09T20:01:54+00:00,8484873.0
2026-10-09-late-2002,2026-10-09T20:02:21+00:00,2026020067,2026-10-09,player_assists,over:8484999,I. Protas Over 0.5,0.5,0.2433247098462945,0.2642782995091454,0.0,,3.35,-0.02095358966285088,-0.18486222201491342,2,,,0.27959991947439256,2026-10-09T20:01:54+00:00,8484999.0
2026-10-09-late-2002,2026-10-09T20:02:21+00:00,2026020067,2026-10-09,player_assists,under:8471214,A. Ovechkin Under 0.5,0.5,0.724862051353073,0.6840888985295974,0.0,,1.43,0.0407731528234756,0.0365527334348944,2,,,0.3228115254021738,2026-10-09T20:01:54+00:00,8471214.0
2026-10-09-late-2002,2026-10-09T20:02:21+00:00,2026020067,2026-10-09,player_assists,under:8476459,M. Zibanejad Under 0.5,0.5,0.5551418576762625,0.598041823527472,0.0,,1.61,-0.04289996585120964,-0.10622160914121742,2,,,0.592008922945423,2026-10-09T20:01:54+00:00,8476459.0
2026-10-09-late-2002,2026-10-09T20:02:21+00:00,2026020067,2026-10-09,player_assists,under:8476468,J. Miller Under 0.5,0.5,0.6561430409055128,0.6238578764839451,0.0,,1.53,0.0322851644215677,0.003898852585434598,2,,,0.4231570433354986,2026-10-09T20:01:54+00:00,8476468.0
2026-10-09-late-2002,2026-10-09T20:02:21+00:00,2026020067,2026-10-09,player_assists,under:8476880,T. Wilson Under 0.5,0.5,0.6327183984195341,0.6615765187193486,0.0,,1.47,-0.028858120299814494,-0.06990395432328483,2,,,0.459831398080311,2026-10-09T20:01:54+00:00,8476880.0
2026-10-09-late-2002,2026-10-09T20:02:21+00:00,2026020067,2026-10-09,player_assists,under:8477949,A. Tuch Under 0.5,0.5,0.7130374192561788,0.7064929077757353,0.0,,1.36,0.006544511480443549,-0.03026910981159675,2,,,0.3393678992561675,2026-10-09T20:01:54+00:00,8477949.0
2026-10-09-late-2002,2026-10-09T20:02:21+00:00,2026020067,2026-10-09,player_assists,under:8477969,M. Pettersson Under 0.5,0.5,0.8193752272984662,0.8273504273503787,0.0,,1.17,-0.007975200051912434,-0.04133098406079455,1,,,0.1996105334277854,2026-10-09T20:01:54+00:00,8477969.0
2026-10-09-late-2002,2026-10-09T20:02:21+00:00,2026020067,2026-10-09,player_assists,under:8478440,D. Strome Under 0.5,0.5,0.6938497510023697,0.6324110852394715,0.0,,1.5,0.06143866576289814,0.04077462650355451,2,,,0.3668390014545306,2026-10-09T20:01:54+00:00,8478440.0
2026-10-09-late-2002,2026-10-09T20:02:21+00:00,2026020067,2026-10-09,player_assists,under:8478463,A. Beauvillier Under 0.5,0.5,0.8147926436983709,0.7969440707284859,0.0,,1.21,0.01784857296988493,-0.014100901124971227,1,,,0.20524171542618377,2026-10-09T20:01:54+00:00,8478463.0
2026-10-09-late-2002,2026-10-09T20:02:21+00:00,2026020067,2026-10-09,player_assists,under:8478882,V. Gavrikov Under 0.5,0.5,0.6741784026384469,0.7598390954554926,0.0,,1.26,-0.08566069281704569,-0.15053521267555695,1,,,0.3958190179486159,2026-10-09T20:01:54+00:00,8478882.0
2026-10-09-late-2002,2026-10-09T20:02:21+00:00,2026020067,2026-10-09,player_assists,under:8479323,A. Fox Under 0.5,0.5,0.592560789170058,0.5237215703317346,0.0,,1.8,0.06883921883832345,0.06660942050610452,2,,,0.5260498399745357,2026-10-09T20:01:54+00:00,8479323.0
2026-10-09-late-2002,2026-10-09T20:02:21+00:00,2026020067,2026-10-09,player_assists,under:8479345,J. Chychrun Under 0.5,0.5,0.6740733994899846,0.5921831560851152,0.0,,1.61,0.08189024340486933,0.08525817317887524,2,,,0.39597601318974507,2026-10-09T20:01:54+00:00,8479345.0
2026-10-09-late-2002,2026-10-09T20:02:21+00:00,2026020067,2026-10-09,player_assists,under:8479385,J. Kyrou Under 0.5,0.5,0.7351401047730772,0.7303955212925982,0.0,,1.31,0.004744583480479014,-0.03696646274726878,2,,,0.308642881344099,2026-10-09T20:01:54+00:00,8479385.0
2026-10-09-late-2002,2026-10-09T20:02:21+00:00,2026020067,2026-10-09,player_assists,under:8479400,P. Dubois Under 0.5,0.5,0.6704580112433052,0.6182274247491913,0.0,,1.56,0.05223058649411383,0.04591449753955612,2,,,0.40139682392143555,2026-10-09T20:01:54+00:00,8479400.0
2026-10-09-late-2002,2026-10-09T20:02:21+00:00,2026020067,2026-10-09,player_assists,under:8479576,V. Desharnais Under 0.5,0.5,0.8281915622838215,0.8920489296635441,0.0,,1.09,-0.06385736737972254,-0.09727119711063448,1,,,0.18886660616195974,2026-10-09T20:01:54+00:00,8479576.0
2026-10-09-late-2002,2026-10-09T20:02:21+00:00,2026020067,2026-10-09,player_assists,under:8480009,E. Tolvanen Under 0.5,0.5,0.8483616698456743,0.8173458348357928,0.0,,1.18,0.03101583500988145,0.0010667704178956017,1,,,0.1647189656049149,2026-10-09T20:01:54+00:00,8480009.0
2026-10-09-late-2002,2026-10-09T20:02:21+00:00,2026020067,2026-10-09,player_assists,under:8480043,T. Liljegren Under 0.5,0.5,0.8351094804091485,0.8630952380951944,0.0,,1.12,-0.027985757686045915,-0.06467738194175364,1,,,0.18051753204845508,2026-10-09T20:01:54+00:00,8480043.0
2026-10-09-late-2002,2026-10-09T20:02:21+00:00,2026020067,2026-10-09,player_assists,under:8480434,S. Durzi Under 0.5,0.5,0.7850327573953734,0.7567144860317079,0.0,,1.27,0.02831827136366552,-0.003008398107875815,1,,,0.24261656363136305,2026-10-09T20:01:54+00:00,8480434.0
2026-10-09-late-2002,2026-10-09T20:02:21+00:00,2026020067,2026-10-09,player_assists,under:8480796,M. Fehérváry Under 0.5,0.5,0.7631898036737211,0.8030303030302952,0.0,,1.2,-0.03984049935657413,-0.08417223559153467,1,,,0.27098017912996175,2026-10-09T20:01:54+00:00,8480796.0
2026-10-09-late-2002,2026-10-09T20:02:21+00:00,2026020067,2026-10-09,player_assists,under:8481604,P. Dorofeyev Under 0.5,0.5,0.745423434533392,0.7331229927536971,0.0,,1.31,0.01230044177969497,-0.023495300761256444,2,,,0.29466774795560835,2026-10-09T20:01:54+00:00,8481604.0
2026-10-09-late-2002,2026-10-09T20:02:21+00:00,2026020067,2026-10-09,player_assists,under:8481656,A. Protas Under 0.5,0.5,0.7339326579246263,0.7848360655738104,0.0,,1.22,-0.050903407649184135,-0.10460215733195599,1,,,0.31029687768979414,2026-10-09T20:01:54+00:00,8481656.0
2026-10-09-late-2002,2026-10-09T20:02:21+00:00,2026020067,2026-10-09,player_assists,under:8481789,T. Kartye Under 0.5,0.5,0.7736147915209305,0.7878848460615869,0.0,,1.22,-0.014270054540656413,-0.05618995434446483,1,,,0.2573411959940179,2026-10-09T20:01:54+00:00,8481789.0
2026-10-09-late-2002,2026-10-09T20:02:21+00:00,2026020067,2026-10-09,player_assists,under:8482109,A. Lafrenière Under 0.5,0.5,0.6395841841682293,0.7064121989672594,0.0,,1.36,-0.06682801479903006,-0.13016550953120815,2,,,0.44894051818849096,2026-10-09T20:01:54+00:00,8482109.0
2026-10-09-late-2002,2026-10-09T20:02:21+00:00,2026020067,2026-10-09,player_assists,under:8482157,W. Cuylle Under 0.5,0.5,0.7595179534145335,0.8173458348357928,0.0,,1.18,-0.0578278814212593,-0.10376881497085047,1,,,0.275829350512025,2026-10-09T20:01:54+00:00,8482157.0
2026-10-09-late-2002,2026-10-09T20:02:21+00:00,2026020067,2026-10-09,player_assists,under:8483690,N. Laba Under 0.5,0.5,0.798265652655633,0.8476874003190771,0.0,,1.14,-0.04942174766344412,-0.08997715597257848,1,,,0.22582226554263654,2026-10-09T20:01:54+00:00,8483690.0
2026-10-09-late-2002,2026-10-09T20:02:21+00:00,2026020067,2026-10-09,player_assists,under:8484186,R. Leonard Under 0.5,0.5,0.8029321537500661,0.7878848460615869,0.0,,1.22,0.0150473076884792,-0.020422772424919383,1,,,0.21996750215793426,2026-10-09T20:01:54+00:00,8484186.0
2026-10-09-late-2002,2026-10-09T20:02:21+00:00,2026020067,2026-10-09,player_assists,under:8484210,G. Perreault Under 0.5,0.5,0.7556974219981324,0.7878122560499783,0.0,,1.22,-0.0321148340518459,-0.07804914516227851,2,,,0.28090032543657206,2026-10-09T20:01:54+00:00,8484210.0
2026-10-09-late-2002,2026-10-09T20:02:21+00:00,2026020067,2026-10-09,player_assists,under:8484873,C. Hutson Under 0.5,0.5,0.7410201681052212,0.7144815162907404,0.0,,1.33,0.026538651814480785,-0.014443176420055742,2,,,0.3006275997949803,2026-10-09T20:01:54+00:00,8484873.0
2026-10-09-late-2002,2026-10-09T20:02:21+00:00,2026020067,2026-10-09,player_assists,under:8484999,I. Protas Under 0.5,0.5,0.7566752901537055,0.7357217004908546,0.0,,1.3,0.02095358966285088,-0.01632212280018283,2,,,0.27959991947439256,2026-10-09T20:01:54+00:00,8484999.0
2026-10-09-late-2002,2026-10-09T20:02:21+00:00,2026020067,2026-10-09,player_goals,over:8471214,A. Ovechkin to score (anytime),0.5,0.21719103134996776,0.30220479466662814,0.0,,3.2,-0.08501376331666038,-0.30498869968010317,5,,,0.2463717138310424,2026-10-09T20:01:54+00:00,8471214.0
2026-10-09-late-2002,2026-10-09T20:02:21+00:00,2026020067,2026-10-09,player_goals,over:8475795,D. McIlrath to score (anytime),0.5,0.016673851517334026,0.060305110425701317,0.0,,20.0,-0.04363125890836729,-0.6665229696533195,4,,,0.016821495074240776,2026-10-09T20:01:54+00:00,8475795.0
2026-10-09-late-2002,2026-10-09T20:02:21+00:00,2026020067,2026-10-09,player_goals,over:8476432,B. Jenner to score (anytime),0.5,0.17482675182973473,0.131799402182902,0.0,,7.5,0.04302734964683272,0.3112006387230105,5,,,0.1930880356724313,2026-10-09T20:01:54+00:00,8476432.0
2026-10-09-late-2002,2026-10-09T20:02:21+00:00,2026020067,2026-10-09,player_goals,over:8476459,M. Zibanejad to score (anytime),0.5,0.26751949292792276,0.27927885748116643,0.0,,3.5,-0.011759364553243667,-0.06368177475227033,5,,,0.31375415199776663,2026-10-09T20:01:54+00:00,8476459.0
2026-10-09-late-2002,2026-10-09T20:02:21+00:00,2026020067,2026-10-09,player_goals,over:8476468,J. Miller to score (anytime),0.5,0.19182159146401745,0.2344906330612763,0.0,,4.25,-0.042669041597258844,-0.18475823627792587,5,,,0.2141104093931135,2026-10-09T20:01:54+00:00,8476468.0
2026-10-09-late-2002,2026-10-09T20:02:21+00:00,2026020067,2026-10-09,player_goals,over:8476880,T. Wilson to score (anytime),0.5,0.2590618268522604,0.27202937249666215,0.0,,3.5,-0.012967545644401723,-0.09328360601708852,5,,,0.30209694030172485,2026-10-09T20:01:54+00:00,8476880.0
2026-10-09-late-2002,2026-10-09T20:02:21+00:00,2026020067,2026-10-09,player_goals,over:8477416,O. Bjorkstrand to score (anytime),0.5,0.15657379699764085,0.1524954478701904,0.0,,7.0,0.004078349127450448,0.09601657898348592,5,,,0.17100983795420382,2026-10-09T20:01:54+00:00,8477416.0
2026-10-09-late-2002,2026-10-09T20:02:21+00:00,2026020067,2026-10-09,player_goals,over:8477949,A. Tuch to score (anytime),0.5,0.3334610455657142,0.28505281597640036,0.0,,3.4,0.048408229589313845,0.1337675549234283,5,,,0.4097985843506747,2026-10-09T20:01:54+00:00,8477949.0
2026-10-09-late-2002,2026-10-09T20:02:21+00:00,2026020067,2026-10-09,player_goals,over:8477969,M. Pettersson to score (anytime),0.5,0.10068211808981531,0.06759854890696013,0.0,,18.0,0.03308356918285518,0.8122781256166755,4,,,0.10640074011770494,2026-10-09T20:01:54+00:00,8477969.0
2026-10-09-late-2002,2026-10-09T20:02:21+00:00,2026020067,2026-10-09,player_goals,over:8478440,D. Strome to score (anytime),0.5,0.16398552120575127,0.21921090415135538,0.0,,4.6,-0.05522538294560411,-0.24566660245354421,5,,,0.17991375034578527,2026-10-09T20:01:54+00:00,8478440.0
2026-10-09-late-2002,2026-10-09T20:02:21+00:00,2026020067,2026-10-09,player_goals,over:8478463,A. Beauvillier to score (anytime),0.5,0.1844497787291588,0.17186688580430962,0.0,,5.75,0.012582892924849182,0.060586227692663086,5,,,0.20493511768527467,2026-10-09T20:01:54+00:00,8478463.0
2026-10-09-late-2002,2026-10-09T20:02:21+00:00,2026020067,2026-10-09,player_goals,over:8478882,V. Gavrikov to score (anytime),0.5,0.15497573977708612,0.07383519906884392,0.0,,15.0,0.0811405407082422,1.3246360966562918,5,,,0.16910081468962807,2026-10-09T20:01:54+00:00,8478882.0
2026-10-09-late-2002,2026-10-09T20:02:21+00:00,2026020067,2026-10-09,player_goals,over:8479323,A. Fox to score (anytime),0.5,0.16316188333257453,0.13975861452496968,0.0,,7.0,0.02340326880760485,0.14213318332802172,5,,,0.1789202059374779,2026-10-09T20:01:54+00:00,8479323.0
2026-10-09-late-2002,2026-10-09T20:02:21+00:00,2026020067,2026-10-09,player_goals,over:8479345,J. Chychrun to score (anytime),0.5,0.2186124516501533,0.2043128410731499,0.0,,4.8,0.014299610577003408,0.0493397679207358,5,,,0.24821163093840454,2026-10-09T20:01:54+00:00,8479345.0
2026-10-09-late-2002,2026-10-09T20:02:21+00:00,2026020067,2026-10-09,player_goals,over:8479385,J. Kyrou to score (anytime),0.5,0.14042682024641284,0.21050849029560598,0.0,,4.7,-0.07008167004919313,-0.33999394484185963,5,,,0.15189320034494552,2026-10-09T20:01:54+00:00,8479385.0
2026-10-09-late-2002,2026-10-09T20:02:21+00:00,2026020067,2026-10-09,player_goals,over:8479400,P. Dubois to score (anytime),0.5,0.16560829493290197,0.25058605088118113,0.0,,3.8,-0.08497775594827917,-0.37068847925497256,5,,,0.18187429354794665,2026-10-09T20:01:54+00:00,8479400.0
2026-10-09-late-2002,2026-10-09T20:02:21+00:00,2026020067,2026-10-09,player_goals,over:8479576,V. Desharnais to score (anytime),0.5,0.042289264052164266,0.06099750934969823,0.0,,21.0,-0.01870824529753396,-0.11192545490455041,4,,,0.04325620251920961,2026-10-09T20:01:54+00:00,8479576.0
2026-10-09-late-2002,2026-10-09T20:02:21+00:00,2026020067,2026-10-09,player_goals,over:8480009,E. Tolvanen to score (anytime),0.5,0.16913097503623586,0.15021804538261263,0.0,,6.75,0.018912929653623234,0.1416340814945921,5,,,0.18614401011274975,2026-10-09T20:01:54+00:00,8480009.0
2026-10-09-late-2002,2026-10-09T20:02:21+00:00,2026020067,2026-10-09,player_goals,over:8480043,T. Liljegren to score (anytime),0.5,0.07237790341116523,0.0518618588508877,0.0,,23.0,0.020516044560277537,0.6646917784568004,5,,,0.07527214563179183,2026-10-09T20:01:54+00:00,8480043.0
2026-10-09-late-2002,2026-10-09T20:02:21+00:00,2026020067,2026-10-09,player_goals,over:8480434,S. Durzi to score (anytime),0.5,0.100346986706365,0.0910180162516611,0.0,,11.0,0.009328970454703892,0.10381685377001493,5,,,0.10602618023858001,2026-10-09T20:01:54+00:00,8480434.0
2026-10-09-late-2002,2026-10-09T20:02:21+00:00,2026020067,2026-10-09,player_goals,over:8480796,M. Fehérváry to score (anytime),0.5,0.09134137546633825,0.060339597390029955,0.0,,21.0,0.031001778076308294,0.9181688847931032,5,,,0.09601554554164267,2026-10-09T20:01:54+00:00,8480796.0
2026-10-09-late-2002,2026-10-09T20:02:21+00:00,2026020067,2026-10-09,player_goals,over:8481604,P. Dorofeyev to score (anytime),0.5,0.22603650653689866,0.3157505676118063,0.0,,3.0,-0.08971406107490765,-0.321890480389304,5,,,0.2578789571512964,2026-10-09T20:01:54+00:00,8481604.0
2026-10-09-late-2002,2026-10-09T20:02:21+00:00,2026020067,2026-10-09,player_goals,over:8481656,A. Protas to score (anytime),0.5,0.18538315656738824,0.17203088476112702,0.0,,6.0,0.013352271806261223,0.11229893940432945,5,,,0.20609201632698715,2026-10-09T20:01:54+00:00,8481656.0
2026-10-09-late-2002,2026-10-09T20:02:21+00:00,2026020067,2026-10-09,player_goals,over:8481789,T. Kartye to score (anytime),0.5,0.1404208544529031,0.14476334145401099,0.0,,7.0,-0.0043424870011078975,-0.017054018829678386,5,,,0.1518862072466002,2026-10-09T20:01:54+00:00,8481789.0
2026-10-09-late-2002,2026-10-09T20:02:21+00:00,2026020067,2026-10-09,player_goals,over:8482073,B. Schneider to score (anytime),0.5,0.03434943843156968,0.07430506252741102,0.0,,19.0,-0.039955624095841344,-0.3473606698001761,4,,,0.03498380875823292,2026-10-09T20:01:54+00:00,8482073.0
2026-10-09-late-2002,2026-10-09T20:02:21+00:00,2026020067,2026-10-09,player_goals,over:8482088,J. Sourdif to score (anytime),0.5,0.15973019157491364,0.1283934134401424,0.0,,8.0,0.03133677813477123,0.2778415325993091,5,,,0.17479161972728713,2026-10-09T20:01:54+00:00,8482088.0
2026-10-09-late-2002,2026-10-09T20:02:21+00:00,2026020067,2026-10-09,player_goals,over:8482109,A. Lafrenière to score (anytime),0.5,0.3014548740618207,0.2606136090598975,0.0,,3.8,0.0408412650019232,0.14552852143491857,5,,,0.36199246167171867,2026-10-09T20:01:54+00:00,8482109.0
2026-10-09-late-2002,2026-10-09T20:02:21+00:00,2026020067,2026-10-09,player_goals,over:8482157,W. Cuylle to score (anytime),0.5,0.16218849614853714,0.1969241791717436,0.0,,5.0,-0.034735683023206454,-0.1890575192573143,5,,,0.17774734365885975,2026-10-09T20:01:54+00:00,8482157.0
2026-10-09-late-2002,2026-10-09T20:02:21+00:00,2026020067,2026-10-09,player_goals,over:8482877,J. Chmelar to score (anytime),0.5,0.08972601005655279,0.09700456945907018,0.0,,11.0,-0.007278559402517398,-0.013013889377919363,5,,,0.09423092882539456,2026-10-09T20:01:54+00:00,8482877.0
2026-10-09-late-2002,2026-10-09T20:02:21+00:00,2026020067,2026-10-09,player_goals,over:8483690,N. Laba to score (anytime),0.5,0.09973205337515878,0.11067884948849041,0.0,,9.5,-0.01094679611333163,-0.052545492935991533,5,,,0.10533928035726899,2026-10-09T20:01:54+00:00,8483690.0
2026-10-09-late-2002,2026-10-09T20:02:21+00:00,2026020067,2026-10-09,player_goals,over:8484186,R. Leonard to score (anytime),0.5,0.24045669001672065,0.18705483927842262,0.0,,5.25,0.053401850738298035,0.26239762258778354,5,,,0.2769377797045785,2026-10-09T20:01:54+00:00,8484186.0
2026-10-09-late-2002,2026-10-09T20:02:21+00:00,2026020067,2026-10-09,player_goals,over:8484210,G. Perreault to score (anytime),0.5,0.23005907444040163,0.20113458897459063,0.0,,4.8,0.028924485465811,0.1042835573139278,5,,,0.2631577486222055,2026-10-09T20:01:54+00:00,8484210.0
2026-10-09-late-2002,2026-10-09T20:02:21+00:00,2026020067,2026-10-09,player_goals,over:8484873,C. Hutson to score (anytime),0.5,0.1604129379789352,0.1170513591464486,0.0,,8.5,0.04336157883248659,0.363509972820949,5,,,0.17561160310500623,2026-10-09T20:01:54+00:00,8484873.0
2026-10-09-late-2002,2026-10-09T20:02:21+00:00,2026020067,2026-10-09,player_goals,over:8484999,I. Protas to score (anytime),0.5,0.14241940749764392,0.2073740474209266,0.0,,4.6,-0.06495463992328268,-0.34487072551083797,5,,,0.15423176512605158,2026-10-09T20:01:54+00:00,8484999.0
2026-10-09-late-2002,2026-10-09T20:02:21+00:00,2026020067,2026-10-09,player_goals,over:8485957,A. Smits to score (anytime),0.5,0.05623868034756019,0.05196257532706131,0.0,,26.0,0.004276105020498876,0.4622056890365648,5,,,0.057965823119285644,2026-10-09T20:01:54+00:00,8485957.0
2026-10-09-late-2002,2026-10-09T20:02:21+00:00,2026020067,2026-10-09,player_points,over:8471214,A. Ovechkin Over 0.5,0.5,0.43102506543770847,0.5228776994517603,0.0,,1.83,-0.09185263401405186,-0.2112241302489935,3,,,0.5671109318280624,2026-10-09T20:01:54+00:00,8471214.0
2026-10-09-late-2002,2026-10-09T20:02:21+00:00,2026020067,2026-10-09,player_points,over:8476459,M. Zibanejad Over 0.5,0.5,0.6037124395465414,0.5640984030547825,0.0,,1.71,0.039614036491758875,0.03234827162458581,3,,,0.9342359173688118,2026-10-09T20:01:54+00:00,8476459.0
2026-10-09-late-2002,2026-10-09T20:02:21+00:00,2026020067,2026-10-09,player_points,over:8476468,J. Miller Over 0.5,0.5,0.478619155390015,0.5191191242044758,0.0,,1.83,-0.04049996881446083,-0.12412694563627252,3,,,0.6555345778619651,2026-10-09T20:01:54+00:00,8476468.0
2026-10-09-late-2002,2026-10-09T20:02:21+00:00,2026020067,2026-10-09,player_points,over:8476880,T. Wilson Over 0.5,0.5,0.5372140908288023,0.5081288571914441,0.0,,1.91,0.029085233637358265,0.026078913483012445,3,,,0.7764579022998435,2026-10-09T20:01:54+00:00,8476880.0
2026-10-09-late-2002,2026-10-09T20:02:21+00:00,2026020067,2026-10-09,player_points,over:8477949,A. Tuch Over 0.5,0.5,0.5295788756412527,0.4979813723539392,0.0,,1.91,0.03159750328731353,0.011495652474792672,3,,,0.7598427511225575,2026-10-09T20:01:54+00:00,8477949.0
2026-10-09-late-2002,2026-10-09T20:02:21+00:00,2026020067,2026-10-09,player_points,over:8477969,M. Pettersson Over 0.5,0.5,0.23368314364118825,0.20921155347385378,0.0,,4.2,0.024471590167334467,-0.0185307967070093,1,,,0.26686921187536233,2026-10-09T20:01:54+00:00,8477969.0
2026-10-09-late-2002,2026-10-09T20:02:21+00:00,2026020067,2026-10-09,player_points,over:8478440,D. Strome Over 0.5,0.5,0.4283560179500412,0.5045483073105755,0.0,,1.91,-0.07619228936053435,-0.18184000571542136,3,,,0.5623780644862277,2026-10-09T20:01:54+00:00,8478440.0
2026-10-09-late-2002,2026-10-09T20:02:21+00:00,2026020067,2026-10-09,player_points,over:8478463,A. Beauvillier Over 0.5,0.5,0.321456067480956,0.318331531190492,0.0,,2.9,0.0031245362904639973,-0.0677774043052276,2,,,0.3893138834561855,2026-10-09T20:01:54+00:00,8478463.0
2026-10-09-late-2002,2026-10-09T20:02:21+00:00,2026020067,2026-10-09,player_points,over:8478882,V. Gavrikov Over 0.5,0.5,0.43553015249688676,0.27439045560654635,0.0,,3.33,0.1611396968903404,0.45031540781463286,2,,,0.5751511487279969,2026-10-09T20:01:54+00:00,8478882.0
2026-10-09-late-2002,2026-10-09T20:02:21+00:00,2026020067,2026-10-09,player_points,over:8479323,A. Fox Over 0.5,0.5,0.5446984794127908,0.5410797933746355,0.0,,1.77,0.0036186860381552943,-0.035883691439360266,3,,,0.7930184658962075,2026-10-09T20:01:54+00:00,8479323.0
2026-10-09-late-2002,2026-10-09T20:02:21+00:00,2026020067,2026-10-09,player_points,over:8479345,J. Chychrun Over 0.5,0.5,0.47151520892641685,0.5114881726015176,0.0,,1.91,-0.039972963675100726,-0.09940595095054383,3,,,0.6418257378214924,2026-10-09T20:01:54+00:00,8479345.0
2026-10-09-late-2002,2026-10-09T20:02:21+00:00,2026020067,2026-10-09,player_points,over:8479385,J. Kyrou Over 0.5,0.5,0.3821716206330732,0.4019127751207463,0.0,,2.32,-0.019741154487673107,-0.11336184013127026,3,,,0.4838708772070302,2026-10-09T20:01:54+00:00,8479385.0
2026-10-09-late-2002,2026-10-09T20:02:21+00:00,2026020067,2026-10-09,player_points,over:8479400,P. Dubois Over 0.5,0.5,0.4696909736571683,0.5334437796006278,0.0,,1.8,-0.06375280594345956,-0.15455624741709706,3,,,0.6383357471856642,2026-10-09T20:01:54+00:00,8479400.0
2026-10-09-late-2002,2026-10-09T20:02:21+00:00,2026020067,2026-10-09,player_points,over:8479576,V. Desharnais Over 0.5,0.5,0.18296914828928168,0.13690476190480563,0.0,,6.0,0.04606438638447605,0.09781488973569008,1,,,0.20248733022267493,2026-10-09T20:01:54+00:00,8479576.0
2026-10-09-late-2002,2026-10-09T20:02:21+00:00,2026020067,2026-10-09,player_points,over:8480009,E. Tolvanen Over 0.5,0.5,0.28602899085953615,0.2829529903739508,0.0,,3.2,0.003076000485585373,-0.08470722924948426,2,,,0.33805057791453336,2026-10-09T20:01:54+00:00,8480009.0
2026-10-09-late-2002,2026-10-09T20:02:21+00:00,2026020067,2026-10-09,player_points,over:8480043,T. Liljegren Over 0.5,0.5,0.20926263224648545,0.16521739130440577,0.0,,5.0,0.04404524094207968,0.046313161232427236,1,,,0.23534151641043585,2026-10-09T20:01:54+00:00,8480043.0
2026-10-09-late-2002,2026-10-09T20:02:21+00:00,2026020067,2026-10-09,player_points,over:8480434,S. Durzi Over 0.5,0.5,0.29398265110885824,0.3006400922304703,0.0,,3.0,-0.00665744112161204,-0.11805204667342528,2,,,0.34933012939575114,2026-10-09T20:01:54+00:00,8480434.0
2026-10-09-late-2002,2026-10-09T20:02:21+00:00,2026020067,2026-10-09,player_points,over:8480796,M. Fehérváry Over 0.5,0.5,0.30365510485885305,0.22497932175345312,0.0,,3.9,0.07867578310539994,0.1842549089495269,1,,,0.36322315823907964,2026-10-09T20:01:54+00:00,8480796.0
2026-10-09-late-2002,2026-10-09T20:02:21+00:00,2026020067,2026-10-09,player_points,over:8481604,P. Dorofeyev Over 0.5,0.5,0.4164936688634887,0.48765181192983426,0.0,,1.93,-0.07115814306634555,-0.1961672190934668,3,,,0.5416124037873944,2026-10-09T20:01:54+00:00,8481604.0
2026-10-09-late-2002,2026-10-09T20:02:21+00:00,2026020067,2026-10-09,player_points,over:8481656,A. Protas Over 0.5,0.5,0.3968754242490664,0.33460023105619974,0.0,,2.78,0.062275193192866674,0.10331367941240455,2,,,0.5081967824736131,2026-10-09T20:01:54+00:00,8481656.0
2026-10-09-late-2002,2026-10-09T20:02:21+00:00,2026020067,2026-10-09,player_points,over:8481789,T. Kartye Over 0.5,0.5,0.33825666466521875,0.3030961463435055,0.0,,3.0,0.03516051832171324,0.014769993995656261,2,,,0.4145868894333307,2026-10-09T20:01:54+00:00,8481789.0
2026-10-09-late-2002,2026-10-09T20:02:21+00:00,2026020067,2026-10-09,player_points,over:8482109,A. Lafrenière Over 0.5,0.5,0.5584782973189732,0.468722195219792,0.0,,2.05,0.08975610209918122,0.14488050950389508,3,,,0.8242482012837368,2026-10-09T20:01:54+00:00,8482109.0
2026-10-09-late-2002,2026-10-09T20:02:21+00:00,2026020067,2026-10-09,player_points,over:8482157,W. Cuylle Over 0.5,0.5,0.3621287269502923,0.3233282674771918,0.0,,2.82,0.03880045947310051,0.021203009999824274,2,,,0.4516464260901203,2026-10-09T20:01:54+00:00,8482157.0
2026-10-09-late-2002,2026-10-09T20:02:21+00:00,2026020067,2026-10-09,player_points,over:8483690,N. Laba Over 0.5,0.5,0.2752349284626351,0.22335647202933934,0.0,,3.95,0.05187845643329575,0.08717796742740869,1,,,0.3229461890945893,2026-10-09T20:01:54+00:00,8483690.0
2026-10-09-late-2002,2026-10-09T20:02:21+00:00,2026020067,2026-10-09,player_points,over:8484186,R. Leonard Over 0.5,0.5,0.39407054380310536,0.3405656409361674,0.0,,2.71,0.05350490286693793,0.06793117370641555,2,,,0.503510039584225,2026-10-09T20:01:54+00:00,8484186.0
2026-10-09-late-2002,2026-10-09T20:02:21+00:00,2026020067,2026-10-09,player_points,over:8484210,G. Perreault Over 0.5,0.5,0.4205802807260015,0.3690365133401285,0.0,,2.55,0.05154376738587302,0.07247971585130375,3,,,0.5487172173719405,2026-10-09T20:01:54+00:00,8484210.0
2026-10-09-late-2002,2026-10-09T20:02:21+00:00,2026020067,2026-10-09,player_points,over:8484873,C. Hutson Over 0.5,0.5,0.3827318718856523,0.3508829618682303,0.0,,2.64,0.03184891001742196,0.010412141778122108,3,,,0.4847868836974931,2026-10-09T20:01:54+00:00,8484873.0
2026-10-09-late-2002,2026-10-09T20:02:21+00:00,2026020067,2026-10-09,player_points,over:8484999,I. Protas Over 0.5,0.5,0.3588036458712094,0.40218403146552273,0.0,,2.35,-0.04338038559431334,-0.15681143220265792,3,,,0.4464004963978062,2026-10-09T20:01:54+00:00,8484999.0
2026-10-09-late-2002,2026-10-09T20:02:21+00:00,2026020067,2026-10-09,player_points,under:8471214,A. Ovechkin Under 0.5,0.5,0.5689749345622915,0.4771223005482397,0.0,,2.0,0.09185263401405186,0.13794986912458307,3,,,0.5671109318280624,2026-10-09T20:01:54+00:00,8471214.0
2026-10-09-late-2002,2026-10-09T20:02:21+00:00,2026020067,2026-10-09,player_points,under:8476459,M. Zibanejad Under 0.5,0.5,0.3962875604534586,0.43590159694521746,0.0,,2.2,-0.039614036491758875,-0.12816736700239106,3,,,0.9342359173688118,2026-10-09T20:01:54+00:00,8476459.0
2026-10-09-late-2002,2026-10-09T20:02:21+00:00,2026020067,2026-10-09,player_points,under:8476468,J. Miller Under 0.5,0.5,0.521380844609985,0.4808808757955242,0.0,,2.0,0.04049996881446083,0.042761689219970034,3,,,0.6555345778619651,2026-10-09T20:01:54+00:00,8476468.0
2026-10-09-late-2002,2026-10-09T20:02:21+00:00,2026020067,2026-10-09,player_points,under:8476880,T. Wilson Under 0.5,0.5,0.46278590917119766,0.49187114280855593,0.0,,1.95,-0.029085233637358265,-0.09756747711616459,3,,,0.7764579022998435,2026-10-09T20:01:54+00:00,8476880.0
2026-10-09-late-2002,2026-10-09T20:02:21+00:00,2026020067,2026-10-09,player_points,under:8477949,A. Tuch Under 0.5,0.5,0.4704211243587473,0.5020186276460608,0.0,,1.9,-0.03159750328731353,-0.1061998637183802,3,,,0.7598427511225575,2026-10-09T20:01:54+00:00,8477949.0
2026-10-09-late-2002,2026-10-09T20:02:21+00:00,2026020067,2026-10-09,player_points,under:8477969,M. Pettersson Under 0.5,0.5,0.7663168563588117,0.7907884465261462,0.0,,1.22,-0.024471590167334467,-0.0650934352422497,1,,,0.26686921187536233,2026-10-09T20:01:54+00:00,8477969.0
2026-10-09-late-2002,2026-10-09T20:02:21+00:00,2026020067,2026-10-09,player_points,under:8478440,D. Strome Under 0.5,0.5,0.5716439820499588,0.49545169268942446,0.0,,1.99,0.07619228936053435,0.137571524279418,3,,,0.5623780644862277,2026-10-09T20:01:54+00:00,8478440.0
2026-10-09-late-2002,2026-10-09T20:02:21+00:00,2026020067,2026-10-09,player_points,under:8478463,A. Beauvillier Under 0.5,0.5,0.678543932519044,0.681668468809508,0.0,,1.41,-0.0031245362904639973,-0.043253055148148034,2,,,0.3893138834561855,2026-10-09T20:01:54+00:00,8478463.0
2026-10-09-late-2002,2026-10-09T20:02:21+00:00,2026020067,2026-10-09,player_points,under:8478882,V. Gavrikov Under 0.5,0.5,0.5644698475031132,0.7256095443934536,0.0,,1.33,-0.1611396968903404,-0.24925510282085936,2,,,0.5751511487279969,2026-10-09T20:01:54+00:00,8478882.0
2026-10-09-late-2002,2026-10-09T20:02:21+00:00,2026020067,2026-10-09,player_points,under:8479323,A. Fox Under 0.5,0.5,0.4553015205872092,0.4589202066253645,0.0,,2.05,-0.0036186860381552943,-0.06663188279622123,3,,,0.7930184658962075,2026-10-09T20:01:54+00:00,8479323.0
2026-10-09-late-2002,2026-10-09T20:02:21+00:00,2026020067,2026-10-09,player_points,under:8479345,J. Chychrun Under 0.5,0.5,0.5284847910735831,0.4885118273984824,0.0,,1.95,0.039972963675100726,0.030545342593487068,3,,,0.6418257378214924,2026-10-09T20:01:54+00:00,8479345.0
2026-10-09-late-2002,2026-10-09T20:02:21+00:00,2026020067,2026-10-09,player_points,under:8479385,J. Kyrou Under 0.5,0.5,0.6178283793669268,0.5980872248792537,0.0,,1.59,0.019741154487673107,-0.017652876806586337,3,,,0.4838708772070302,2026-10-09T20:01:54+00:00,8479385.0
2026-10-09-late-2002,2026-10-09T20:02:21+00:00,2026020067,2026-10-09,player_points,under:8479400,P. Dubois Under 0.5,0.5,0.5303090263428317,0.46655622039937217,0.0,,2.02,0.06375280594345956,0.07122423321252014,3,,,0.6383357471856642,2026-10-09T20:01:54+00:00,8479400.0
2026-10-09-late-2002,2026-10-09T20:02:21+00:00,2026020067,2026-10-09,player_points,under:8479576,V. Desharnais Under 0.5,0.5,0.8170308517107183,0.8630952380951944,0.0,,1.12,-0.04606438638447605,-0.0849254460839954,1,,,0.20248733022267493,2026-10-09T20:01:54+00:00,8479576.0
2026-10-09-late-2002,2026-10-09T20:02:21+00:00,2026020067,2026-10-09,player_points,under:8480009,E. Tolvanen Under 0.5,0.5,0.7139710091404639,0.7170470096260493,0.0,,1.34,-0.003076000485585373,-0.04327884775177837,2,,,0.33805057791453336,2026-10-09T20:01:54+00:00,8480009.0
2026-10-09-late-2002,2026-10-09T20:02:21+00:00,2026020067,2026-10-09,player_points,under:8480043,T. Liljegren Under 0.5,0.5,0.7907373677535146,0.8347826086955943,0.0,,1.15,-0.04404524094207968,-0.09065202708345833,1,,,0.23534151641043585,2026-10-09T20:01:54+00:00,8480043.0
2026-10-09-late-2002,2026-10-09T20:02:21+00:00,2026020067,2026-10-09,player_points,under:8480434,S. Durzi Under 0.5,0.5,0.7060173488911418,0.6993599077695297,0.0,,1.37,0.00665744112161204,-0.03275623201913569,2,,,0.34933012939575114,2026-10-09T20:01:54+00:00,8480434.0
2026-10-09-late-2002,2026-10-09T20:02:21+00:00,2026020067,2026-10-09,player_points,under:8480796,M. Fehérváry Under 0.5,0.5,0.696344895141147,0.7750206782465469,0.0,,1.24,-0.07867578310539994,-0.1365323300249778,1,,,0.36322315823907964,2026-10-09T20:01:54+00:00,8480796.0
2026-10-09-late-2002,2026-10-09T20:02:21+00:00,2026020067,2026-10-09,player_points,under:8481604,P. Dorofeyev Under 0.5,0.5,0.5835063311365113,0.5123481880701657,0.0,,1.83,0.07115814306634555,0.06781658597981571,3,,,0.5416124037873944,2026-10-09T20:01:54+00:00,8481604.0
2026-10-09-late-2002,2026-10-09T20:02:21+00:00,2026020067,2026-10-09,player_points,under:8481656,A. Protas Under 0.5,0.5,0.6031245757509336,0.6653997689438003,0.0,,1.44,-0.062275193192866674,-0.13150061091865567,2,,,0.5081967824736131,2026-10-09T20:01:54+00:00,8481656.0
2026-10-09-late-2002,2026-10-09T20:02:21+00:00,2026020067,2026-10-09,player_points,under:8481789,T. Kartye Under 0.5,0.5,0.6617433353347812,0.6969038536564944,0.0,,1.38,-0.03516051832171324,-0.08679419723800197,2,,,0.4145868894333307,2026-10-09T20:01:54+00:00,8481789.0
2026-10-09-late-2002,2026-10-09T20:02:21+00:00,2026020067,2026-10-09,player_points,under:8482109,A. Lafrenière Under 0.5,0.5,0.44152170268102675,0.531277804780208,0.0,,1.8,-0.08975610209918122,-0.20526093517415184,3,,,0.8242482012837368,2026-10-09T20:01:54+00:00,8482109.0
2026-10-09-late-2002,2026-10-09T20:02:21+00:00,2026020067,2026-10-09,player_points,under:8482157,W. Cuylle Under 0.5,0.5,0.6378712730497077,0.6766717325228082,0.0,,1.41,-0.03880045947310051,-0.10060150499991222,2,,,0.4516464260901203,2026-10-09T20:01:54+00:00,8482157.0
2026-10-09-late-2002,2026-10-09T20:02:21+00:00,2026020067,2026-10-09,player_points,under:8483690,N. Laba Under 0.5,0.5,0.7247650715373649,0.7766435279706607,0.0,,1.24,-0.05187845643329575,-0.1012913112936675,1,,,0.3229461890945893,2026-10-09T20:01:54+00:00,8483690.0
2026-10-09-late-2002,2026-10-09T20:02:21+00:00,2026020067,2026-10-09,player_points,under:8484186,R. Leonard Under 0.5,0.5,0.6059294561968946,0.6594343590638325,0.0,,1.45,-0.05350490286693793,-0.1214022885145028,2,,,0.503510039584225,2026-10-09T20:01:54+00:00,8484186.0
2026-10-09-late-2002,2026-10-09T20:02:21+00:00,2026020067,2026-10-09,player_points,under:8484210,G. Perreault Under 0.5,0.5,0.5794197192739985,0.6309634866598715,0.0,,1.53,-0.05154376738587302,-0.11348782951078229,3,,,0.5487172173719405,2026-10-09T20:01:54+00:00,8484210.0
2026-10-09-late-2002,2026-10-09T20:02:21+00:00,2026020067,2026-10-09,player_points,under:8484873,C. Hutson Under 0.5,0.5,0.6172681281143477,0.6491170381317697,0.0,,1.48,-0.03184891001742196,-0.08644317039076538,3,,,0.4847868836974931,2026-10-09T20:01:54+00:00,8484873.0
2026-10-09-late-2002,2026-10-09T20:02:21+00:00,2026020067,2026-10-09,player_points,under:8484999,I. Protas Under 0.5,0.5,0.6411963541287906,0.5978159685344773,0.0,,1.61,0.04338038559431334,0.03232613014735297,3,,,0.4464004963978062,2026-10-09T20:01:54+00:00,8484999.0
2026-10-09-late-2002,2026-10-09T20:02:21+00:00,2026020067,2026-10-09,player_sog,over:8471214,A. Ovechkin Over 2.5,2.5,0.439379801036728,0.5098645863247995,0.0,,1.97,-0.07048478528807145,-0.1344217919576458,4,,,2.478624251229857,2026-10-09T20:01:54+00:00,8471214.0
2026-10-09-late-2002,2026-10-09T20:02:21+00:00,2026020067,2026-10-09,player_sog,over:8476459,M. Zibanejad Over 2.5,2.5,0.3786892428970472,0.43323238161116323,0.0,,2.2,-0.054543138714116035,-0.1668836656264961,5,,,2.2249738975639684,2026-10-09T20:01:54+00:00,8476459.0
2026-10-09-late-2002,2026-10-09T20:02:21+00:00,2026020067,2026-10-09,player_sog,over:8476468,J. Miller Over 1.5,1.5,0.5438117734174498,0.562296790554415,0.0,,1.74,-0.018485017136965154,-0.05376751425363735,5,,,1.883542071513473,2026-10-09T20:01:54+00:00,8476468.0
2026-10-09-late-2002,2026-10-09T20:02:21+00:00,2026020067,2026-10-09,player_sog,over:8476880,T. Wilson Over 1.5,1.5,0.5378294259894676,0.5983993995384833,0.0,,1.62,-0.06056997354901572,-0.12871632989706244,5,,,1.8611539309630947,2026-10-09T20:01:54+00:00,8476880.0
2026-10-09-late-2002,2026-10-09T20:02:21+00:00,2026020067,2026-10-09,player_sog,over:8477416,O. Bjorkstrand Over 1.5,1.5,0.36434388966713116,0.4266331754480641,0.0,,2.24,-0.06228928578093296,-0.18386968714562613,2,,,1.2896698886454425,2026-10-09T20:01:54+00:00,8477416.0
2026-10-09-late-2002,2026-10-09T20:02:21+00:00,2026020067,2026-10-09,player_sog,over:8477949,A. Tuch Over 2.5,2.5,0.46080069905426757,0.4752685100049311,0.0,,2.07,-0.014467810950663518,-0.04614255295766623,4,,,2.571525058205841,2026-10-09T20:01:54+00:00,8477949.0
2026-10-09-late-2002,2026-10-09T20:02:21+00:00,2026020067,2026-10-09,player_sog,over:8478440,D. Strome Over 1.5,1.5,0.40536282926163825,0.5064896671564362,0.0,,1.97,-0.10112683789479793,-0.20143522635457267,5,,,1.4142417552353617,2026-10-09T20:01:54+00:00,8478440.0
2026-10-09-late-2002,2026-10-09T20:02:21+00:00,2026020067,2026-10-09,player_sog,over:8479323,A. Fox Over 1.5,1.5,0.3749129567242979,0.4717458377284027,0.0,,2.02,-0.09683288100410475,-0.24267582741691818,5,,,1.3213221079789796,2026-10-09T20:01:54+00:00,8479323.0
2026-10-09-late-2002,2026-10-09T20:02:21+00:00,2026020067,2026-10-09,player_sog,over:8479345,J. Chychrun Over 2.5,2.5,0.24956029979674144,0.49016436244478034,0.0,,2.0,-0.2406040626480389,-0.5008794004065171,5,,,1.7092061726481862,2026-10-09T20:01:54+00:00,8479345.0
2026-10-09-late-2002,2026-10-09T20:02:21+00:00,2026020067,2026-10-09,player_sog,over:8479385,J. Kyrou Over 1.5,1.5,0.4840637537455834,0.5948872576222708,0.0,,1.62,-0.11082350387668738,-0.21581671893215482,3,,,1.6696437847823495,2026-10-09T20:01:54+00:00,8479385.0
2026-10-09-late-2002,2026-10-09T20:02:21+00:00,2026020067,2026-10-09,player_sog,over:8479400,P. Dubois Over 1.5,1.5,0.40004545380971046,0.49114634745434854,0.0,,1.97,-0.09110089364463808,-0.2119104559948704,4,,,1.3978157849198822,2026-10-09T20:01:54+00:00,8479400.0
2026-10-09-late-2002,2026-10-09T20:02:21+00:00,2026020067,2026-10-09,player_sog,over:8480009,E. Tolvanen Over 1.5,1.5,0.4343983477965232,0.41653178883993214,0.0,,2.3,0.01786655895659106,-0.0008838000679967095,4,,,1.5056165131737484,2026-10-09T20:01:54+00:00,8480009.0
2026-10-09-late-2002,2026-10-09T20:02:21+00:00,2026020067,2026-10-09,player_sog,over:8481604,P. Dorofeyev Over 2.5,2.5,0.43781217284838836,0.5343492248690261,0.0,,1.8,-0.09653705202063778,-0.21193808887290094,5,,,2.4719045830895445,2026-10-09T20:01:54+00:00,8481604.0
2026-10-09-late-2002,2026-10-09T20:02:21+00:00,2026020067,2026-10-09,player_sog,over:8481656,A. Protas Over 1.5,1.5,0.4708485071338009,0.48858115973307115,0.0,,1.94,-0.01773265259927026,-0.0865538961604263,2,,,1.6249288903378738,2026-10-09T20:01:54+00:00,8481656.0
2026-10-09-late-2002,2026-10-09T20:02:21+00:00,2026020067,2026-10-09,player_sog,over:8482109,A. Lafrenière Over 2.5,2.5,0.35072687067557706,0.3843767473636011,0.0,,2.44,-0.03364987668802405,-0.14422643555159198,3,,,2.111644272607785,2026-10-09T20:01:54+00:00,8482109.0
2026-10-09-late-2002,2026-10-09T20:02:21+00:00,2026020067,2026-10-09,player_sog,over:8482157,W. Cuylle Over 1.5,1.5,0.5576107381223931,0.5626404614999004,0.0,,1.69,-0.005029723377507289,-0.057637852573155623,5,,,1.9361177432030348,2026-10-09T20:01:54+00:00,8482157.0
2026-10-09-late-2002,2026-10-09T20:02:21+00:00,2026020067,2026-10-09,player_sog,over:8484186,R. Leonard Over 1.5,1.5,0.5719829376727558,0.5315989986881505,0.0,,1.77,0.04038393898460524,0.012409799680777711,4,,,1.9923508318797079,2026-10-09T20:01:54+00:00,8484186.0
2026-10-09-late-2002,2026-10-09T20:02:21+00:00,2026020067,2026-10-09,player_sog,over:8484210,G. Perreault Over 1.5,1.5,0.42556906313350507,0.4293688818856315,0.0,,2.17,-0.003799818752126427,-0.07651513300029406,2,,,1.4775150305239717,2026-10-09T20:01:54+00:00,8484210.0
2026-10-09-late-2002,2026-10-09T20:02:21+00:00,2026020067,2026-10-09,player_sog,over:8484873,C. Hutson Over 1.5,1.5,0.44146150265223394,0.5162924960550634,0.0,,1.83,-0.0748309934028295,-0.19212545014641186,2,,,1.5283093492060582,2026-10-09T20:01:54+00:00,8484873.0
2026-10-09-late-2002,2026-10-09T20:02:21+00:00,2026020067,2026-10-09,player_sog,under:8471214,A. Ovechkin Under 2.5,2.5,0.560620198963272,0.4901354136752005,0.0,,1.95,0.07048478528807145,0.0932093879783803,4,,,2.478624251229857,2026-10-09T20:01:54+00:00,8471214.0
2026-10-09-late-2002,2026-10-09T20:02:21+00:00,2026020067,2026-10-09,player_sog,under:8476459,M. Zibanejad Under 2.5,2.5,0.6213107571029528,0.5667676183888368,0.0,,1.68,0.054543138714116035,0.04380207193296065,5,,,2.2249738975639684,2026-10-09T20:01:54+00:00,8476459.0
2026-10-09-late-2002,2026-10-09T20:02:21+00:00,2026020067,2026-10-09,player_sog,under:8476468,J. Miller Under 1.5,1.5,0.4561882265825502,0.43770320944558505,0.0,,2.2,0.018485017136965154,0.0036140984816105393,5,,,1.883542071513473,2026-10-09T20:01:54+00:00,8476468.0
2026-10-09-late-2002,2026-10-09T20:02:21+00:00,2026020067,2026-10-09,player_sog,under:8476880,T. Wilson Under 1.5,1.5,0.4621705740105324,0.4016006004615167,0.0,,2.4,0.06056997354901572,0.10920937762527771,5,,,1.8611539309630947,2026-10-09T20:01:54+00:00,8476880.0
2026-10-09-late-2002,2026-10-09T20:02:21+00:00,2026020067,2026-10-09,player_sog,under:8477416,O. Bjorkstrand Under 1.5,1.5,0.6356561103328688,0.5733668245519359,0.0,,1.67,0.06228928578093296,0.0615457042558909,2,,,1.2896698886454425,2026-10-09T20:01:54+00:00,8477416.0
2026-10-09-late-2002,2026-10-09T20:02:21+00:00,2026020067,2026-10-09,player_sog,under:8477949,A. Tuch Under 2.5,2.5,0.5391993009457324,0.5247314899950689,0.0,,1.83,0.014467810950663518,-0.013265279269309593,4,,,2.571525058205841,2026-10-09T20:01:54+00:00,8477949.0
2026-10-09-late-2002,2026-10-09T20:02:21+00:00,2026020067,2026-10-09,player_sog,under:8478440,D. Strome Under 1.5,1.5,0.5946371707383618,0.4935103328435638,0.0,,1.95,0.10112683789479793,0.15954248293980544,5,,,1.4142417552353617,2026-10-09T20:01:54+00:00,8478440.0
2026-10-09-late-2002,2026-10-09T20:02:21+00:00,2026020067,2026-10-09,player_sog,under:8479323,A. Fox Under 1.5,1.5,0.6250870432757021,0.5282541622715973,0.0,,1.83,0.09683288100410475,0.14390928919453483,5,,,1.3213221079789796,2026-10-09T20:01:54+00:00,8479323.0
2026-10-09-late-2002,2026-10-09T20:02:21+00:00,2026020067,2026-10-09,player_sog,under:8479345,J. Chychrun Under 2.5,2.5,0.7504397002032586,0.5098356375552197,0.0,,1.91,0.2406040626480389,0.43333982738822374,5,,,1.7092061726481862,2026-10-09T20:01:54+00:00,8479345.0
2026-10-09-late-2002,2026-10-09T20:02:21+00:00,2026020067,2026-10-09,player_sog,under:8479385,J. Kyrou Under 1.5,1.5,0.5159362462544166,0.4051127423777292,0.0,,2.44,0.11082350387668738,0.25888444086077644,3,,,1.6696437847823495,2026-10-09T20:01:54+00:00,8479385.0
2026-10-09-late-2002,2026-10-09T20:02:21+00:00,2026020067,2026-10-09,player_sog,under:8479400,P. Dubois Under 1.5,1.5,0.5999545461902895,0.5088536525456515,0.0,,1.87,0.09110089364463808,0.12191500137584155,4,,,1.3978157849198822,2026-10-09T20:01:54+00:00,8479400.0
2026-10-09-late-2002,2026-10-09T20:02:21+00:00,2026020067,2026-10-09,player_sog,under:8480009,E. Tolvanen Under 1.5,1.5,0.5656016522034768,0.5834682111600679,0.0,,1.65,-0.01786655895659106,-0.06675727386426333,4,,,1.5056165131737484,2026-10-09T20:01:54+00:00,8480009.0
2026-10-09-late-2002,2026-10-09T20:02:21+00:00,2026020067,2026-10-09,player_sog,under:8481604,P. Dorofeyev Under 2.5,2.5,0.5621878271516116,0.46565077513097386,0.0,,2.1,0.09653705202063778,0.1805944370183845,5,,,2.4719045830895445,2026-10-09T20:01:54+00:00,8481604.0
2026-10-09-late-2002,2026-10-09T20:02:21+00:00,2026020067,2026-10-09,player_sog,under:8481656,A. Protas Under 1.5,1.5,0.5291514928661991,0.5114188402669289,0.0,,1.83,0.01773265259927026,-0.03165276805485556,2,,,1.6249288903378738,2026-10-09T20:01:54+00:00,8481656.0
2026-10-09-late-2002,2026-10-09T20:02:21+00:00,2026020067,2026-10-09,player_sog,under:8482109,A. Lafrenière Under 2.5,2.5,0.6492731293244229,0.6156232526363989,0.0,,1.56,0.03364987668802405,0.012866081746099822,3,,,2.111644272607785,2026-10-09T20:01:54+00:00,8482109.0
2026-10-09-late-2002,2026-10-09T20:02:21+00:00,2026020067,2026-10-09,player_sog,under:8482157,W. Cuylle Under 1.5,1.5,0.44238926187760685,0.43735953850009957,0.0,,2.2,0.005029723377507289,-0.026743623869264876,5,,,1.9361177432030348,2026-10-09T20:01:54+00:00,8482157.0
2026-10-09-late-2002,2026-10-09T20:02:21+00:00,2026020067,2026-10-09,player_sog,under:8484186,R. Leonard Under 1.5,1.5,0.42801706232724424,0.4684010013118495,0.0,,2.04,-0.04038393898460524,-0.12684519285242174,4,,,1.9923508318797079,2026-10-09T20:01:54+00:00,8484186.0
2026-10-09-late-2002,2026-10-09T20:02:21+00:00,2026020067,2026-10-09,player_sog,under:8484210,G. Perreault Under 1.5,1.5,0.5744309368664949,0.5706311181143685,0.0,,1.66,0.003799818752126427,-0.04644464480161847,2,,,1.4775150305239717,2026-10-09T20:01:54+00:00,8484210.0
2026-10-09-late-2002,2026-10-09T20:02:21+00:00,2026020067,2026-10-09,player_sog,under:8484873,C. Hutson Under 1.5,1.5,0.5585384973477661,0.48370750394493656,0.0,,1.96,0.0748309934028295,0.09473545480162149,2,,,1.5283093492060582,2026-10-09T20:01:54+00:00,8484873.0
2026-10-09-late-2002,2026-10-09T20:02:21+00:00,2026020067,2026-10-09,spreads,away,NYR +1.5,1.5,0.7162443289966347,0.6639050916586411,0.0,,1.48,0.052339237337993616,0.06004160691501936,9,2.981383331200393,3.059924901308218,6.155530814402807,2026-10-09T20:01:54+00:00,
2026-10-09-late-2002,2026-10-09T20:02:21+00:00,2026020067,2026-10-09,spreads,home,WSH -1.5,-1.5,0.28375567100336524,0.3360949083413589,0.0,,2.85,-0.05233923733799367,-0.191296337640409,9,2.981383331200393,3.059924901308218,6.155530814402807,2026-10-09T20:01:54+00:00,
2026-10-09-late-2002,2026-10-09T20:02:21+00:00,2026020067,2026-10-09,totals,over,Over 5.5,5.5,0.5749673569137487,0.526314458306528,0.0,,1.83,0.04865289860722066,0.05219026315216013,8,2.981383331200393,3.059924901308218,6.155530814402807,2026-10-09T20:01:54+00:00,
2026-10-09-late-2002,2026-10-09T20:02:21+00:00,2026020067,2026-10-09,totals,under,Under 5.5,5.5,0.4250326430862513,0.473685541693472,0.0,,2.05,-0.04865289860722066,-0.12868308167318487,8,2.981383331200393,3.059924901308218,6.155530814402807,2026-10-09T20:01:54+00:00,
2026-10-09-late-2002,2026-10-09T20:02:21+00:00,2026020068,2026-10-09,player_assists,over:8471215,E. Malkin Over 0.5,0.5,0.36535164523929786,0.42391616422625206,0.0,,2.15,-0.058564518986954195,-0.21449396273550964,1,,,0.4567578637402972,2026-10-09T20:01:54+00:00,8471215.0
2026-10-09-late-2002,2026-10-09T20:02:21+00:00,2026020068,2026-10-09,player_assists,over:8471675,S. Crosby Over 0.5,0.5,0.40223828791603633,0.4812402208501222,0.0,,1.95,-0.07900193293408586,-0.21563533856372918,2,,,0.5172199371629593,2026-10-09T20:01:54+00:00,8471675.0
2026-10-09-late-2002,2026-10-09T20:02:21+00:00,2026020068,2026-10-09,player_assists,over:8471724,K. Letang Over 0.5,0.5,0.28426974526281057,0.3327092612771219,0.0,,2.8,-0.048439516014311346,-0.20404471326413043,2,,,0.33557300133520107,2026-10-09T20:01:54+00:00,8471724.0
2026-10-09-late-2002,2026-10-09T20:02:21+00:00,2026020068,2026-10-09,player_assists,over:8474578,E. Karlsson Over 0.5,0.5,0.37906008375511735,0.4869621903520238,0.0,,1.95,-0.10790210659690647,-0.26083283667752116,2,,,0.4787989080283907,2026-10-09T20:01:54+00:00,8474578.0
2026-10-09-late-2002,2026-10-09T20:02:21+00:00,2026020068,2026-10-09,player_assists,over:8475745,C. Coyle Over 0.5,0.5,0.3778537263570282,0.3585353916236159,0.0,,2.7,0.019318334733412268,0.020205061163976135,2,,,0.4768394522734601,2026-10-09T20:01:54+00:00,8475745.0
2026-10-09-late-2002,2026-10-09T20:02:21+00:00,2026020068,2026-10-09,player_assists,over:8475810,B. Rust Over 0.5,0.5,0.36267005730685853,0.3414570230608038,0.0,,2.65,0.02121303424605475,-0.03892434813682488,1,,,0.45250311414617067,2026-10-09T20:01:54+00:00,8475810.0
2026-10-09-late-2002,2026-10-09T20:02:21+00:00,2026020068,2026-10-09,player_assists,over:8476483,R. Rakell Over 0.5,0.5,0.3155890191716413,0.3182957393484025,0.0,,2.85,-0.0027067201767612126,-0.10057129536082232,1,,,0.38063823583510265,2026-10-09T20:01:54+00:00,8476483.0
2026-10-09-late-2002,2026-10-09T20:02:21+00:00,2026020068,2026-10-09,player_assists,over:8477497,S. Monahan Over 0.5,0.5,0.2025008355940503,0.26983576220216426,0.0,,3.3,-0.06733492660811397,-0.33174724253963406,1,,,0.22678726677530628,2026-10-09T20:01:54+00:00,8477497.0
2026-10-09-late-2002,2026-10-09T20:02:21+00:00,2026020068,2026-10-09,player_assists,over:8477501,V. Nichushkin Over 0.5,0.5,0.32361817229976764,0.32142857142861514,0.0,,2.8,0.0021896008711524972,-0.09386911756065064,1,,,0.39253031202017175,2026-10-09T20:01:54+00:00,8477501.0
2026-10-09-late-2002,2026-10-09T20:02:21+00:00,2026020068,2026-10-09,player_assists,over:8478438,T. Novak Over 0.5,0.5,0.2617006777741735,0.2774621212121552,0.0,,3.2,-0.015761443437981693,-0.16255783112264477,1,,,0.30432836748202446,2026-10-09T20:01:54+00:00,8478438.0
2026-10-09-late-2002,2026-10-09T20:02:21+00:00,2026020068,2026-10-09,player_assists,over:8478460,Z. Werenski Over 0.5,0.5,0.49517598541867514,0.5484952217943044,0.0,,1.71,-0.0533192363756293,-0.15324906493406554,2,,,0.6882391042021473,2026-10-09T20:01:54+00:00,8478460.0
2026-10-09-late-2002,2026-10-09T20:02:21+00:00,2026020068,2026-10-09,player_assists,over:8478856,C. Garland Over 0.5,0.5,0.15700867505219096,0.22497932175345312,0.0,,3.9,-0.06797064670126216,-0.38766616729645526,1,,,0.1710906658364075,2026-10-09T20:01:54+00:00,8478856.0
2026-10-09-late-2002,2026-10-09T20:02:21+00:00,2026020068,2026-10-09,player_assists,over:8481716,D. Voronkov Over 0.5,0.5,0.11983764298254962,0.20305592927151403,0.0,,4.3,-0.08321828628896441,-0.4846981351750367,1,,,0.12781197306395028,2026-10-09T20:01:54+00:00,8481716.0
2026-10-09-late-2002,2026-10-09T20:02:21+00:00,2026020068,2026-10-09,player_assists,over:8482148,H. Lapierre Over 0.5,0.5,0.16495415985136852,0.23830973830971927,0.0,,3.7,-0.07335557845835075,-0.38966960854993643,1,,,0.18059401604020076,2026-10-09T20:01:54+00:00,8482148.0
2026-10-09-late-2002,2026-10-09T20:02:21+00:00,2026020068,2026-10-09,player_assists,over:8482660,K. Johnson Over 0.5,0.5,0.17183974914447053,0.30460805378854194,0.0,,2.95,-0.1327683046440714,-0.4930727400238119,2,,,0.1889045566910555,2026-10-09T20:01:54+00:00,8482660.0
2026-10-09-late-2002,2026-10-09T20:02:21+00:00,2026020068,2026-10-09,player_assists,over:8482720,M. Knies Over 0.5,0.5,0.37458240418420097,0.4142239016364116,0.0,,2.3,-0.03964149745221063,-0.13846047037633785,2,,,0.47154536746980924,2026-10-09T20:01:54+00:00,8482720.0
2026-10-09-late-2002,2026-10-09T20:02:21+00:00,2026020068,2026-10-09,player_assists,over:8483485,D. Mateychuk Over 0.5,0.5,0.25532596325262724,0.26983576220216426,0.0,,3.3,-0.014509798949537023,-0.1574243212663301,1,,,0.2956795232434064,2026-10-09T20:01:54+00:00,8483485.0
2026-10-09-late-2002,2026-10-09T20:02:21+00:00,2026020068,2026-10-09,player_assists,over:8484166,A. Fantilli Over 0.5,0.5,0.3631280192960158,0.37941946604563037,0.0,,2.45,-0.01629144674961458,-0.11033635272476128,2,,,0.45322844646098653,2026-10-09T20:01:54+00:00,8484166.0
2026-10-09-late-2002,2026-10-09T20:02:21+00:00,2026020068,2026-10-09,player_assists,over:8485414,B. Kindel Over 0.5,0.5,0.24090997224028166,0.23650793650798818,0.0,,3.75,0.0044020357322934744,-0.09658760409894374,1,,,0.27639603893411463,2026-10-09T20:01:54+00:00,8485414.0
2026-10-09-late-2002,2026-10-09T20:02:21+00:00,2026020068,2026-10-09,player_assists,under:8471215,E. Malkin Under 0.5,0.5,0.6346483547607021,0.5760838357737479,0.0,,1.62,0.058564518986954195,0.028130334712337557,1,,,0.4567578637402972,2026-10-09T20:01:54+00:00,8471215.0
2026-10-09-late-2002,2026-10-09T20:02:21+00:00,2026020068,2026-10-09,player_assists,under:8471675,S. Crosby Under 0.5,0.5,0.5977617120839637,0.5187597791498778,0.0,,1.83,0.07900193293408586,0.09390393311365358,2,,,0.5172199371629593,2026-10-09T20:01:54+00:00,8471675.0
2026-10-09-late-2002,2026-10-09T20:02:21+00:00,2026020068,2026-10-09,player_assists,under:8471724,K. Letang Under 0.5,0.5,0.7157302547371894,0.6672907387228781,0.0,,1.44,0.048439516014311346,0.030651566821552734,2,,,0.33557300133520107,2026-10-09T20:01:54+00:00,8471724.0
2026-10-09-late-2002,2026-10-09T20:02:21+00:00,2026020068,2026-10-09,player_assists,under:8474578,E. Karlsson Under 0.5,0.5,0.6209399162448827,0.5130378096479762,0.0,,1.87,0.10790210659690647,0.1611576433779306,2,,,0.4787989080283907,2026-10-09T20:01:54+00:00,8474578.0
2026-10-09-late-2002,2026-10-09T20:02:21+00:00,2026020068,2026-10-09,player_assists,under:8475745,C. Coyle Under 0.5,0.5,0.6221462736429718,0.6414646083763841,0.0,,1.53,-0.019318334733412268,-0.048116201326253105,2,,,0.4768394522734601,2026-10-09T20:01:54+00:00,8475745.0
2026-10-09-late-2002,2026-10-09T20:02:21+00:00,2026020068,2026-10-09,player_assists,under:8475810,B. Rust Under 0.5,0.5,0.6373299426931415,0.6585429769391962,0.0,,1.44,-0.02121303424605475,-0.08224488252187634,1,,,0.45250311414617067,2026-10-09T20:01:54+00:00,8475810.0
2026-10-09-late-2002,2026-10-09T20:02:21+00:00,2026020068,2026-10-09,player_assists,under:8476483,R. Rakell Under 0.5,0.5,0.6844109808283587,0.6817042606515975,0.0,,1.4,0.0027067201767612126,-0.04182462684029786,1,,,0.38063823583510265,2026-10-09T20:01:54+00:00,8476483.0
2026-10-09-late-2002,2026-10-09T20:02:21+00:00,2026020068,2026-10-09,player_assists,under:8477497,S. Monahan Under 0.5,0.5,0.7974991644059497,0.7301642377978357,0.0,,1.31,0.06733492660811397,0.04472390537179416,1,,,0.22678726677530628,2026-10-09T20:01:54+00:00,8477497.0
2026-10-09-late-2002,2026-10-09T20:02:21+00:00,2026020068,2026-10-09,player_assists,under:8477501,V. Nichushkin Under 0.5,0.5,0.6763818277002324,0.6785714285713849,0.0,,1.4,-0.0021896008711524972,-0.05306544121967477,1,,,0.39253031202017175,2026-10-09T20:01:54+00:00,8477501.0
2026-10-09-late-2002,2026-10-09T20:02:21+00:00,2026020068,2026-10-09,player_assists,under:8478438,T. Novak Under 0.5,0.5,0.7382993222258265,0.7225378787878448,0.0,,1.32,0.015761443437981693,-0.025444894661908968,1,,,0.30432836748202446,2026-10-09T20:01:54+00:00,8478438.0
2026-10-09-late-2002,2026-10-09T20:02:21+00:00,2026020068,2026-10-09,player_assists,under:8478460,Z. Werenski Under 0.5,0.5,0.5048240145813249,0.45150477820569557,0.0,,2.05,0.0533192363756293,0.034889229891715834,2,,,0.6882391042021473,2026-10-09T20:01:54+00:00,8478460.0
2026-10-09-late-2002,2026-10-09T20:02:21+00:00,2026020068,2026-10-09,player_assists,under:8478856,C. Garland Under 0.5,0.5,0.842991324947809,0.7750206782465469,0.0,,1.24,0.06797064670126216,0.04530924293528321,1,,,0.1710906658364075,2026-10-09T20:01:54+00:00,8478856.0
2026-10-09-late-2002,2026-10-09T20:02:21+00:00,2026020068,2026-10-09,player_assists,under:8481716,D. Voronkov Under 0.5,0.5,0.8801623570174504,0.7969440707284859,0.0,,1.21,0.08321828628896441,0.06499645199111492,1,,,0.12781197306395028,2026-10-09T20:01:54+00:00,8481716.0
2026-10-09-late-2002,2026-10-09T20:02:21+00:00,2026020068,2026-10-09,player_assists,under:8482148,H. Lapierre Under 0.5,0.5,0.8350458401486315,0.7616902616902808,0.0,,1.26,0.07335557845835075,0.05215775858727567,1,,,0.18059401604020076,2026-10-09T20:01:54+00:00,8482148.0
2026-10-09-late-2002,2026-10-09T20:02:21+00:00,2026020068,2026-10-09,player_assists,under:8482660,K. Johnson Under 0.5,0.5,0.8281602508555295,0.6953919462114581,0.0,,1.38,0.1327683046440714,0.14286114618063056,2,,,0.1889045566910555,2026-10-09T20:01:54+00:00,8482660.0
2026-10-09-late-2002,2026-10-09T20:02:21+00:00,2026020068,2026-10-09,player_assists,under:8482720,M. Knies Under 0.5,0.5,0.625417595815799,0.5857760983635885,0.0,,1.65,0.03964149745221063,0.031939033096068326,2,,,0.47154536746980924,2026-10-09T20:01:54+00:00,8482720.0
2026-10-09-late-2002,2026-10-09T20:02:21+00:00,2026020068,2026-10-09,player_assists,under:8483485,D. Mateychuk Under 0.5,0.5,0.7446740367473728,0.7301642377978357,0.0,,1.31,0.014509798949537023,-0.024477011860941644,1,,,0.2956795232434064,2026-10-09T20:01:54+00:00,8483485.0
2026-10-09-late-2002,2026-10-09T20:02:21+00:00,2026020068,2026-10-09,player_assists,under:8484166,A. Fantilli Under 0.5,0.5,0.6368719807039842,0.6205805339543696,0.0,,1.54,0.01629144674961458,-0.0192171497158643,2,,,0.45322844646098653,2026-10-09T20:01:54+00:00,8484166.0
2026-10-09-late-2002,2026-10-09T20:02:21+00:00,2026020068,2026-10-09,player_assists,under:8485414,B. Kindel Under 0.5,0.5,0.7590900277597183,0.7634920634920118,0.0,,1.26,-0.0044020357322934744,-0.04354656502275489,1,,,0.27639603893411463,2026-10-09T20:01:54+00:00,8485414.0
2026-10-09-late-2002,2026-10-09T20:02:21+00:00,2026020068,2026-10-09,player_goals,over:8471215,E. Malkin to score (anytime),0.5,0.2693161341396527,0.2573610202971511,0.0,,3.9,0.011955113842501641,0.05033292314464555,5,,,0.3162486623697945,2026-10-09T20:01:54+00:00,8471215.0
2026-10-09-late-2002,2026-10-09T20:02:21+00:00,2026020068,2026-10-09,player_goals,over:8471675,S. Crosby to score (anytime),0.5,0.16950746737129274,0.3190662082649721,0.0,,3.0,-0.14955874089367938,-0.4914775978861218,5,,,0.18660146711262288,2026-10-09T20:01:54+00:00,8471675.0
2026-10-09-late-2002,2026-10-09T20:02:21+00:00,2026020068,2026-10-09,player_goals,over:8471724,K. Letang to score (anytime),0.5,0.038184232371559323,0.11014130942663103,0.0,,9.0,-0.0719570770550717,-0.6563419086559661,5,,,0.038970274207714053,2026-10-09T20:01:54+00:00,8471724.0
2026-10-09-late-2002,2026-10-09T20:02:21+00:00,2026020068,2026-10-09,player_goals,over:8474578,E. Karlsson to score (anytime),0.5,0.21294239040203033,0.17113388232254306,0.0,,5.75,0.04180850807948727,0.22441874481167445,5,,,0.24089302308941965,2026-10-09T20:01:54+00:00,8474578.0
2026-10-09-late-2002,2026-10-09T20:02:21+00:00,2026020068,2026-10-09,player_goals,over:8475745,C. Coyle to score (anytime),0.5,0.2348978418847163,0.23376175530267163,0.0,,4.1,0.0011360865820446708,-0.03691884827266323,5,,,0.2695461353082661,2026-10-09T20:01:54+00:00,8475745.0
2026-10-09-late-2002,2026-10-09T20:02:21+00:00,2026020068,2026-10-09,player_goals,over:8475790,E. Gudbranson to score (anytime),0.5,0.04316192350328463,0.05343133096079052,0.0,,23.0,-0.010269407457505896,-0.007275759424453576,5,,,0.0441698035035356,2026-10-09T20:01:54+00:00,8475790.0
2026-10-09-late-2002,2026-10-09T20:02:21+00:00,2026020068,2026-10-09,player_goals,over:8475810,B. Rust to score (anytime),0.5,0.2924994756331427,0.2849759274992919,0.0,,3.3,0.00752354813385081,-0.03475173041062907,5,,,0.34902743733749686,2026-10-09T20:01:54+00:00,8475810.0
2026-10-09-late-2002,2026-10-09T20:02:21+00:00,2026020068,2026-10-09,player_goals,over:8476483,R. Rakell to score (anytime),0.5,0.27493503329348823,0.3034870867249523,0.0,,3.1,-0.028552053431464053,-0.14770139679018646,5,,,0.3240918802781023,2026-10-09T20:01:54+00:00,8476483.0
2026-10-09-late-2002,2026-10-09T20:02:21+00:00,2026020068,2026-10-09,player_goals,over:8477369,C. Soucy to score (anytime),0.5,0.0537442125574783,0.0617833086222311,0.0,,18.0,-0.008039096064752803,-0.032604173965390615,5,,,0.055318721306589956,2026-10-09T20:01:54+00:00,8477369.0
2026-10-09-late-2002,2026-10-09T20:02:21+00:00,2026020068,2026-10-09,player_goals,over:8477497,S. Monahan to score (anytime),0.5,0.18269729096145693,0.22197222843259312,0.0,,4.4,-0.039274937471136195,-0.19613191976958944,5,,,0.20276670346466893,2026-10-09T20:01:54+00:00,8477497.0
2026-10-09-late-2002,2026-10-09T20:02:21+00:00,2026020068,2026-10-09,player_goals,over:8477501,V. Nichushkin to score (anytime),0.5,0.17325607431620293,0.24223833225308872,0.0,,4.0,-0.06898225793688578,-0.30697570273518826,5,,,0.19116812518527815,2026-10-09T20:01:54+00:00,8477501.0
2026-10-09-late-2002,2026-10-09T20:02:21+00:00,2026020068,2026-10-09,player_goals,over:8477845,T. van Riemsdyk to score (anytime),0.5,0.08952198350911778,0.056208916513884544,0.0,,22.0,0.03331306699523323,0.9694836372005909,5,,,0.09400576177395567,2026-10-09T20:01:54+00:00,8477845.0
2026-10-09-late-2002,2026-10-09T20:02:21+00:00,2026020068,2026-10-09,player_goals,over:8478046,D. Heinen to score (anytime),0.5,0.12120890104761473,0.11270862392068375,0.0,,9.5,0.00850027712693098,0.15148455995233978,5,,,0.12962633551938754,2026-10-09T20:01:54+00:00,8478046.0
2026-10-09-late-2002,2026-10-09T20:02:21+00:00,2026020068,2026-10-09,player_goals,over:8478438,T. Novak to score (anytime),0.5,0.21791830353121278,0.24263311088020453,0.0,,4.1,-0.024714807348991757,-0.10653495552202774,5,,,0.247312671974039,2026-10-09T20:01:54+00:00,8478438.0
2026-10-09-late-2002,2026-10-09T20:02:21+00:00,2026020068,2026-10-09,player_goals,over:8478460,Z. Werenski to score (anytime),0.5,0.18987367713914283,0.22970303876010129,0.0,,4.2,-0.03982936162095846,-0.2025305560156001,5,,,0.21167743099183262,2026-10-09T20:01:54+00:00,8478460.0
2026-10-09-late-2002,2026-10-09T20:02:21+00:00,2026020068,2026-10-09,player_goals,over:8478856,C. Garland to score (anytime),0.5,0.11246171333585131,0.18112590075206897,0.0,,5.5,-0.06866418741621766,-0.38146057665281774,5,,,0.11966016108957775,2026-10-09T20:01:54+00:00,8478856.0
2026-10-09-late-2002,2026-10-09T20:02:21+00:00,2026020068,2026-10-09,player_goals,over:8479066,R. Lomberg to score (anytime),0.5,0.07557425801633832,0.09487397337864627,0.0,,12.0,-0.019299715362307943,-0.0931089038039401,5,,,0.07873713657109065,2026-10-09T20:01:54+00:00,8479066.0
2026-10-09-late-2002,2026-10-09T20:02:21+00:00,2026020068,2026-10-09,player_goals,over:8479398,S. Girard to score (anytime),0.5,0.09735188742595335,0.06588903273096999,0.0,,17.0,0.03146285469498336,0.654982086241207,5,,,0.10268519600002425,2026-10-09T20:01:54+00:00,8479398.0
2026-10-09-late-2002,2026-10-09T20:02:21+00:00,2026020068,2026-10-09,player_goals,over:8479671,M. Olivier to score (anytime),0.5,0.20949184319452885,0.1668963213204318,0.0,,6.0,0.04259552187409704,0.256951059167173,5,,,0.23646628969127595,2026-10-09T20:01:54+00:00,8479671.0
2026-10-09-late-2002,2026-10-09T20:02:21+00:00,2026020068,2026-10-09,player_goals,over:8480980,C. Dewar to score (anytime),0.5,0.09155230213131127,0.12431811267852289,0.0,,8.5,-0.032765810547211616,-0.22180543188385415,5,,,0.09624881808638847,2026-10-09T20:01:54+00:00,8480980.0
2026-10-09-late-2002,2026-10-09T20:02:21+00:00,2026020068,2026-10-09,player_goals,over:8481481,B. Lizotte to score (anytime),0.5,0.09650945214061646,0.11175891901276006,0.0,,9.5,-0.015249466872143597,-0.08316020466414364,5,,,0.10174757044608992,2026-10-09T20:01:54+00:00,8481481.0
2026-10-09-late-2002,2026-10-09T20:02:21+00:00,2026020068,2026-10-09,player_goals,over:8481527,K. Korczak to score (anytime),0.5,0.02637447371068069,0.04992237885370758,0.0,,26.0,-0.02354790514302689,-0.31426368352230205,5,,,0.026746387498407635,2026-10-09T20:01:54+00:00,8481527.0
2026-10-09-late-2002,2026-10-09T20:02:21+00:00,2026020068,2026-10-09,player_goals,over:8481582,N. Robertson to score (anytime),0.5,0.18997522858350413,0.1347741908489572,0.0,,7.5,0.05520103773454693,0.424814214376281,5,,,0.2118041186494629,2026-10-09T20:01:54+00:00,8481582.0
2026-10-09-late-2002,2026-10-09T20:02:21+00:00,2026020068,2026-10-09,player_goals,over:8481716,D. Voronkov to score (anytime),0.5,0.08590321444721527,0.2159705504246972,0.0,,4.5,-0.13006733597748193,-0.6134355349875313,5,,,0.09002080861746092,2026-10-09T20:01:54+00:00,8481716.0
2026-10-09-late-2002,2026-10-09T20:02:21+00:00,2026020068,2026-10-09,player_goals,over:8482126,E. Andrae to score (anytime),0.5,0.04754572409134006,0.057350710398943947,0.0,,26.0,-0.009804986307603888,0.23618882637484162,5,,,0.048772549964235634,2026-10-09T20:01:54+00:00,8482126.0
2026-10-09-late-2002,2026-10-09T20:02:21+00:00,2026020068,2026-10-09,player_goals,over:8482148,H. Lapierre to score (anytime),0.5,0.11061649383505134,0.16324918011924977,0.0,,6.0,-0.05263268628419843,-0.33630103698969194,5,,,0.11757097093884003,2026-10-09T20:01:54+00:00,8482148.0
2026-10-09-late-2002,2026-10-09T20:02:21+00:00,2026020068,2026-10-09,player_goals,over:8482660,K. Johnson to score (anytime),0.5,0.12494310845123524,0.25283539151296497,0.0,,3.8,-0.12789228306172973,-0.5252161878853061,5,,,0.13391269993083618,2026-10-09T20:01:54+00:00,8482660.0
2026-10-09-late-2002,2026-10-09T20:02:21+00:00,2026020068,2026-10-09,player_goals,over:8482705,C. Sillinger to score (anytime),0.5,0.15088454910782567,0.18013642235292465,0.0,,5.3,-0.02925187324509898,-0.20031188972852398,5,,,0.16423074203235083,2026-10-09T20:01:54+00:00,8482705.0
2026-10-09-late-2002,2026-10-09T20:02:21+00:00,2026020068,2026-10-09,player_goals,over:8482720,M. Knies to score (anytime),0.5,0.2923590917270732,0.33923486483627524,0.0,,2.9,-0.046875773109202046,-0.15215863399148777,5,,,0.34882557328839403,2026-10-09T20:01:54+00:00,8482720.0
2026-10-09-late-2002,2026-10-09T20:02:21+00:00,2026020068,2026-10-09,player_goals,over:8482758,V. Koivunen to score (anytime),0.5,0.11003228089477401,0.14609465119653567,0.0,,7.0,-0.036062370301761654,-0.2297740337365819,5,,,0.11691046318725427,2026-10-09T20:01:54+00:00,8482758.0
2026-10-09-late-2002,2026-10-09T20:02:21+00:00,2026020068,2026-10-09,player_goals,over:8483398,D. Carlile to score (anytime),0.5,0.1252062882826399,0.07725856697819314,0.0,,15.0,0.04794772130444677,0.8780943242395987,5,,,0.13421551890451067,2026-10-09T20:01:54+00:00,8483398.0
2026-10-09-late-2002,2026-10-09T20:02:21+00:00,2026020068,2026-10-09,player_goals,over:8483485,D. Mateychuk to score (anytime),0.5,0.1511547173254687,0.115917012971403,0.0,,9.0,0.0352377043540657,0.3603924559292183,5,,,0.1645515844145462,2026-10-09T20:01:54+00:00,8483485.0
2026-10-09-late-2002,2026-10-09T20:02:21+00:00,2026020068,2026-10-09,player_goals,over:8484166,A. Fantilli to score (anytime),0.5,0.2876674158319964,0.33089009705213074,0.0,,2.95,-0.04322268122013434,-0.1513811232956106,5,,,0.3421032878346796,2026-10-09T20:01:54+00:00,8484166.0
2026-10-09-late-2002,2026-10-09T20:02:21+00:00,2026020068,2026-10-09,player_goals,over:8485414,B. Kindel to score (anytime),0.5,0.17723253733953803,0.24664825255085954,0.0,,3.9,-0.0694157152113215,-0.30879310437580165,5,,,0.19603618902622874,2026-10-09T20:01:54+00:00,8485414.0
2026-10-09-late-2002,2026-10-09T20:02:21+00:00,2026020068,2026-10-09,player_points,over:8471215,E. Malkin Over 0.5,0.5,0.5499935496241126,0.5706311181143684,0.0,,1.66,-0.020637568490255775,-0.08701070762397312,2,,,0.8049033554341898,2026-10-09T20:01:54+00:00,8471215.0
2026-10-09-late-2002,2026-10-09T20:02:21+00:00,2026020068,2026-10-09,player_points,over:8471675,S. Crosby Over 0.5,0.5,0.5310775540422976,0.646106229529987,0.0,,1.48,-0.11502867548768936,-0.21400522001739952,3,,,0.7630822547242544,2026-10-09T20:01:54+00:00,8471675.0
2026-10-09-late-2002,2026-10-09T20:02:21+00:00,2026020068,2026-10-09,player_points,over:8471724,K. Letang Over 0.5,0.5,0.3590733571911855,0.39417489665636,0.0,,2.36,-0.035101539465174525,-0.1525868770288023,3,,,0.44682498056175046,2026-10-09T20:01:54+00:00,8471724.0
2026-10-09-late-2002,2026-10-09T20:02:21+00:00,2026020068,2026-10-09,player_points,over:8474578,E. Karlsson Over 0.5,0.5,0.5366988219483542,0.5487891126398343,0.0,,1.76,-0.012090290691480154,-0.05541007337089665,3,,,0.7753278470152001,2026-10-09T20:01:54+00:00,8474578.0
2026-10-09-late-2002,2026-10-09T20:02:21+00:00,2026020068,2026-10-09,player_points,over:8475745,C. Coyle Over 0.5,0.5,0.5196588196016594,0.4913486186465798,0.0,,1.95,0.02831020095507958,0.013334698223235797,3,,,0.7386616973064867,2026-10-09T20:01:54+00:00,8475745.0
2026-10-09-late-2002,2026-10-09T20:02:21+00:00,2026020068,2026-10-09,player_points,over:8475810,B. Rust Over 0.5,0.5,0.5539331718071148,0.5159976730657313,0.0,,1.8,0.03793549874138347,-0.0029202907471934103,1,,,0.813838830667318,2026-10-09T20:01:54+00:00,8475810.0
2026-10-09-late-2002,2026-10-09T20:02:21+00:00,2026020068,2026-10-09,player_points,over:8476483,R. Rakell Over 0.5,0.5,0.5027147178432876,0.5214010147395134,0.0,,1.8,-0.018686296896225807,-0.09511350788208234,2,,,0.7034945172875965,2026-10-09T20:01:54+00:00,8476483.0
2026-10-09-late-2002,2026-10-09T20:02:21+00:00,2026020068,2026-10-09,player_points,over:8477497,S. Monahan Over 0.5,0.5,0.3296112323271243,0.43967999317402057,0.0,,2.13,-0.11006876084689626,-0.2979280751432253,2,,,0.4015009365264945,2026-10-09T20:01:54+00:00,8477497.0
2026-10-09-late-2002,2026-10-09T20:02:21+00:00,2026020068,2026-10-09,player_points,over:8477501,V. Nichushkin Over 0.5,0.5,0.450867503741353,0.4773309037268403,0.0,,1.97,-0.0264633999854873,-0.11179101762953464,2,,,0.6030229163164762,2026-10-09T20:01:54+00:00,8477501.0
2026-10-09-late-2002,2026-10-09T20:02:21+00:00,2026020068,2026-10-09,player_points,over:8478438,T. Novak Over 0.5,0.5,0.42179315222418334,0.4279276658197048,0.0,,2.18,-0.006134513595521474,-0.08049092815128023,2,,,0.550835703843432,2026-10-09T20:01:54+00:00,8478438.0
2026-10-09-late-2002,2026-10-09T20:02:21+00:00,2026020068,2026-10-09,player_points,over:8478460,Z. Werenski Over 0.5,0.5,0.6011873150169527,0.6478585533766038,0.0,,1.48,-0.046671238359651146,-0.1102427737749101,3,,,0.9277659129800394,2026-10-09T20:01:54+00:00,8478460.0
2026-10-09-late-2002,2026-10-09T20:02:21+00:00,2026020068,2026-10-09,player_points,over:8478856,C. Garland Over 0.5,0.5,0.23370656937714807,0.355951494362698,0.0,,2.58,-0.12224492498554995,-0.39703705100695796,2,,,0.26689994477010276,2026-10-09T20:01:54+00:00,8478856.0
2026-10-09-late-2002,2026-10-09T20:02:21+00:00,2026020068,2026-10-09,player_points,over:8481716,D. Voronkov Over 0.5,0.5,0.19331205416478858,0.355951494362698,0.0,,2.58,-0.16263944019790944,-0.5012549002548454,2,,,0.21528050062357618,2026-10-09T20:01:54+00:00,8481716.0
2026-10-09-late-2002,2026-10-09T20:02:21+00:00,2026020068,2026-10-09,player_points,over:8482148,H. Lapierre Over 0.5,0.5,0.25962035135670447,0.3376117725761713,0.0,,2.78,-0.07799142121946684,-0.2782554232283616,2,,,0.3014975556618402,2026-10-09T20:01:54+00:00,8482148.0
2026-10-09-late-2002,2026-10-09T20:02:21+00:00,2026020068,2026-10-09,player_points,over:8482660,K. Johnson Over 0.5,0.5,0.27089104164593214,0.46290706656873537,0.0,,2.02,-0.19201602492280323,-0.4528000958752171,3,,,0.31693233187035386,2026-10-09T20:01:54+00:00,8482660.0
2026-10-09-late-2002,2026-10-09T20:02:21+00:00,2026020068,2026-10-09,player_points,over:8482720,M. Knies Over 0.5,0.5,0.5660381023848216,0.6038531345131313,0.0,,1.62,-0.03781503212830972,-0.08301827413658902,3,,,0.8418063748434508,2026-10-09T20:01:54+00:00,8482720.0
2026-10-09-late-2002,2026-10-09T20:02:21+00:00,2026020068,2026-10-09,player_points,over:8483485,D. Mateychuk Over 0.5,0.5,0.3464812939458487,0.33640722916554644,0.0,,2.71,0.010074064780302261,-0.06103569340675008,2,,,0.42719878095629227,2026-10-09T20:01:54+00:00,8483485.0
2026-10-09-late-2002,2026-10-09T20:02:21+00:00,2026020068,2026-10-09,player_points,over:8484166,A. Fantilli Over 0.5,0.5,0.5393359535893327,0.5655242355991587,0.0,,1.71,-0.026188282009825925,-0.07773551936224105,3,,,0.7811250016050566,2026-10-09T20:01:54+00:00,8484166.0
2026-10-09-late-2002,2026-10-09T20:02:21+00:00,2026020068,2026-10-09,player_points,over:8485414,B. Kindel Over 0.5,0.5,0.37438744365836707,0.4224791235494474,0.0,,2.2,-0.04809167989108032,-0.17634762395159237,2,,,0.47123074904376894,2026-10-09T20:01:54+00:00,8485414.0
2026-10-09-late-2002,2026-10-09T20:02:21+00:00,2026020068,2026-10-09,player_points,under:8471215,E. Malkin Under 0.5,0.5,0.4500064503758874,0.4293688818856316,0.0,,2.17,0.020637568490255775,-0.023486002684324436,2,,,0.8049033554341898,2026-10-09T20:01:54+00:00,8471215.0
2026-10-09-late-2002,2026-10-09T20:02:21+00:00,2026020068,2026-10-09,player_points,under:8471675,S. Crosby Under 0.5,0.5,0.4689224459577024,0.353893770470013,0.0,,2.6,0.11502867548768936,0.2191983594900262,3,,,0.7630822547242544,2026-10-09T20:01:54+00:00,8471675.0
2026-10-09-late-2002,2026-10-09T20:02:21+00:00,2026020068,2026-10-09,player_points,under:8471724,K. Letang Under 0.5,0.5,0.6409266428088145,0.6058251033436399,0.0,,1.57,0.035101539465174525,0.00625482920983883,3,,,0.44682498056175046,2026-10-09T20:01:54+00:00,8471724.0
2026-10-09-late-2002,2026-10-09T20:02:21+00:00,2026020068,2026-10-09,player_points,under:8474578,E. Karlsson Under 0.5,0.5,0.46330117805164583,0.4512108873601657,0.0,,2.1,0.012090290691480154,-0.027067526091543725,3,,,0.7753278470152001,2026-10-09T20:01:54+00:00,8474578.0
2026-10-09-late-2002,2026-10-09T20:02:21+00:00,2026020068,2026-10-09,player_points,under:8475745,C. Coyle Under 0.5,0.5,0.4803411803983406,0.5086513813534201,0.0,,1.91,-0.02831020095507958,-0.08254834543916945,3,,,0.7386616973064867,2026-10-09T20:01:54+00:00,8475745.0
2026-10-09-late-2002,2026-10-09T20:02:21+00:00,2026020068,2026-10-09,player_points,under:8475810,B. Rust Under 0.5,0.5,0.44606682819288523,0.4840023269342687,0.0,,1.91,-0.03793549874138347,-0.14801235815158925,1,,,0.813838830667318,2026-10-09T20:01:54+00:00,8475810.0
2026-10-09-late-2002,2026-10-09T20:02:21+00:00,2026020068,2026-10-09,player_points,under:8476483,R. Rakell Under 0.5,0.5,0.4972852821567124,0.4785989852604866,0.0,,1.98,0.018686296896225807,-0.015375141329709408,2,,,0.7034945172875965,2026-10-09T20:01:54+00:00,8476483.0
2026-10-09-late-2002,2026-10-09T20:02:21+00:00,2026020068,2026-10-09,player_points,under:8477497,S. Monahan Under 0.5,0.5,0.6703887676728757,0.5603200068259795,0.0,,1.69,0.11006876084689626,0.13295701736715987,2,,,0.4015009365264945,2026-10-09T20:01:54+00:00,8477497.0
2026-10-09-late-2002,2026-10-09T20:02:21+00:00,2026020068,2026-10-09,player_points,under:8477501,V. Nichushkin Under 0.5,0.5,0.549132496258647,0.5226690962731597,0.0,,1.8,0.0264633999854873,-0.011561506734435345,2,,,0.6030229163164762,2026-10-09T20:01:54+00:00,8477501.0
2026-10-09-late-2002,2026-10-09T20:02:21+00:00,2026020068,2026-10-09,player_points,under:8478438,T. Novak Under 0.5,0.5,0.5782068477758167,0.5720723341802951,0.0,,1.65,0.006134513595521474,-0.04595870116990258,2,,,0.550835703843432,2026-10-09T20:01:54+00:00,8478438.0
2026-10-09-late-2002,2026-10-09T20:02:21+00:00,2026020068,2026-10-09,player_points,under:8478460,Z. Werenski Under 0.5,0.5,0.39881268498304734,0.3521414466233962,0.0,,2.62,0.046671238359651146,0.04488923465558403,3,,,0.9277659129800394,2026-10-09T20:01:54+00:00,8478460.0
2026-10-09-late-2002,2026-10-09T20:02:21+00:00,2026020068,2026-10-09,player_points,under:8478856,C. Garland Under 0.5,0.5,0.7662934306228519,0.644048505637302,0.0,,1.48,0.12224492498554995,0.13411427732182085,2,,,0.26689994477010276,2026-10-09T20:01:54+00:00,8478856.0
2026-10-09-late-2002,2026-10-09T20:02:21+00:00,2026020068,2026-10-09,player_points,under:8481716,D. Voronkov Under 0.5,0.5,0.8066879458352114,0.644048505637302,0.0,,1.48,0.16263944019790944,0.19389815983611286,2,,,0.21528050062357618,2026-10-09T20:01:54+00:00,8481716.0
2026-10-09-late-2002,2026-10-09T20:02:21+00:00,2026020068,2026-10-09,player_points,under:8482148,H. Lapierre Under 0.5,0.5,0.7403796486432955,0.6623882274238286,0.0,,1.45,0.07799142121946684,0.07355049053277851,2,,,0.3014975556618402,2026-10-09T20:01:54+00:00,8482148.0
2026-10-09-late-2002,2026-10-09T20:02:21+00:00,2026020068,2026-10-09,player_points,under:8482660,K. Johnson Under 0.5,0.5,0.7291089583540679,0.5370929334312646,0.0,,1.76,0.19201602492280323,0.2832317667031594,3,,,0.31693233187035386,2026-10-09T20:01:54+00:00,8482660.0
2026-10-09-late-2002,2026-10-09T20:02:21+00:00,2026020068,2026-10-09,player_points,under:8482720,M. Knies Under 0.5,0.5,0.43396189761517845,0.3961468654868687,0.0,,2.45,0.03781503212830972,0.06320664915718732,3,,,0.8418063748434508,2026-10-09T20:01:54+00:00,8482720.0
2026-10-09-late-2002,2026-10-09T20:02:21+00:00,2026020068,2026-10-09,player_points,under:8483485,D. Mateychuk Under 0.5,0.5,0.6535187060541513,0.6635927708344536,0.0,,1.44,-0.010074064780302261,-0.05893306328202219,2,,,0.42719878095629227,2026-10-09T20:01:54+00:00,8483485.0
2026-10-09-late-2002,2026-10-09T20:02:21+00:00,2026020068,2026-10-09,player_points,under:8484166,A. Fantilli Under 0.5,0.5,0.46066404641066727,0.43447576440084135,0.0,,2.2,0.026188282009825925,0.013460902103468064,3,,,0.7811250016050566,2026-10-09T20:01:54+00:00,8484166.0
2026-10-09-late-2002,2026-10-09T20:02:21+00:00,2026020068,2026-10-09,player_points,under:8485414,B. Kindel Under 0.5,0.5,0.6256125563416329,0.5775208764505526,0.0,,1.65,0.04809167989108032,0.032260717963694285,2,,,0.47123074904376894,2026-10-09T20:01:54+00:00,8485414.0
2026-10-09-late-2002,2026-10-09T20:02:21+00:00,2026020068,2026-10-09,player_sog,over:8471215,E. Malkin Over 1.5,1.5,0.6356887841384063,0.5886830979939983,0.0,,1.68,0.04700568614440803,0.06795715735252261,5,,,2.263089878167765,2026-10-09T20:01:54+00:00,8471215.0
2026-10-09-late-2002,2026-10-09T20:02:21+00:00,2026020068,2026-10-09,player_sog,over:8471675,S. Crosby Over 2.5,2.5,0.4071505800806674,0.41422120852824895,0.0,,2.32,-0.007070628447581551,-0.05541065421285174,5,,,2.342390131934455,2026-10-09T20:01:54+00:00,8471675.0
2026-10-09-late-2002,2026-10-09T20:02:21+00:00,2026020068,2026-10-09,player_sog,over:8471724,K. Letang Over 1.5,1.5,0.38854552043435797,0.4624658739354069,0.0,,2.06,-0.07392035350104892,-0.19959622790522258,5,,,1.3625883969542256,2026-10-09T20:01:54+00:00,8471724.0
2026-10-09-late-2002,2026-10-09T20:02:21+00:00,2026020068,2026-10-09,player_sog,over:8474578,E. Karlsson Over 2.5,2.5,0.35631490049127934,0.39369983738951664,0.0,,2.46,-0.0373849368982373,-0.12346534479145288,5,,,2.13415893588346,2026-10-09T20:01:54+00:00,8474578.0
2026-10-09-late-2002,2026-10-09T20:02:21+00:00,2026020068,2026-10-09,player_sog,over:8475745,C. Coyle Over 1.5,1.5,0.5168089504834968,0.5177851686140506,0.0,,1.87,-0.0009762181305537077,-0.03356726259586085,4,,,1.7842981977174766,2026-10-09T20:01:54+00:00,8475745.0
2026-10-09-late-2002,2026-10-09T20:02:21+00:00,2026020068,2026-10-09,player_sog,over:8475810,B. Rust Over 2.5,2.5,0.3828026553683155,0.40931898973398956,0.0,,2.35,-0.026516334365674077,-0.10041375988445855,3,,,2.2418009939353696,2026-10-09T20:01:54+00:00,8475810.0
2026-10-09-late-2002,2026-10-09T20:02:21+00:00,2026020068,2026-10-09,player_sog,over:8476483,R. Rakell Over 2.5,2.5,0.44416233998889376,0.4417295185029603,0.0,,2.16,0.002432821485933434,-0.040609345623989435,5,,,2.49918884690743,2026-10-09T20:01:54+00:00,8476483.0
2026-10-09-late-2002,2026-10-09T20:02:21+00:00,2026020068,2026-10-09,player_sog,over:8477497,S. Monahan Over 1.5,1.5,0.44646195102617314,0.5148714650342191,0.0,,1.87,-0.06840951400804596,-0.1651161515810562,4,,,1.5444936930255027,2026-10-09T20:01:54+00:00,8477497.0
2026-10-09-late-2002,2026-10-09T20:02:21+00:00,2026020068,2026-10-09,player_sog,over:8477501,V. Nichushkin Over 1.5,1.5,0.5229342472383148,0.5606946644628387,0.0,,1.71,-0.037760417224523835,-0.10578243722248165,4,,,1.806413096134107,2026-10-09T20:01:54+00:00,8477501.0
2026-10-09-late-2002,2026-10-09T20:02:21+00:00,2026020068,2026-10-09,player_sog,over:8478438,T. Novak Over 1.5,1.5,0.5115225756305671,0.48816105315190067,0.0,,2.0,0.023361522478666463,0.023045151261134267,5,,,1.7653893993062149,2026-10-09T20:01:54+00:00,8478438.0
2026-10-09-late-2002,2026-10-09T20:02:21+00:00,2026020068,2026-10-09,player_sog,over:8478460,Z. Werenski Over 3.5,3.5,0.38626062899824243,0.47685021354932255,0.0,,2.05,-0.09058958455108013,-0.2081657105536031,5,,,3.1721522564449587,2026-10-09T20:01:54+00:00,8478460.0
2026-10-09-late-2002,2026-10-09T20:02:21+00:00,2026020068,2026-10-09,player_sog,over:8478856,C. Garland Over 1.5,1.5,0.35518767798223727,0.4652700220502857,0.0,,2.1,-0.11008234406804845,-0.2541058762373017,3,,,1.2624713152299858,2026-10-09T20:01:54+00:00,8478856.0
2026-10-09-late-2002,2026-10-09T20:02:21+00:00,2026020068,2026-10-09,player_sog,over:8479671,M. Olivier Over 1.5,1.5,0.4948226059054883,0.4322424892111622,0.0,,2.18,0.06258011669432612,0.07871328087396467,3,,,1.706683232969319,2026-10-09T20:01:54+00:00,8479671.0
2026-10-09-late-2002,2026-10-09T20:02:21+00:00,2026020068,2026-10-09,player_sog,over:8481716,D. Voronkov Over 1.5,1.5,0.2559532848041278,0.423394273266674,0.0,,2.26,-0.16744098846254618,-0.4215455763426712,3,,,0.97710650789551,2026-10-09T20:01:54+00:00,8481716.0
2026-10-09-late-2002,2026-10-09T20:02:21+00:00,2026020068,2026-10-09,player_sog,over:8482148,H. Lapierre Over 1.5,1.5,0.16225123802103225,0.3371442126176413,0.0,,2.74,-0.17489297459660907,-0.5554316078223716,2,,,0.7109569366383268,2026-10-09T20:01:54+00:00,8482148.0
2026-10-09-late-2002,2026-10-09T20:02:21+00:00,2026020068,2026-10-09,player_sog,over:8482660,K. Johnson Over 1.5,1.5,0.40111965880810097,0.5260266123109583,0.0,,1.9,-0.1249069535028573,-0.2378726482646082,4,,,1.4011269389077254,2026-10-09T20:01:54+00:00,8482660.0
2026-10-09-late-2002,2026-10-09T20:02:21+00:00,2026020068,2026-10-09,player_sog,over:8482720,M. Knies Over 1.5,1.5,0.47708586326867697,0.5462165868025604,0.0,,1.77,-0.06913072353388339,-0.15555802201444174,5,,,1.6459294745775286,2026-10-09T20:01:54+00:00,8482720.0
2026-10-09-late-2002,2026-10-09T20:02:21+00:00,2026020068,2026-10-09,player_sog,over:8484166,A. Fantilli Over 2.5,2.5,0.40718283301696423,0.47764232120601446,0.0,,2.0,-0.07045948818905023,-0.18563433396607154,5,,,2.342524596847213,2026-10-09T20:01:54+00:00,8484166.0
2026-10-09-late-2002,2026-10-09T20:02:21+00:00,2026020068,2026-10-09,player_sog,over:8485414,B. Kindel Over 1.5,1.5,0.48852667389772964,0.5849013877691224,0.0,,1.65,-0.09637471387139274,-0.19393098806874615,5,,,1.6849368392741204,2026-10-09T20:01:54+00:00,8485414.0
2026-10-09-late-2002,2026-10-09T20:02:21+00:00,2026020068,2026-10-09,player_sog,under:8471215,E. Malkin Under 1.5,1.5,0.36431121586159365,0.4113169020060017,0.0,,2.36,-0.04700568614440803,-0.140225530566639,5,,,2.263089878167765,2026-10-09T20:01:54+00:00,8471215.0
2026-10-09-late-2002,2026-10-09T20:02:21+00:00,2026020068,2026-10-09,player_sog,under:8471675,S. Crosby Under 2.5,2.5,0.5928494199193326,0.585778791471751,0.0,,1.65,0.007070628447581551,-0.021798457133101246,5,,,2.342390131934455,2026-10-09T20:01:54+00:00,8471675.0
2026-10-09-late-2002,2026-10-09T20:02:21+00:00,2026020068,2026-10-09,player_sog,under:8471724,K. Letang Under 1.5,1.5,0.611454479565642,0.5375341260645932,0.0,,1.8,0.07392035350104892,0.1006180632181557,5,,,1.3625883969542256,2026-10-09T20:01:54+00:00,8471724.0
2026-10-09-late-2002,2026-10-09T20:02:21+00:00,2026020068,2026-10-09,player_sog,under:8474578,E. Karlsson Under 2.5,2.5,0.6436850995087207,0.6063001626104834,0.0,,1.62,0.0373849368982373,0.04276986120412751,5,,,2.13415893588346,2026-10-09T20:01:54+00:00,8474578.0
2026-10-09-late-2002,2026-10-09T20:02:21+00:00,2026020068,2026-10-09,player_sog,under:8475745,C. Coyle Under 1.5,1.5,0.48319104951650316,0.48221483138594945,0.0,,1.95,0.0009762181305537077,-0.05777745344281887,4,,,1.7842981977174766,2026-10-09T20:01:54+00:00,8475745.0
2026-10-09-late-2002,2026-10-09T20:02:21+00:00,2026020068,2026-10-09,player_sog,under:8475810,B. Rust Under 2.5,2.5,0.6171973446316845,0.5906810102660105,0.0,,1.61,0.026516334365674077,-0.006312275142987878,3,,,2.2418009939353696,2026-10-09T20:01:54+00:00,8475810.0
2026-10-09-late-2002,2026-10-09T20:02:21+00:00,2026020068,2026-10-09,player_sog,under:8476483,R. Rakell Under 2.5,2.5,0.5558376600111062,0.5582704814970396,0.0,,1.71,-0.002432821485933434,-0.04951760138100836,5,,,2.49918884690743,2026-10-09T20:01:54+00:00,8476483.0
2026-10-09-late-2002,2026-10-09T20:02:21+00:00,2026020068,2026-10-09,player_sog,under:8477497,S. Monahan Under 1.5,1.5,0.5535380489738269,0.4851285349657809,0.0,,2.0,0.06840951400804596,0.10707609794765371,4,,,1.5444936930255027,2026-10-09T20:01:54+00:00,8477497.0
2026-10-09-late-2002,2026-10-09T20:02:21+00:00,2026020068,2026-10-09,player_sog,under:8477501,V. Nichushkin Under 1.5,1.5,0.47706575276168517,0.43930533553716133,0.0,,2.1,0.037760417224523835,0.0018380807995388437,4,,,1.806413096134107,2026-10-09T20:01:54+00:00,8477501.0
2026-10-09-late-2002,2026-10-09T20:02:21+00:00,2026020068,2026-10-09,player_sog,under:8478438,T. Novak Under 1.5,1.5,0.48847742436943287,0.5118389468480993,0.0,,1.97,-0.023361522478666463,-0.03769947399221729,5,,,1.7653893993062149,2026-10-09T20:01:54+00:00,8478438.0
2026-10-09-late-2002,2026-10-09T20:02:21+00:00,2026020068,2026-10-09,player_sog,under:8478460,Z. Werenski Under 3.5,3.5,0.6137393710017576,0.5231497864506774,0.0,,1.87,0.09058958455108013,0.14769262377328674,5,,,3.1721522564449587,2026-10-09T20:01:54+00:00,8478460.0
2026-10-09-late-2002,2026-10-09T20:02:21+00:00,2026020068,2026-10-09,player_sog,under:8478856,C. Garland Under 1.5,1.5,0.6448123220177627,0.5347299779497143,0.0,,1.8,0.11008234406804845,0.16066217963197293,3,,,1.2624713152299858,2026-10-09T20:01:54+00:00,8478856.0
2026-10-09-late-2002,2026-10-09T20:02:21+00:00,2026020068,2026-10-09,player_sog,under:8479671,M. Olivier Under 1.5,1.5,0.5051773940945117,0.5677575107888377,0.0,,1.65,-0.06258011669432612,-0.16645729974405576,3,,,1.706683232969319,2026-10-09T20:01:54+00:00,8479671.0
2026-10-09-late-2002,2026-10-09T20:02:21+00:00,2026020068,2026-10-09,player_sog,under:8481716,D. Voronkov Under 1.5,1.5,0.7440467151958722,0.576605726733326,0.0,,1.65,0.16744098846254618,0.22767708007318904,3,,,0.97710650789551,2026-10-09T20:01:54+00:00,8481716.0
2026-10-09-late-2002,2026-10-09T20:02:21+00:00,2026020068,2026-10-09,player_sog,under:8482148,H. Lapierre Under 1.5,1.5,0.8377487619789677,0.6628557873823586,0.0,,1.44,0.17489297459660907,0.20635821724971354,2,,,0.7109569366383268,2026-10-09T20:01:54+00:00,8482148.0
2026-10-09-late-2002,2026-10-09T20:02:21+00:00,2026020068,2026-10-09,player_sog,under:8482660,K. Johnson Under 1.5,1.5,0.598880341191899,0.47397338768904174,0.0,,2.1,0.1249069535028573,0.25764871650298804,4,,,1.4011269389077254,2026-10-09T20:01:54+00:00,8482660.0
2026-10-09-late-2002,2026-10-09T20:02:21+00:00,2026020068,2026-10-09,player_sog,under:8482720,M. Knies Under 1.5,1.5,0.522914136731323,0.45378341319743964,0.0,,2.1,0.06913072353388339,0.09811968713577846,5,,,1.6459294745775286,2026-10-09T20:01:54+00:00,8482720.0
2026-10-09-late-2002,2026-10-09T20:02:21+00:00,2026020068,2026-10-09,player_sog,under:8484166,A. Fantilli Under 2.5,2.5,0.5928171669830358,0.5223576787939855,0.0,,1.87,0.07045948818905023,0.10856810225827696,5,,,2.342524596847213,2026-10-09T20:01:54+00:00,8484166.0
2026-10-09-late-2002,2026-10-09T20:02:21+00:00,2026020068,2026-10-09,player_sog,under:8485414,B. Kindel Under 1.5,1.5,0.5114733261022704,0.41509861223087763,0.0,,2.3,0.09637471387139274,0.17638865003522175,5,,,1.6849368392741204,2026-10-09T20:01:54+00:00,8485414.0
2026-10-09-late-2002,2026-10-09T20:02:21+00:00,2026020068,2026-10-09,spreads,away,PIT +1.5,1.5,0.7173123502857939,0.691040858995688,0.0,,1.43,0.026271491290105864,0.025756660908685225,9,3.001184641276272,3.0951332907402684,6.210063353357327,2026-10-09T20:01:54+00:00,
2026-10-09-late-2002,2026-10-09T20:02:21+00:00,2026020068,2026-10-09,spreads,home,CBJ -1.5,-1.5,0.2826876497142062,0.30895914100431204,0.0,,3.12,-0.026271491290105864,-0.11801453289167674,9,3.001184641276272,3.0951332907402684,6.210063353357327,2026-10-09T20:01:54+00:00,
2026-10-09-late-2002,2026-10-09T20:02:21+00:00,2026020068,2026-10-09,totals,over,Over 6.5,6.5,0.4568254668883309,0.5256938043751865,0.0,,1.87,-0.06886833748685561,-0.14573637691882113,9,3.001184641276272,3.0951332907402684,6.210063353357327,2026-10-09T20:01:54+00:00,
2026-10-09-late-2002,2026-10-09T20:02:21+00:00,2026020068,2026-10-09,totals,under,Under 6.5,6.5,0.5431745331116691,0.47430619562481346,0.0,,2.12,0.06886833748685561,0.1515300101967385,9,3.001184641276272,3.0951332907402684,6.210063353357327,2026-10-09T20:01:54+00:00,
2026-10-09-late-2002,2026-10-09T20:02:21+00:00,2026020069,2026-10-09,spreads,away,ANA +1.5,1.5,0.7375279745819148,0.6886709268694164,0.0,,1.44,0.048857047712498325,0.06204028339795725,9,2.885967630860986,3.1564964703264815,6.155802467066869,2026-10-09T20:01:54+00:00,
2026-10-09-late-2002,2026-10-09T20:02:21+00:00,2026020069,2026-10-09,spreads,home,WPG -1.5,-1.5,0.2624720254180853,0.3113290731305835,0.0,,3.1,-0.048857047712498214,-0.18633672120393563,9,2.885967630860986,3.1564964703264815,6.155802467066869,2026-10-09T20:01:54+00:00,
2026-10-09-late-2002,2026-10-09T20:02:21+00:00,2026020069,2026-10-09,totals,over,Over 6.5,6.5,0.4477798591652935,0.4828980847422083,0.0,,2.03,-0.0351182255769148,-0.09100688589445427,9,2.885967630860986,3.1564964703264815,6.155802467066869,2026-10-09T20:01:54+00:00,
2026-10-09-late-2002,2026-10-09T20:02:21+00:00,2026020069,2026-10-09,totals,under,Under 6.5,6.5,0.5522201408347065,0.5171019152577917,0.0,,1.88,0.0351182255769148,0.03817386476924817,9,2.885967630860986,3.1564964703264815,6.155802467066869,2026-10-09T20:01:54+00:00,
