game_id,game_date,home_win,home_rate,elo,logistic,rf,lgbm,xgb,stack,wavg,stack__online
2024020001,2024-10-04,0,0.534162,0.563357,0.568056,0.581601,0.565517,0.566664,0.569046,0.567741,
2024020002,2024-10-05,1,0.534162,0.526583,0.518817,0.541886,0.502109,0.49088,0.497512,0.514758,
2024020003,2024-10-08,0,0.534162,0.507267,0.61586,0.595849,0.578482,0.573978,0.601201,0.607117,
2024020004,2024-10-08,1,0.534162,0.572654,0.692951,0.657676,0.653953,0.652516,0.689518,0.684168,
2024020005,2024-10-08,1,0.534162,0.693479,0.650725,0.617299,0.681851,0.681822,0.678991,0.65638,
2024020006,2024-10-09,1,0.534162,0.381406,0.366757,0.338324,0.347787,0.351935,0.354142,0.364836,
2024020007,2024-10-09,0,0.534162,0.434047,0.531849,0.514234,0.488313,0.519151,0.543869,0.527764,
2024020008,2024-10-09,0,0.534162,0.590415,0.619579,0.606987,0.613322,0.60873,0.620102,0.617291,
2024020009,2024-10-09,0,0.534162,0.603046,0.585935,0.584655,0.573787,0.576395,0.591674,0.584869,
2024020010,2024-10-09,1,0.534162,0.487839,0.504161,0.523026,0.499608,0.515275,0.511271,0.505484,
2024020018,2024-10-10,1,0.534162,0.646977,0.740323,0.732151,0.705403,0.708866,0.744892,0.733495,
2024020017,2024-10-10,0,0.534162,0.468304,0.5179,0.474262,0.480135,0.490788,0.517365,0.512698,
2024020016,2024-10-10,0,0.534162,0.522787,0.538154,0.566155,0.561933,0.552706,0.529647,0.540018,
2024020015,2024-10-10,0,0.534162,0.476506,0.493575,0.436207,0.438255,0.440055,0.481212,0.485093,
2024020019,2024-10-10,0,0.534162,0.344428,0.39876,0.379652,0.395431,0.403278,0.389226,0.398243,
2024020013,2024-10-10,1,0.534162,0.377866,0.391308,0.342754,0.354945,0.358808,0.375801,0.386089,
2024020012,2024-10-10,0,0.534162,0.50143,0.455774,0.501588,0.469434,0.473507,0.453038,0.459469,
2024020011,2024-10-10,1,0.534162,0.699955,0.717625,0.664167,0.702783,0.708781,0.740773,0.715895,
2024020014,2024-10-10,0,0.534162,0.526243,0.579678,0.502639,0.526622,0.539424,0.58754,0.572401,
2024020022,2024-10-11,0,0.534162,0.643021,0.569332,0.552059,0.591969,0.59385,0.590367,0.574674,
2024020023,2024-10-11,1,0.534162,0.592381,0.626569,0.591733,0.58803,0.600969,0.639108,0.621936,
2024020020,2024-10-11,0,0.534162,0.60653,0.685559,0.659497,0.646438,0.647016,0.685665,0.677975,
2024020021,2024-10-11,1,0.534162,0.753692,0.734877,0.731951,0.724575,0.740955,0.767257,0.736214,
2024020037,2024-10-12,0,0.534162,0.484508,0.482516,0.499953,0.473764,0.477472,0.475607,0.481796,
2024020036,2024-10-12,0,0.534162,0.775291,0.814279,0.746009,0.747291,0.773175,0.843534,0.807192,
2024020033,2024-10-12,0,0.534162,0.583665,0.582907,0.585009,0.565086,0.571792,0.588931,0.581241,
2024020035,2024-10-12,1,0.534162,0.582374,0.592518,0.559726,0.567068,0.575011,0.602425,0.589643,
2024020034,2024-10-12,0,0.534162,0.718569,0.719728,0.706373,0.729964,0.736148,0.746696,0.722189,
2024020032,2024-10-12,1,0.534162,0.649797,0.678634,0.684925,0.689842,0.6877,0.689273,0.679369,
2024020025,2024-10-12,1,0.534162,0.400241,0.367101,0.363002,0.35039,0.351475,0.350174,0.365467,
2024020030,2024-10-12,0,0.534162,0.636322,0.612667,0.615793,0.659784,0.665923,0.642099,0.621255,
2024020028,2024-10-12,1,0.534162,0.478464,0.464575,0.431297,0.433132,0.437926,0.458776,0.460846,
2024020027,2024-10-12,1,0.534162,0.461385,0.41397,0.423029,0.420526,0.427498,0.413391,0.417067,
2024020026,2024-10-12,1,0.534162,0.59318,0.610419,0.60728,0.593691,0.596492,0.614497,0.607929,
2024020024,2024-10-12,1,0.534162,0.588868,0.513011,0.51153,0.515933,0.528338,0.531449,0.517009,
2024020031,2024-10-12,0,0.534162,0.510947,0.565641,0.569999,0.547979,0.549228,0.558782,0.561946,
2024020040,2024-10-13,0,0.534162,0.62787,0.580566,0.585167,0.575015,0.559305,0.570718,0.578392,
2024020041,2024-10-13,1,0.534162,0.724046,0.705043,0.675606,0.721125,0.733864,0.743365,0.709827,
2024020038,2024-10-13,1,0.534162,0.606618,0.604783,0.544616,0.559166,0.565509,0.613407,0.598876,
2024020039,2024-10-13,1,0.534162,0.677515,0.58007,0.592388,0.590285,0.590327,0.595,0.583778,
2024020042,2024-10-14,0,0.534162,0.513042,0.432325,0.438065,0.444278,0.43224,0.418899,0.434097,
2024020043,2024-10-14,1,0.534162,0.47609,0.50489,0.461998,0.482568,0.483023,0.498633,0.500941,
2024020044,2024-10-14,1,0.534162,0.51498,0.53821,0.524408,0.555693,0.546117,0.532746,0.538894,
2024020045,2024-10-14,1,0.534162,0.656406,0.625163,0.618952,0.648004,0.636634,0.6321,0.627591,
2024020046,2024-10-14,0,0.534162,0.451981,0.421474,0.423829,0.4304,0.43414,0.418321,0.424066,
2024020047,2024-10-14,0,0.534162,0.624321,0.635427,0.619045,0.611927,0.601761,0.629195,0.630083,
2024020054,2024-10-15,1,0.533944,0.810309,0.787717,0.766331,0.731932,0.751625,0.807345,0.782867,
2024020056,2024-10-15,1,0.533944,0.673015,0.592452,0.56521,0.619009,0.611833,0.614197,0.595056,
2024020055,2024-10-15,1,0.533944,0.688121,0.743779,0.738762,0.724201,0.736442,0.758629,0.742793,
2024020053,2024-10-15,0,0.533944,0.599284,0.56494,0.528924,0.540011,0.536383,0.564476,0.561102,
2024020048,2024-10-15,1,0.533944,0.552463,0.56056,0.532703,0.51688,0.528993,0.560974,0.556318,
2024020051,2024-10-15,0,0.533944,0.323054,0.348322,0.367274,0.355781,0.360867,0.330164,0.350008,
2024020050,2024-10-15,1,0.533944,0.637677,0.754404,0.681201,0.708053,0.718335,0.769186,0.749557,
2024020049,2024-10-15,1,0.533944,0.431505,0.519001,0.514961,0.485627,0.501073,0.509201,0.516592,
2024020052,2024-10-15,0,0.533944,0.531556,0.47897,0.455811,0.477955,0.479171,0.482938,0.478997,
2024020057,2024-10-16,1,0.533944,0.544103,0.568976,0.589666,0.572635,0.574249,0.565037,0.569685,
2024020058,2024-10-16,1,0.533944,0.574895,0.588263,0.594016,0.614469,0.606372,0.591081,0.590697,
2024020059,2024-10-16,0,0.533944,0.512893,0.566594,0.599384,0.570519,0.575032,0.559436,0.567728,
2024020060,2024-10-16,1,0.533944,0.380301,0.465147,0.445625,0.43336,0.449094,0.455477,0.46299,
2024020068,2024-10-17,1,0.533944,0.526429,0.56475,0.569726,0.526057,0.534345,0.55244,0.560664,
2024020071,2024-10-17,1,0.533944,0.576502,0.583945,0.55317,0.570601,0.565915,0.583721,0.581522,
2024020070,2024-10-17,1,0.533944,0.584068,0.564307,0.560467,0.56663,0.56488,0.566807,0.564384,
2024020069,2024-10-17,0,0.533944,0.469428,0.513158,0.466057,0.475251,0.480697,0.506855,0.508796,
2024020067,2024-10-17,1,0.533944,0.437958,0.506221,0.402608,0.425523,0.438255,0.501827,0.497088,
2024020065,2024-10-17,0,0.533944,0.620761,0.608887,0.588163,0.579423,0.587588,0.61578,0.606024,
2024020064,2024-10-17,1,0.533944,0.544218,0.5982,0.545178,0.530629,0.546412,0.598362,0.59124,
2024020063,2024-10-17,0,0.533944,0.401016,0.463813,0.445556,0.426129,0.453064,0.464234,0.462369,
2024020062,2024-10-17,0,0.533944,0.511658,0.552129,0.559324,0.531265,0.538467,0.544078,0.550293,
2024020061,2024-10-17,0,0.533944,0.424197,0.448952,0.384243,0.370732,0.374835,0.425044,0.438992,
2024020066,2024-10-17,1,0.533944,0.384265,0.461754,0.465127,0.425297,0.446182,0.449452,0.459662,
2024020072,2024-10-18,0,0.533944,0.431339,0.383211,0.393908,0.38543,0.404171,0.387217,0.386028,
2024020073,2024-10-18,1,0.533944,0.789358,0.815969,0.772814,0.747455,0.777637,0.840109,0.810818,
2024020074,2024-10-18,1,0.533944,0.720554,0.701838,0.674292,0.719682,0.725691,0.735388,0.705043,
2024020082,2024-10-19,0,0.533944,0.423869,0.51091,0.502174,0.481695,0.470278,0.477401,0.50545,
2024020087,2024-10-19,1,0.533944,0.505558,0.540997,0.543657,0.514712,0.523932,0.533261,0.538703,
2024020086,2024-10-19,1,0.533944,0.447002,0.499504,0.444643,0.468811,0.467211,0.48933,0.495164,
2024020085,2024-10-19,0,0.533944,0.39533,0.425997,0.419739,0.368888,0.381945,0.401498,0.420077,
2024020084,2024-10-19,1,0.533944,0.407913,0.41057,0.367486,0.360677,0.361412,0.388019,0.403964,
2024020083,2024-10-19,0,0.533944,0.42949,0.358472,0.369063,0.380828,0.379603,0.35172,0.361312,
2024020080,2024-10-19,0,0.533944,0.570856,0.562293,0.569267,0.561239,0.558768,0.558594,0.561819,
2024020079,2024-10-19,0,0.533944,0.487969,0.568472,0.553346,0.551068,0.553279,0.560958,0.56643,
2024020078,2024-10-19,1,0.533944,0.597969,0.628794,0.631209,0.615174,0.6075,0.618858,0.625932,
2024020077,2024-10-19,1,0.533944,0.563566,0.534596,0.579878,0.542044,0.548529,0.531938,0.536468,
2024020076,2024-10-19,0,0.533944,0.570345,0.592039,0.601621,0.598357,0.589594,0.584624,0.59171,
2024020075,2024-10-19,1,0.533944,0.437315,0.482938,0.475043,0.458177,0.464177,0.469022,0.480417,
2024020081,2024-10-19,1,0.533944,0.626443,0.641004,0.635244,0.635731,0.625109,0.636369,0.638868,
2024020088,2024-10-20,1,0.533944,0.614823,0.600152,0.625631,0.569292,0.571138,0.587552,0.596253,
2024020089,2024-10-20,0,0.533944,0.274554,0.270079,0.344733,0.340329,0.335669,0.251945,0.278893,
2024020090,2024-10-20,0,0.533944,0.368086,0.369047,0.348101,0.34258,0.340934,0.344893,0.365269,
2024020091,2024-10-21,1,0.533944,0.538882,0.569293,0.566732,0.552518,0.551901,0.560592,0.566956,
2024020102,2024-10-22,1,0.533944,0.543867,0.61467,0.589153,0.570857,0.567788,0.599538,0.60837,
2024020107,2024-10-22,1,0.533944,0.553597,0.489405,0.497755,0.492791,0.494661,0.489462,0.490111,
2024020101,2024-10-22,1,0.533944,0.44586,0.533574,0.543921,0.552448,0.550426,0.525986,0.535838,
2024020105,2024-10-22,1,0.533944,0.606663,0.632955,0.634888,0.621367,0.616992,0.627898,0.63081,
2024020106,2024-10-22,0,0.533944,0.45391,0.532841,0.525218,0.511639,0.519609,0.523948,0.531063,
2024020104,2024-10-22,0,0.533944,0.571041,0.546097,0.583834,0.551402,0.554808,0.542347,0.547268,
2024020100,2024-10-22,0,0.533944,0.335972,0.346343,0.358409,0.346639,0.342659,0.319921,0.345848,
2024020103,2024-10-22,0,0.533944,0.500006,0.46364,0.453691,0.443294,0.457987,0.466222,0.462881,
2024020098,2024-10-22,0,0.533944,0.549468,0.550758,0.514639,0.52511,0.529667,0.553181,0.547924,
2024020092,2024-10-22,0,0.533944,0.479899,0.571977,0.587202,0.557805,0.558353,0.555327,0.570146,
2024020093,2024-10-22,0,0.533944,0.636639,0.606501,0.585534,0.615609,0.60525,0.612929,0.606333,
2024020094,2024-10-22,0,0.533944,0.481491,0.550516,0.494171,0.498605,0.503879,0.542056,0.544249,
2024020099,2024-10-22,0,0.533944,0.443649,0.458036,0.426896,0.451114,0.455013,0.456216,0.45763,
2024020096,2024-10-22,0,0.533944,0.313021,0.352649,0.340692,0.355335,0.347451,0.327438,0.35195,
2024020097,2024-10-22,1,0.533944,0.362947,0.380235,0.377454,0.377493,0.399883,0.383141,0.382875,
2024020095,2024-10-22,1,0.533944,0.406692,0.430921,0.443476,0.400296,0.420833,0.420492,0.429565,
2024020108,2024-10-23,1,0.533944,0.605673,0.495917,0.548539,0.530074,0.533384,0.503115,0.500952,
2024020109,2024-10-24,0,0.533944,0.501174,0.485125,0.463008,0.440252,0.459546,0.485532,0.481688,
2024020110,2024-10-24,0,0.533944,0.60287,0.622723,0.615109,0.610476,0.600426,0.614206,0.619727,
2024020111,2024-10-24,1,0.533944,0.529174,0.521959,0.512372,0.530084,0.526766,0.521618,0.522605,
2024020112,2024-10-24,0,0.533944,0.572282,0.520627,0.536039,0.550845,0.548231,0.527379,0.524336,
2024020113,2024-10-24,0,0.533944,0.565104,0.507138,0.516557,0.512162,0.51669,0.511291,0.508422,
2024020114,2024-10-24,0,0.533944,0.42455,0.442849,0.40999,0.376928,0.387799,0.42224,0.435452,
2024020115,2024-10-24,0,0.533944,0.466908,0.502519,0.500547,0.47631,0.486016,0.492799,0.500301,
2024020116,2024-10-24,0,0.533944,0.422238,0.54502,0.53429,0.502882,0.513773,0.528304,0.540821,
2024020117,2024-10-24,1,0.533944,0.758734,0.788133,0.779673,0.738585,0.76468,0.807877,0.784981,
2024020120,2024-10-25,0,0.533944,0.364083,0.343902,0.338993,0.348775,0.349195,0.33035,0.344614,
2024020121,2024-10-25,1,0.533944,0.617007,0.636382,0.605194,0.590368,0.594039,0.634784,0.630692,
2024020118,2024-10-25,1,0.533944,0.608239,0.549828,0.565971,0.551474,0.558753,0.557656,0.551028,
2024020119,2024-10-25,0,0.533944,0.53206,0.464645,0.536034,0.488434,0.484979,0.449138,0.467378,
2024020135,2024-10-26,0,0.533944,0.387684,0.424839,0.378233,0.367606,0.374897,0.404711,0.418128,
2024020134,2024-10-26,1,0.533944,0.788467,0.693535,0.742532,0.724794,0.728523,0.717755,0.698237,
2024020133,2024-10-26,1,0.533944,0.599399,0.655028,0.594234,0.587781,0.589695,0.649509,0.646248,
2024020132,2024-10-26,1,0.533944,0.786778,0.786497,0.774601,0.749251,0.771408,0.810889,0.784469,
2024020131,2024-10-26,1,0.533944,0.635354,0.629394,0.676223,0.665941,0.702855,0.675914,0.639266,
2024020130,2024-10-26,0,0.533944,0.419158,0.342738,0.371097,0.331022,0.327747,0.315232,0.340723,
2024020129,2024-10-26,0,0.533944,0.443021,0.530157,0.554562,0.539409,0.556859,0.53343,0.533745,
2024020128,2024-10-26,1,0.533944,0.776051,0.719927,0.67759,0.710031,0.72633,0.759572,0.720787,
2024020126,2024-10-26,1,0.533944,0.423459,0.416662,0.368298,0.361503,0.356612,0.38908,0.408592,
2024020125,2024-10-26,1,0.533944,0.556848,0.483049,0.463602,0.472338,0.477869,0.488557,0.482353,
2024020124,2024-10-26,1,0.533944,0.570012,0.576464,0.566069,0.567173,0.566367,0.575604,0.575108,
2024020123,2024-10-26,1,0.533944,0.408466,0.49184,0.486076,0.459023,0.466933,0.473203,0.488493,
2024020122,2024-10-26,1,0.533944,0.541507,0.559736,0.571199,0.537922,0.543683,0.551526,0.557579,
2024020127,2024-10-26,1,0.533944,0.601609,0.567967,0.561683,0.54852,0.54314,0.560406,0.564631,
2024020139,2024-10-27,1,0.533944,0.629337,0.610956,0.62137,0.625904,0.613057,0.608322,0.611238,
2024020138,2024-10-27,0,0.533944,0.548564,0.661416,0.602689,0.600469,0.600111,0.651431,0.653178,
2024020137,2024-10-27,1,0.533944,0.661449,0.695767,0.681592,0.715364,0.713826,0.714627,0.698194,
2024020136,2024-10-27,0,0.533944,0.44099,0.339879,0.376948,0.363511,0.354509,0.320882,0.341845,
2024020140,2024-10-28,0,0.533944,0.42081,0.429879,0.376038,0.387175,0.388843,0.415287,0.424364,
2024020141,2024-10-28,1,0.533944,0.582728,0.519719,0.520399,0.512961,0.526965,0.532192,0.520692,
2024020142,2024-10-28,1,0.533944,0.360267,0.38008,0.359262,0.362911,0.364404,0.361852,0.377973,
2024020143,2024-10-28,0,0.533944,0.58995,0.549067,0.534254,0.521196,0.532194,0.55486,0.5468,
2024020144,2024-10-28,0,0.533944,0.758401,0.692301,0.701064,0.71188,0.714612,0.718355,0.695299,
2024020145,2024-10-28,0,0.533944,0.735491,0.767331,0.771327,0.738585,0.761316,0.788556,0.766523,
2024020146,2024-10-28,0,0.533944,0.458687,0.422705,0.442625,0.442024,0.452611,0.425695,0.426724,
2024020147,2024-10-28,1,0.533944,0.604143,0.529298,0.537678,0.532585,0.547788,0.547076,0.531783,
2024020154,2024-10-29,1,0.53389,0.294393,0.222455,0.327482,0.309851,0.285422,0.199254,0.237573,
2024020153,2024-10-29,0,0.53389,0.491972,0.458617,0.440374,0.462931,0.458476,0.454694,0.462276,
2024020152,2024-10-29,0,0.53389,0.672015,0.662663,0.700821,0.705272,0.707366,0.682963,0.668798,
2024020148,2024-10-29,0,0.53389,0.69104,0.557559,0.534127,0.588693,0.591778,0.593728,0.576176,
2024020150,2024-10-29,1,0.53389,0.517697,0.548062,0.5534,0.546169,0.546119,0.54179,0.544494,
2024020149,2024-10-29,0,0.53389,0.47242,0.396481,0.401339,0.41618,0.408967,0.391112,0.406275,
2024020151,2024-10-29,1,0.53389,0.390594,0.467981,0.447618,0.428424,0.434381,0.443219,0.455617,
2024020160,2024-10-30,1,0.53389,0.479349,0.477519,0.546729,0.523236,0.516073,0.466715,0.482124,
2024020159,2024-10-30,0,0.53389,0.595042,0.583666,0.580622,0.571941,0.574042,0.587421,0.58382,
2024020158,2024-10-30,1,0.53389,0.526818,0.52475,0.577974,0.52911,0.537018,0.51984,0.526379,
2024020156,2024-10-30,0,0.53389,0.426898,0.446917,0.438969,0.446839,0.454938,0.439216,0.445627,
2024020155,2024-10-30,1,0.53389,0.475687,0.510998,0.447825,0.467043,0.464267,0.49726,0.50177,
2024020157,2024-10-30,0,0.53389,0.535657,0.542899,0.557422,0.543998,0.542624,0.537937,0.54207,
2024020161,2024-10-31,1,0.53389,0.608864,0.586829,0.539428,0.574915,0.564169,0.591212,0.58667,
2024020162,2024-10-31,1,0.53389,0.470858,0.558067,0.541132,0.544018,0.553378,0.550951,0.547922,
2024020163,2024-10-31,1,0.53389,0.652061,0.648551,0.65939,0.687999,0.690006,0.670196,0.653672,
2024020164,2024-10-31,1,0.53389,0.629365,0.684889,0.667127,0.647827,0.657123,0.688934,0.6756,
2024020165,2024-10-31,1,0.53389,0.604038,0.679383,0.625025,0.640245,0.642649,0.681017,0.666885,
2024020166,2024-10-31,0,0.53389,0.475458,0.502599,0.466405,0.477827,0.472589,0.488585,0.496181,
2024020167,2024-10-31,1,0.53389,0.47654,0.46995,0.448112,0.462931,0.461189,0.462437,0.469676,
2024020172,2024-11-01,1,0.53389,0.494432,0.553581,0.547475,0.533582,0.546137,0.54871,0.546213,
2024020171,2024-11-01,0,0.53389,0.365207,0.385083,0.375232,0.387952,0.383964,0.364614,0.382765,
2024020173,2024-11-01,1,0.53389,0.512891,0.520266,0.494964,0.503353,0.502567,0.514543,0.517432,
2024020169,2024-11-01,0,0.53389,0.559574,0.558931,0.549202,0.550993,0.555358,0.562075,0.558594,
2024020168,2024-11-01,0,0.53389,0.533182,0.516776,0.521225,0.507905,0.493947,0.502915,0.515977,
2024020170,2024-11-01,1,0.53389,0.663793,0.59396,0.595379,0.607966,0.605098,0.611066,0.602927,
2024020181,2024-11-02,1,0.53389,0.455402,0.461474,0.421867,0.459194,0.456154,0.454628,0.460198,
2024020180,2024-11-02,1,0.53389,0.623413,0.654206,0.639601,0.63893,0.639695,0.658994,0.649156,
2024020183,2024-11-02,1,0.53389,0.611656,0.554698,0.573211,0.547661,0.559054,0.566109,0.561472,
2024020182,2024-11-02,1,0.53389,0.482145,0.520876,0.515142,0.502819,0.505505,0.509346,0.514853,
2024020179,2024-11-02,1,0.53389,0.518814,0.537551,0.465409,0.473087,0.475202,0.528043,0.528366,
2024020184,2024-11-02,0,0.53389,0.298673,0.308878,0.349233,0.35077,0.351952,0.289925,0.312673,
2024020177,2024-11-02,1,0.53389,0.610324,0.734266,0.673582,0.653906,0.672672,0.734184,0.713574,
2024020176,2024-11-02,0,0.53389,0.710486,0.719838,0.712223,0.731041,0.728911,0.73751,0.719844,
2024020175,2024-11-02,0,0.53389,0.40345,0.523669,0.503045,0.475149,0.470579,0.489109,0.504359,
2024020174,2024-11-02,1,0.53389,0.552165,0.530253,0.540718,0.526885,0.514798,0.520532,0.530903,
2024020178,2024-11-02,1,0.53389,0.54826,0.466274,0.506818,0.479344,0.456789,0.451318,0.474225,
2024020191,2024-11-03,0,0.53389,0.544604,0.567838,0.525897,0.526034,0.541988,0.571585,0.562326,
2024020190,2024-11-03,0,0.53389,0.443353,0.453001,0.420565,0.441098,0.431069,0.436153,0.449433,
2024020188,2024-11-03,1,0.53389,0.667835,0.716316,0.675109,0.690156,0.683041,0.720279,0.707174,
2024020189,2024-11-03,1,0.53389,0.522231,0.585693,0.541354,0.52888,0.527548,0.570416,0.57206,
2024020186,2024-11-03,1,0.53389,0.575167,0.574263,0.58709,0.573568,0.566583,0.569997,0.573485,
2024020185,2024-11-03,1,0.53389,0.674597,0.602678,0.602472,0.6092,0.619544,0.627834,0.612529,
2024020187,2024-11-03,1,0.53389,0.629463,0.532665,0.526177,0.514238,0.479847,0.518443,0.5373,
2024020192,2024-11-04,0,0.53389,0.527021,0.509802,0.5086,0.49648,0.493678,0.502319,0.509858,
2024020193,2024-11-04,0,0.53389,0.62411,0.517619,0.56989,0.558938,0.537348,0.518931,0.531607,
2024020201,2024-11-05,1,0.53389,0.658972,0.61025,0.621715,0.620919,0.618168,0.623272,0.616523,
2024020204,2024-11-05,1,0.53389,0.408791,0.438559,0.400475,0.399801,0.400561,0.417588,0.430939,
2024020203,2024-11-05,0,0.53389,0.3482,0.344335,0.350498,0.35077,0.351952,0.325694,0.345631,
2024020202,2024-11-05,1,0.53389,0.620439,0.595331,0.567716,0.593583,0.580788,0.599427,0.596437,
2024020200,2024-11-05,0,0.53389,0.550123,0.594181,0.546707,0.547615,0.5603,0.595116,0.585457,
2024020196,2024-11-05,0,0.53389,0.438108,0.393851,0.398703,0.410368,0.410205,0.387415,0.400596,
2024020198,2024-11-05,1,0.53389,0.525967,0.529751,0.539772,0.526316,0.514279,0.516239,0.527567,
2024020197,2024-11-05,1,0.53389,0.744012,0.729926,0.725608,0.717105,0.730905,0.754467,0.73159,
2024020195,2024-11-05,1,0.53389,0.51802,0.582934,0.563969,0.578893,0.574237,0.575782,0.574787,
2024020194,2024-11-05,1,0.53389,0.532682,0.516476,0.528018,0.505934,0.508183,0.511629,0.517315,
2024020199,2024-11-05,1,0.53389,0.460957,0.479954,0.469267,0.477142,0.486224,0.476256,0.478577,
2024020205,2024-11-06,1,0.53389,0.533669,0.54596,0.567072,0.56661,0.56946,0.547945,0.54729,
2024020206,2024-11-06,0,0.53389,0.407996,0.442616,0.397576,0.401434,0.40253,0.422015,0.434224,
2024020207,2024-11-06,0,0.53389,0.54278,0.600518,0.583762,0.581932,0.572994,0.589039,0.591012,
2024020215,2024-11-07,0,0.53389,0.54597,0.509448,0.511802,0.495893,0.510903,0.515928,0.513639,
2024020219,2024-11-07,0,0.53389,0.303874,0.283629,0.326403,0.343104,0.334558,0.265923,0.291676,
2024020218,2024-11-07,0,0.53389,0.530412,0.551976,0.561021,0.548183,0.543258,0.543051,0.548604,
2024020217,2024-11-07,1,0.53389,0.599808,0.565043,0.563521,0.546643,0.545774,0.566197,0.566673,
2024020214,2024-11-07,1,0.53389,0.695271,0.714966,0.779374,0.730309,0.738009,0.726326,0.715427,
2024020216,2024-11-07,1,0.53389,0.770683,0.790699,0.740854,0.750643,0.766874,0.813748,0.785772,
2024020212,2024-11-07,1,0.53389,0.655729,0.695642,0.73817,0.713453,0.719969,0.706676,0.694022,
2024020211,2024-11-07,1,0.53389,0.669135,0.674774,0.631737,0.667931,0.662339,0.687688,0.672733,
2024020210,2024-11-07,0,0.53389,0.672229,0.605424,0.59162,0.629566,0.626743,0.628603,0.61522,
2024020209,2024-11-07,0,0.53389,0.542672,0.560075,0.563121,0.532101,0.544176,0.557938,0.556342,
2024020208,2024-11-07,1,0.53389,0.606517,0.53136,0.512492,0.518563,0.542757,0.555828,0.540943,
2024020213,2024-11-07,0,0.53389,0.661631,0.609663,0.607507,0.607966,0.607621,0.623414,0.615156,
2024020220,2024-11-08,1,0.53389,0.606079,0.637201,0.658721,0.631346,0.630678,0.63608,0.633027,
2024020221,2024-11-08,0,0.53389,0.565254,0.644545,0.609161,0.62175,0.638193,0.652956,0.635082,
2024020222,2024-11-08,0,0.53389,0.343749,0.396158,0.350925,0.360109,0.357984,0.367705,0.386023,
2024020223,2024-11-08,1,0.53389,0.416384,0.486695,0.474291,0.42045,0.434396,0.461432,0.472975,
2024020235,2024-11-09,0,0.53389,0.518161,0.520853,0.502896,0.484276,0.496492,0.517655,0.517774,
2024020234,2024-11-09,1,0.53389,0.655036,0.685279,0.722776,0.713592,0.708821,0.693078,0.684635,
2024020232,2024-11-09,1,0.53389,0.541712,0.540792,0.520854,0.509236,0.508612,0.53362,0.537218,
2024020231,2024-11-09,0,0.53389,0.510081,0.486122,0.493335,0.475771,0.484621,0.484218,0.488591,
2024020230,2024-11-09,1,0.53389,0.544144,0.517877,0.478529,0.484909,0.501112,0.525809,0.518857,
2024020233,2024-11-09,1,0.53389,0.432218,0.415603,0.376216,0.400587,0.422925,0.420526,0.41827,
2024020228,2024-11-09,0,0.53389,0.403372,0.354385,0.405031,0.372375,0.357291,0.328834,0.360115,
2024020227,2024-11-09,1,0.53389,0.708472,0.670113,0.752606,0.72029,0.720685,0.688617,0.680115,
2024020226,2024-11-09,0,0.53389,0.617772,0.539885,0.531394,0.521795,0.536151,0.556059,0.548041,
2024020225,2024-11-09,1,0.53389,0.740327,0.692414,0.655435,0.682953,0.680042,0.714851,0.696281,
2024020224,2024-11-09,1,0.53389,0.565089,0.519666,0.521703,0.543613,0.548818,0.532952,0.528,
2024020229,2024-11-09,0,0.53389,0.522625,0.523756,0.448021,0.490225,0.481016,0.517294,0.51875,
2024020236,2024-11-10,0,0.53389,0.743005,0.696858,0.786072,0.733097,0.747791,0.723123,0.70776,
2024020237,2024-11-10,1,0.53389,0.341213,0.341868,0.332031,0.35077,0.348209,0.323239,0.34252,
2024020238,2024-11-10,1,0.53389,0.467668,0.535221,0.478032,0.482673,0.480845,0.516586,0.521567,
2024020244,2024-11-11,0,0.53389,0.459385,0.392286,0.415537,0.433709,0.438496,0.396123,0.404957,
2024020243,2024-11-11,1,0.53389,0.591811,0.573953,0.587773,0.596254,0.594563,0.582106,0.578275,
2024020242,2024-11-11,1,0.53389,0.478079,0.474277,0.465784,0.453756,0.446457,0.457064,0.471519,
2024020241,2024-11-11,0,0.53389,0.411631,0.417266,0.408356,0.400444,0.394628,0.394917,0.41406,
2024020239,2024-11-11,0,0.53389,0.672045,0.679864,0.725232,0.708098,0.719096,0.69976,0.683482,
2024020240,2024-11-11,1,0.53389,0.656356,0.725576,0.701851,0.7174,0.717674,0.734323,0.717046,
2024020245,2024-11-12,0,0.534595,0.618543,0.585695,0.583713,0.587214,0.578619,0.587579,0.584635,
2024020246,2024-11-12,0,0.534595,0.668234,0.598164,0.559668,0.603493,0.601779,0.624933,0.598787,
2024020247,2024-11-12,0,0.534595,0.528739,0.52597,0.517134,0.507729,0.496368,0.508041,0.521409,
2024020248,2024-11-12,0,0.534595,0.450966,0.454049,0.445066,0.459028,0.459748,0.450332,0.454925,
2024020249,2024-11-12,1,0.534595,0.631382,0.651909,0.643536,0.640858,0.632868,0.65074,0.648954,
2024020250,2024-11-12,1,0.534595,0.590418,0.635338,0.599414,0.592835,0.594873,0.634354,0.629059,
2024020251,2024-11-12,1,0.534595,0.599315,0.624481,0.653699,0.615973,0.622695,0.626061,0.624183,
2024020256,2024-11-13,0,0.534595,0.321236,0.390104,0.382372,0.371777,0.376216,0.365122,0.387899,
2024020255,2024-11-13,1,0.534595,0.566449,0.517065,0.523105,0.564015,0.548969,0.523871,0.522029,
2024020252,2024-11-13,0,0.534595,0.534581,0.550841,0.53429,0.540924,0.532855,0.542367,0.548054,
2024020253,2024-11-13,0,0.534595,0.48855,0.572723,0.558149,0.548058,0.546895,0.558534,0.568663,
2024020254,2024-11-13,1,0.534595,0.363324,0.383776,0.365421,0.365176,0.385672,0.384431,0.384049,
2024020265,2024-11-14,0,0.534595,0.603743,0.607384,0.595647,0.595016,0.586722,0.603985,0.604195,
2024020264,2024-11-14,1,0.534595,0.616895,0.624992,0.646884,0.626278,0.621117,0.622452,0.624387,
2024020263,2024-11-14,1,0.534595,0.682517,0.716141,0.736117,0.720677,0.726938,0.732208,0.717775,
2024020262,2024-11-14,1,0.534595,0.59137,0.602538,0.607642,0.599847,0.593411,0.599029,0.601121,
2024020266,2024-11-14,1,0.534595,0.650432,0.644035,0.654885,0.660882,0.651319,0.650154,0.645164,
2024020260,2024-11-14,0,0.534595,0.647916,0.596469,0.565126,0.603451,0.587112,0.604082,0.595074,
2024020259,2024-11-14,1,0.534595,0.449144,0.494033,0.509707,0.506778,0.509798,0.488172,0.496422,
2024020258,2024-11-14,0,0.534595,0.607139,0.613697,0.608274,0.598473,0.584798,0.602018,0.609236,
2024020257,2024-11-14,1,0.534595,0.574853,0.590799,0.581461,0.598434,0.595844,0.597883,0.591562,
2024020261,2024-11-14,1,0.534595,0.809251,0.765492,0.733311,0.72754,0.730952,0.787642,0.760208,
2024020267,2024-11-15,1,0.534595,0.457197,0.453316,0.490193,0.474717,0.484436,0.454241,0.458117,
2024020268,2024-11-15,0,0.534595,0.596234,0.562929,0.570337,0.563969,0.557688,0.562081,0.562152,
2024020269,2024-11-15,1,0.534595,0.521606,0.586756,0.552851,0.558805,0.561991,0.58497,0.582878,
2024020270,2024-11-15,0,0.534595,0.459222,0.505644,0.523253,0.503275,0.512168,0.500113,0.506606,
2024020271,2024-11-15,1,0.534595,0.397619,0.435409,0.395158,0.384352,0.394892,0.420608,0.429128,
2024020279,2024-11-16,1,0.534595,0.695917,0.63346,0.685014,0.688886,0.682819,0.654764,0.641127,
2024020283,2024-11-16,1,0.534595,0.714587,0.712241,0.725756,0.724772,0.730793,0.737265,0.715103,
2024020282,2024-11-16,1,0.534595,0.589815,0.693559,0.664754,0.652781,0.670821,0.705942,0.689958,
2024020281,2024-11-16,0,0.534595,0.453454,0.487652,0.510366,0.492513,0.49302,0.474514,0.488448,
2024020280,2024-11-16,1,0.534595,0.684006,0.652343,0.683346,0.69292,0.691007,0.675202,0.658333,
2024020278,2024-11-16,1,0.534595,0.450732,0.469156,0.488119,0.489962,0.474318,0.44684,0.469934,
2024020272,2024-11-16,0,0.534595,0.620916,0.635635,0.665372,0.629211,0.626079,0.629932,0.634148,
2024020276,2024-11-16,1,0.534595,0.564097,0.539979,0.551885,0.53987,0.5282,0.527979,0.538186,
2024020275,2024-11-16,1,0.534595,0.512813,0.534242,0.477015,0.473797,0.474207,0.521989,0.524967,
2024020274,2024-11-16,1,0.534595,0.512223,0.484452,0.470119,0.46763,0.472662,0.484714,0.48266,
2024020273,2024-11-16,1,0.534595,0.519549,0.52688,0.522203,0.51223,0.519915,0.528329,0.525799,
2024020277,2024-11-16,1,0.534595,0.529601,0.558696,0.567304,0.558653,0.566334,0.563398,0.559847,
2024020284,2024-11-17,1,0.534595,0.704245,0.741299,0.754497,0.733559,0.751963,0.767578,0.742908,
2024020285,2024-11-17,0,0.534595,0.586545,0.522409,0.60061,0.586779,0.574891,0.522316,0.530559,
2024020286,2024-11-17,0,0.534595,0.591778,0.508834,0.515313,0.524974,0.533704,0.531181,0.512745,
2024020287,2024-11-17,0,0.534595,0.396848,0.383332,0.441168,0.390596,0.37931,0.345576,0.382724,
2024020293,2024-11-18,1,0.534595,0.360566,0.390065,0.335582,0.37169,0.366332,0.373008,0.386379,
2024020292,2024-11-18,0,0.534595,0.494785,0.543873,0.460233,0.482733,0.486512,0.539709,0.534984,
2024020291,2024-11-18,0,0.534595,0.780572,0.755126,0.734309,0.738787,0.742406,0.780002,0.753188,
2024020289,2024-11-18,0,0.534595,0.413265,0.419944,0.400598,0.377019,0.378227,0.395183,0.413507,
2024020288,2024-11-18,0,0.534595,0.682584,0.636059,0.678589,0.682542,0.674231,0.651689,0.641987,
2024020290,2024-11-18,1,0.534595,0.346146,0.303287,0.347919,0.356025,0.355429,0.295391,0.311365,
2024020294,2024-11-19,0,0.534595,0.448517,0.515499,0.44451,0.46569,0.463547,0.500972,0.507428,
2024020295,2024-11-19,0,0.534595,0.428987,0.450907,0.443593,0.459314,0.457073,0.442304,0.451838,
2024020296,2024-11-19,0,0.534595,0.462818,0.401077,0.435568,0.448418,0.451774,0.408665,0.408949,
2024020297,2024-11-19,1,0.534595,0.523077,0.494913,0.501432,0.477344,0.477303,0.484891,0.492224,
2024020298,2024-11-19,0,0.534595,0.517445,0.579135,0.562899,0.576483,0.584942,0.588468,0.579973,
2024020299,2024-11-19,1,0.534595,0.539526,0.557733,0.551456,0.544801,0.544893,0.554281,0.555736,
2024020300,2024-11-19,0,0.534595,0.449249,0.533943,0.553899,0.545817,0.558435,0.536085,0.53764,
2024020305,2024-11-20,0,0.534595,0.566167,0.594683,0.625077,0.607463,0.610472,0.597725,0.597091,
2024020304,2024-11-20,1,0.534595,0.50872,0.505866,0.494822,0.489397,0.491475,0.501364,0.50365,
2024020301,2024-11-20,1,0.534595,0.538041,0.582387,0.55505,0.561753,0.562322,0.581297,0.579253,
2024020302,2024-11-20,0,0.534595,0.320249,0.303094,0.340497,0.352828,0.355587,0.296011,0.311202,
2024020303,2024-11-20,1,0.534595,0.809956,0.805766,0.76,0.743045,0.753185,0.824079,0.797664,
2024020312,2024-11-21,1,0.534595,0.696203,0.709739,0.630081,0.675307,0.661012,0.717237,0.702214,
2024020314,2024-11-21,1,0.534595,0.404216,0.475762,0.458401,0.440246,0.444401,0.45419,0.470861,
2024020313,2024-11-21,1,0.534595,0.26565,0.292422,0.349392,0.34812,0.341839,0.26803,0.300015,
2024020315,2024-11-21,0,0.534595,0.568438,0.592022,0.62979,0.6234,0.616454,0.590603,0.595767,
2024020311,2024-11-21,1,0.534595,0.371782,0.39737,0.393117,0.40141,0.406561,0.387963,0.398763,
2024020308,2024-11-21,1,0.534595,0.514976,0.475373,0.467341,0.482103,0.487149,0.484471,0.477225,
2024020309,2024-11-21,1,0.534595,0.401673,0.460358,0.365078,0.380455,0.388621,0.4461,0.449245,
2024020307,2024-11-21,0,0.534595,0.455837,0.58889,0.543058,0.541295,0.549728,0.579292,0.582729,
2024020306,2024-11-21,1,0.534595,0.592932,0.558523,0.586919,0.567369,0.569046,0.563264,0.560177,
2024020310,2024-11-21,0,0.534595,0.509816,0.497809,0.478718,0.460285,0.451624,0.475366,0.4907,
2024020316,2024-11-22,0,0.534595,0.369109,0.41251,0.440114,0.434635,0.442035,0.403436,0.417021,
2024020317,2024-11-22,0,0.534595,0.393466,0.391813,0.360322,0.35887,0.360276,0.373302,0.386953,
2024020326,2024-11-23,0,0.534595,0.515958,0.423723,0.479312,0.512923,0.506127,0.438759,0.436512,
2024020332,2024-11-23,1,0.534595,0.486487,0.557415,0.567657,0.55499,0.552944,0.544847,0.55666,
2024020331,2024-11-23,0,0.534595,0.32082,0.354638,0.353072,0.355624,0.356931,0.334347,0.35496,
2024020329,2024-11-23,1,0.534595,0.394024,0.501725,0.394505,0.417307,0.419938,0.480782,0.489017,
2024020328,2024-11-23,1,0.534595,0.304872,0.316991,0.38259,0.360509,0.373698,0.307834,0.325722,
2024020327,2024-11-23,0,0.534595,0.534528,0.495471,0.501629,0.493596,0.485423,0.485074,0.493958,
2024020325,2024-11-23,0,0.534595,0.482618,0.447023,0.425316,0.442813,0.431832,0.434685,0.444714,
2024020330,2024-11-23,1,0.534595,0.550569,0.589895,0.586585,0.581905,0.583936,0.590544,0.58894,
2024020323,2024-11-23,0,0.534595,0.477586,0.504782,0.495052,0.501603,0.501877,0.499696,0.504309,
2024020322,2024-11-23,0,0.534595,0.376426,0.405404,0.380089,0.376709,0.380283,0.386684,0.401504,
2024020321,2024-11-23,0,0.534595,0.585531,0.554153,0.571755,0.553798,0.557005,0.558734,0.554622,
2024020320,2024-11-23,1,0.534595,0.584646,0.623636,0.62012,0.628468,0.633248,0.636199,0.625081,
2024020324,2024-11-23,0,0.534595,0.462828,0.418671,0.407319,0.434945,0.429356,0.416082,0.420359,
2024020319,2024-11-23,1,0.534595,0.480524,0.508428,0.482181,0.484342,0.481175,0.495644,0.504201,
2024020318,2024-11-23,1,0.534595,0.614564,0.594376,0.606139,0.599796,0.5903,0.592385,0.593766,
2024020333,2024-11-24,1,0.534595,0.623019,0.669754,0.654081,0.635879,0.663546,0.695853,0.668754,
2024020344,2024-11-25,1,0.534595,0.29912,0.269764,0.315238,0.341784,0.338019,0.262245,0.280313,
2024020343,2024-11-25,0,0.534595,0.420814,0.425607,0.384855,0.387838,0.392484,0.413559,0.420496,
2024020342,2024-11-25,0,0.534595,0.460166,0.48771,0.511363,0.512972,0.513046,0.483403,0.49159,
2024020341,2024-11-25,0,0.534595,0.55825,0.593341,0.599315,0.616393,0.590499,0.57566,0.59287,
2024020340,2024-11-25,1,0.534595,0.503709,0.550525,0.545426,0.530412,0.540627,0.549977,0.548955,
2024020339,2024-11-25,1,0.534595,0.555739,0.57629,0.550993,0.564481,0.557846,0.573141,0.573427,
2024020338,2024-11-25,0,0.534595,0.400366,0.435201,0.407415,0.406815,0.401503,0.409991,0.429974,
2024020337,2024-11-25,0,0.534595,0.680988,0.67034,0.681672,0.695328,0.696227,0.693768,0.674341,
2024020336,2024-11-25,1,0.534595,0.57205,0.580734,0.596127,0.61706,0.61214,0.590655,0.585567,
2024020335,2024-11-25,0,0.534595,0.613401,0.598832,0.5981,0.58285,0.579361,0.597384,0.595844,
2024020334,2024-11-25,1,0.534595,0.521967,0.501943,0.488876,0.499339,0.502895,0.507256,0.502108,
2024020345,2024-11-26,0,0.534533,0.541931,0.525033,0.527196,0.517669,0.52885,0.530667,0.52556,
2024020346,2024-11-26,0,0.534533,0.4467,0.438761,0.376513,0.42385,0.422357,0.432558,0.435943,
2024020361,2024-11-27,0,0.534533,0.364923,0.302264,0.351081,0.345238,0.334264,0.284523,0.308568,
2024020360,2024-11-27,0,0.534533,0.653274,0.631051,0.665501,0.686335,0.660744,0.644486,0.637027,
2024020359,2024-11-27,1,0.534533,0.421409,0.512848,0.530615,0.484672,0.481177,0.486011,0.506752,
2024020358,2024-11-27,1,0.534533,0.530808,0.571416,0.583982,0.57333,0.572922,0.57192,0.571437,
2024020357,2024-11-27,1,0.534533,0.275146,0.287507,0.349275,0.345238,0.341482,0.2707,0.297064,
2024020356,2024-11-27,0,0.534533,0.601722,0.586054,0.570923,0.552209,0.560338,0.589145,0.581417,
2024020355,2024-11-27,0,0.534533,0.564645,0.630642,0.607224,0.645605,0.645679,0.648014,0.632887,
2024020347,2024-11-27,0,0.534533,0.508944,0.493749,0.481677,0.462054,0.457142,0.476553,0.48748,
2024020353,2024-11-27,0,0.534533,0.477764,0.516641,0.455066,0.478142,0.476264,0.505724,0.509296,
2024020352,2024-11-27,1,0.534533,0.556063,0.52564,0.527256,0.517009,0.521998,0.527822,0.525073,
2024020351,2024-11-27,0,0.534533,0.570232,0.547571,0.541208,0.552344,0.546692,0.551459,0.547686,
2024020350,2024-11-27,1,0.534533,0.506367,0.460815,0.446365,0.428837,0.434678,0.449861,0.456343,
2024020349,2024-11-27,1,0.534533,0.588458,0.646966,0.637786,0.633794,0.629033,0.649499,0.643535,
2024020348,2024-11-27,0,0.534533,0.609501,0.644355,0.652063,0.643306,0.640119,0.651562,0.64346,
2024020354,2024-11-27,1,0.534533,0.436706,0.503797,0.424248,0.440379,0.445371,0.486386,0.492926,
2024020370,2024-11-29,0,0.534533,0.380293,0.30945,0.334819,0.341702,0.334958,0.295225,0.31456,0.310098
2024020375,2024-11-29,0,0.534533,0.440285,0.420027,0.369647,0.425974,0.420849,0.416681,0.420416,0.42296
2024020374,2024-11-29,1,0.534533,0.480232,0.461328,0.431877,0.470805,0.465756,0.46053,0.462345,0.463228
2024020373,2024-11-29,1,0.534533,0.57381,0.582489,0.568271,0.569039,0.562488,0.581238,0.579045,0.573955
2024020372,2024-11-29,0,0.534533,0.627834,0.632559,0.645415,0.629453,0.604765,0.624657,0.628174,0.614036
2024020371,2024-11-29,1,0.534533,0.366777,0.393662,0.360092,0.407098,0.39739,0.380197,0.394375,0.389319
2024020369,2024-11-29,0,0.534533,0.457655,0.46034,0.428442,0.45083,0.450121,0.453113,0.458531,0.456426
2024020362,2024-11-29,1,0.534533,0.374601,0.431601,0.430164,0.435622,0.435085,0.416484,0.431873,0.422779
2024020367,2024-11-29,0,0.534533,0.586221,0.609116,0.642025,0.632742,0.639397,0.625979,0.614178,0.61526
2024020366,2024-11-29,1,0.534533,0.608062,0.591311,0.60989,0.606452,0.594863,0.595818,0.592308,0.587387
2024020365,2024-11-29,0,0.534533,0.473739,0.421552,0.410242,0.417291,0.416476,0.412775,0.420999,0.419366
2024020364,2024-11-29,0,0.534533,0.508673,0.522767,0.464445,0.477198,0.476799,0.512268,0.514555,0.510643
2024020363,2024-11-29,1,0.534533,0.709529,0.700385,0.77297,0.719493,0.722156,0.716724,0.704233,0.700175
2024020368,2024-11-29,1,0.534533,0.454986,0.470496,0.458931,0.476402,0.484013,0.471932,0.472617,0.473681
2024020387,2024-11-30,0,0.534533,0.679047,0.638149,0.665417,0.691334,0.667662,0.655764,0.644166,0.64293
2024020386,2024-11-30,0,0.534533,0.623005,0.524929,0.571335,0.538126,0.538905,0.53124,0.527999,0.528033
2024020385,2024-11-30,0,0.534533,0.515544,0.472379,0.490429,0.487676,0.476246,0.464654,0.473594,0.467009
2024020383,2024-11-30,1,0.534533,0.495274,0.457451,0.486249,0.497569,0.478239,0.450384,0.461807,0.453922
2024020382,2024-11-30,1,0.534533,0.588013,0.491173,0.584875,0.563415,0.535872,0.489471,0.500315,0.489754
2024020384,2024-11-30,1,0.534533,0.596642,0.566415,0.605595,0.637132,0.652803,0.608286,0.581531,0.598895
2024020380,2024-11-30,1,0.534533,0.503543,0.463029,0.452886,0.459717,0.441742,0.446615,0.459926,0.450463
2024020379,2024-11-30,0,0.534533,0.528474,0.5267,0.547013,0.541462,0.53938,0.528063,0.529002,0.52512
2024020378,2024-11-30,0,0.534533,0.538865,0.430748,0.472406,0.455275,0.452205,0.428858,0.435291,0.434157
2024020377,2024-11-30,1,0.534533,0.504106,0.436422,0.428701,0.442802,0.448918,0.439269,0.438918,0.44372
2024020376,2024-11-30,1,0.534533,0.716046,0.567218,0.631747,0.651696,0.649431,0.608597,0.582747,0.599181
2024020381,2024-11-30,0,0.534533,0.574092,0.586071,0.553746,0.56032,0.563106,0.589447,0.581869,0.581515
2024020392,2024-12-01,1,0.534533,0.431863,0.429325,0.424933,0.381515,0.387977,0.402981,0.421878,0.410346
2024020391,2024-12-01,1,0.534533,0.530286,0.586209,0.617304,0.584951,0.577029,0.577393,0.584415,0.570416
2024020390,2024-12-01,0,0.534533,0.470668,0.443583,0.449118,0.436416,0.443598,0.436655,0.443592,0.441319
2024020388,2024-12-01,0,0.534533,0.462526,0.449507,0.422338,0.436716,0.430241,0.436108,0.446327,0.440817
2024020389,2024-12-01,1,0.534533,0.674435,0.715843,0.736421,0.730949,0.740162,0.741984,0.719676,0.724211
2024020393,2024-12-02,0,0.534533,0.591356,0.482273,0.523392,0.514062,0.513255,0.491649,0.488456,0.491749
2024020394,2024-12-02,1,0.534533,0.740944,0.767906,0.771783,0.751312,0.769975,0.794292,0.767678,0.774772
2024020395,2024-12-02,0,0.534533,0.41413,0.481055,0.406005,0.418242,0.430548,0.465358,0.47142,0.467655
2024020402,2024-12-03,1,0.534533,0.541327,0.555959,0.561872,0.562325,0.553369,0.553887,0.555613,0.548812
2024020404,2024-12-03,1,0.534533,0.582062,0.569932,0.60807,0.578374,0.575752,0.571363,0.571098,0.564869
2024020405,2024-12-03,1,0.534533,0.499903,0.42083,0.385296,0.410226,0.410893,0.416941,0.419552,0.4232
2024020401,2024-12-03,0,0.534533,0.708916,0.691013,0.705208,0.714885,0.703958,0.710876,0.693665,0.69464
2024020403,2024-12-03,0,0.534533,0.667251,0.64435,0.665505,0.680244,0.668903,0.663607,0.649096,0.650245
2024020399,2024-12-03,1,0.534533,0.374669,0.384014,0.316301,0.387325,0.38118,0.375637,0.383594,0.385101
2024020398,2024-12-03,1,0.534533,0.448252,0.438778,0.484475,0.471614,0.478839,0.43921,0.44576,0.443666
2024020397,2024-12-03,0,0.534533,0.478824,0.481835,0.484639,0.458446,0.468336,0.472663,0.479202,0.474351
2024020396,2024-12-03,1,0.534533,0.611193,0.634382,0.648001,0.637836,0.631168,0.639887,0.63382,0.628161
2024020400,2024-12-03,0,0.534533,0.746485,0.723357,0.744128,0.731871,0.730956,0.745626,0.724867,0.727694
2024020406,2024-12-04,1,0.534533,0.62947,0.619763,0.640333,0.65499,0.634738,0.62886,0.622935,0.61793
2024020407,2024-12-04,0,0.534533,0.341755,0.378888,0.348861,0.361924,0.355506,0.352031,0.374665,0.363219
2024020408,2024-12-04,0,0.534533,0.350217,0.440519,0.373229,0.395866,0.401219,0.419096,0.432878,0.425182
2024020409,2024-12-04,1,0.534533,0.44991,0.508512,0.502162,0.509073,0.50989,0.503173,0.508371,0.502309
2024020418,2024-12-05,1,0.534533,0.691665,0.676789,0.717889,0.713874,0.708949,0.699919,0.682684,0.684297
2024020417,2024-12-05,0,0.534533,0.532489,0.58045,0.592821,0.576687,0.574816,0.578113,0.579196,0.571079
2024020416,2024-12-05,0,0.534533,0.54657,0.505572,0.532384,0.532731,0.533394,0.513571,0.510736,0.511837
2024020415,2024-12-05,1,0.534533,0.601095,0.609177,0.606148,0.603246,0.595546,0.611503,0.60689,0.601867
2024020411,2024-12-05,1,0.534533,0.446553,0.511219,0.455655,0.493294,0.499799,0.510651,0.508645,0.509161
2024020413,2024-12-05,1,0.534533,0.752735,0.733596,0.749058,0.730842,0.740398,0.759535,0.734701,0.741047
2024020412,2024-12-05,1,0.534533,0.539372,0.610484,0.58779,0.594285,0.59791,0.614628,0.607732,0.604755
2024020410,2024-12-05,0,0.534533,0.429802,0.493877,0.52657,0.470159,0.487633,0.480739,0.491973,0.481753
2024020414,2024-12-05,0,0.534533,0.364097,0.368625,0.338078,0.353634,0.347365,0.344544,0.364978,0.356258
2024020423,2024-12-06,1,0.534533,0.484376,0.420474,0.399479,0.413647,0.411573,0.412337,0.419347,0.418963
2024020424,2024-12-06,0,0.534533,0.350675,0.356758,0.345504,0.355615,0.354811,0.337396,0.356394,0.349602
2024020422,2024-12-06,1,0.534533,0.654762,0.672892,0.668153,0.66608,0.670978,0.689643,0.672328,0.674627
2024020419,2024-12-06,0,0.534533,0.574266,0.552489,0.558277,0.570866,0.566105,0.561029,0.555143,0.555372
2024020420,2024-12-06,1,0.534533,0.61176,0.662517,0.646838,0.646267,0.655401,0.676501,0.660732,0.6623
2024020421,2024-12-06,1,0.534533,0.64381,0.592128,0.616153,0.606406,0.60282,0.604014,0.594425,0.594949
2024020425,2024-12-07,1,0.534533,0.640212,0.644696,0.695185,0.692141,0.701172,0.675759,0.654454,0.661605
2024020426,2024-12-07,0,0.534533,0.534467,0.502531,0.47659,0.487343,0.488399,0.501349,0.500207,0.500637
2024020427,2024-12-07,0,0.534533,0.286804,0.341639,0.33913,0.393361,0.393541,0.336537,0.350474,0.348801
2024020428,2024-12-07,1,0.534533,0.368838,0.357534,0.344524,0.369054,0.358164,0.338369,0.357964,0.350509
2024020429,2024-12-07,1,0.534533,0.798414,0.758762,0.756932,0.742407,0.756446,0.788237,0.758281,0.768856
2024020430,2024-12-07,0,0.534533,0.38656,0.42864,0.379292,0.390593,0.409866,0.41935,0.424616,0.425415
2024020431,2024-12-07,1,0.534533,0.533739,0.569549,0.558059,0.580001,0.569758,0.571221,0.569596,0.564739
2024020432,2024-12-07,0,0.534533,0.439911,0.432173,0.433587,0.4338,0.433429,0.421392,0.432452,0.427293
2024020433,2024-12-07,1,0.534533,0.424504,0.412178,0.401205,0.377463,0.367563,0.379896,0.404587,0.389041
2024020434,2024-12-07,1,0.534533,0.51523,0.62058,0.588623,0.577445,0.588379,0.61866,0.613974,0.608484
2024020435,2024-12-07,1,0.534533,0.635559,0.685414,0.699438,0.658129,0.678286,0.69941,0.683382,0.683817
2024020442,2024-12-08,1,0.534533,0.664761,0.623752,0.673566,0.684466,0.67908,0.651923,0.63392,0.639353
2024020441,2024-12-08,0,0.534533,0.472788,0.428747,0.409288,0.427309,0.40844,0.410293,0.42586,0.41708
2024020439,2024-12-08,0,0.534533,0.716095,0.571671,0.624133,0.614265,0.623876,0.605832,0.581593,0.596627
2024020440,2024-12-08,0,0.534533,0.526208,0.611708,0.592984,0.60277,0.607709,0.618012,0.610352,0.607885
2024020437,2024-12-08,0,0.534533,0.513008,0.467942,0.498993,0.488684,0.501779,0.47668,0.473912,0.478033
2024020436,2024-12-08,0,0.534533,0.650051,0.589473,0.595573,0.620788,0.608563,0.606085,0.593508,0.596862
2024020438,2024-12-08,0,0.534533,0.544785,0.568891,0.58577,0.548171,0.543702,0.557562,0.564386,0.552186
2024020443,2024-12-09,0,0.534533,0.563585,0.573515,0.581139,0.591822,0.589337,0.583138,0.576309,0.575704
2024020444,2024-12-09,0,0.534533,0.74888,0.628421,0.692145,0.66874,0.653893,0.646811,0.63402,0.634596
2024020445,2024-12-09,1,0.534533,0.57172,0.557137,0.533323,0.577969,0.568799,0.568777,0.559501,0.562492
2024020456,2024-12-10,0,0.534009,0.383905,0.380584,0.366432,0.357304,0.362829,0.358232,0.375822,0.368976
2024020455,2024-12-10,0,0.534009,0.589969,0.602019,0.612611,0.608892,0.606278,0.609029,0.603251,0.599581
2024020454,2024-12-10,0,0.534009,0.490124,0.514182,0.4771,0.482618,0.487959,0.506632,0.507346,0.505478
2024020453,2024-12-10,1,0.534009,0.556643,0.555053,0.577843,0.582514,0.57399,0.561355,0.560316,0.555671
2024020451,2024-12-10,0,0.534009,0.528962,0.479493,0.440952,0.474144,0.468227,0.476613,0.477129,0.477971
2024020452,2024-12-10,1,0.534009,0.579261,0.493398,0.550835,0.518698,0.529589,0.497642,0.501559,0.497241
2024020449,2024-12-10,0,0.534009,0.528763,0.530987,0.579552,0.53646,0.530813,0.518623,0.531338,0.516467
2024020448,2024-12-10,1,0.534009,0.800181,0.787312,0.738106,0.734125,0.746774,0.801861,0.776438,0.782193
2024020447,2024-12-10,0,0.534009,0.440633,0.456838,0.399437,0.428121,0.424425,0.443357,0.449107,0.447473
2024020446,2024-12-10,0,0.534009,0.50896,0.554504,0.557141,0.520044,0.519143,0.536622,0.54585,0.532969
2024020450,2024-12-10,0,0.534009,0.461037,0.375641,0.425501,0.417388,0.406854,0.363841,0.38407,0.374178
2024020457,2024-12-11,0,0.534009,0.446079,0.509588,0.503093,0.518698,0.518614,0.511504,0.511819,0.509943
2024020458,2024-12-11,1,0.534009,0.644368,0.686199,0.672729,0.694841,0.699304,0.711468,0.689118,0.6952
2024020467,2024-12-12,0,0.534009,0.491932,0.481017,0.454288,0.443142,0.443549,0.461543,0.471754,0.464157
2024020471,2024-12-12,1,0.534009,0.441754,0.418372,0.384559,0.416999,0.416971,0.412816,0.418029,0.419403
2024020472,2024-12-12,1,0.534009,0.464347,0.410566,0.427975,0.428,0.448188,0.415432,0.418431,0.421811
2024020470,2024-12-12,0,0.534009,0.439525,0.477123,0.463527,0.453876,0.471585,0.471752,0.474522,0.473516
2024020469,2024-12-12,0,0.534009,0.606718,0.570594,0.560521,0.585925,0.578107,0.581079,0.572991,0.573809
2024020468,2024-12-12,0,0.534009,0.571061,0.546934,0.596108,0.569477,0.570252,0.549982,0.552627,0.545227
2024020466,2024-12-12,0,0.534009,0.68497,0.693904,0.723784,0.721535,0.728028,0.722096,0.701862,0.705269
2024020460,2024-12-12,0,0.534009,0.469908,0.447602,0.424071,0.431626,0.447366,0.445125,0.446445,0.449095
2024020464,2024-12-12,1,0.534009,0.653783,0.607316,0.660413,0.675645,0.666388,0.634862,0.622523,0.623496
2024020463,2024-12-12,0,0.534009,0.400067,0.399165,0.438048,0.416627,0.436423,0.396522,0.406967,0.404392
2024020462,2024-12-12,1,0.534009,0.515644,0.498407,0.513189,0.514016,0.514126,0.499534,0.502274,0.498975
2024020461,2024-12-12,1,0.534009,0.516711,0.501379,0.520426,0.529137,0.527949,0.507405,0.508011,0.506186
2024020459,2024-12-12,1,0.534009,0.736234,0.743982,0.719958,0.732997,0.745134,0.770792,0.74342,0.751909
2024020465,2024-12-12,0,0.534009,0.701252,0.631345,0.614111,0.649051,0.631256,0.645802,0.632564,0.633657
2024020473,2024-12-13,0,0.534009,0.680434,0.643002,0.604805,0.637484,0.633623,0.659142,0.640959,0.638934
2024020482,2024-12-14,1,0.534009,0.731007,0.656957,0.650057,0.654957,0.644111,0.66599,0.654547,0.64569
2024020488,2024-12-14,0,0.534009,0.434482,0.425482,0.406677,0.401207,0.394165,0.400375,0.418254,0.389335
2024020487,2024-12-14,0,0.534009,0.346873,0.385174,0.323576,0.365481,0.351135,0.36269,0.377784,0.353538
2024020486,2024-12-14,0,0.534009,0.550339,0.459957,0.487683,0.46873,0.489843,0.465006,0.46585,0.45092
2024020484,2024-12-14,1,0.534009,0.626329,0.592033,0.626766,0.634581,0.609491,0.597876,0.598087,0.578936
2024020483,2024-12-14,1,0.534009,0.653787,0.700488,0.736863,0.719296,0.727,0.722956,0.706485,0.702338
2024020481,2024-12-14,0,0.534009,0.602807,0.622845,0.613441,0.6198,0.617552,0.631531,0.621697,0.6118
2024020485,2024-12-14,1,0.534009,0.385801,0.424681,0.37551,0.395123,0.397868,0.408889,0.41788,0.397432
2024020479,2024-12-14,1,0.534009,0.416945,0.431549,0.396347,0.393384,0.392211,0.406707,0.421934,0.395357
2024020478,2024-12-14,1,0.534009,0.546132,0.49811,0.558141,0.539548,0.528835,0.496195,0.506431,0.480768
2024020477,2024-12-14,1,0.534009,0.57293,0.594241,0.596497,0.614041,0.608471,0.607013,0.598137,0.587837
2024020480,2024-12-14,1,0.534009,0.617806,0.593498,0.631433,0.625322,0.621648,0.606552,0.600693,0.587388
2024020476,2024-12-14,1,0.534009,0.632159,0.626679,0.623374,0.615942,0.603193,0.624468,0.621779,0.604885
2024020475,2024-12-14,0,0.534009,0.559883,0.461181,0.450467,0.484641,0.486065,0.470664,0.467216,0.456327
2024020474,2024-12-14,1,0.534009,0.719033,0.726787,0.759439,0.732496,0.748201,0.750941,0.730969,0.730497
2024020493,2024-12-15,0,0.534009,0.519703,0.513856,0.542442,0.550514,0.554914,0.527211,0.52367,0.510558
2024020492,2024-12-15,1,0.534009,0.456928,0.426903,0.430299,0.45414,0.431204,0.414368,0.429564,0.402644
2024020491,2024-12-15,1,0.534009,0.724084,0.745718,0.702646,0.711943,0.712685,0.758639,0.737524,0.738285
2024020490,2024-12-15,1,0.534009,0.627059,0.561827,0.603828,0.603148,0.629765,0.596046,0.576716,0.577154
2024020489,2024-12-15,1,0.534009,0.40477,0.353024,0.36917,0.371986,0.357153,0.331621,0.355077,0.324057
2024020494,2024-12-16,1,0.534009,0.58208,0.617853,0.641667,0.627758,0.634792,0.630683,0.621538,0.610969
2024020495,2024-12-16,0,0.534009,0.544966,0.51215,0.567724,0.54463,0.542389,0.51321,0.51976,0.497096
2024020496,2024-12-16,1,0.534009,0.500514,0.48685,0.448588,0.454151,0.455624,0.474197,0.47905,0.459705
2024020506,2024-12-17,0,0.534009,0.267822,0.335873,0.412676,0.414633,0.424319,0.341185,0.356998,0.333131
2024020505,2024-12-17,0,0.534009,0.519191,0.472687,0.467364,0.461845,0.47206,0.468614,0.47182,0.454367
2024020504,2024-12-17,0,0.534009,0.47154,0.452347,0.415656,0.45155,0.451625,0.451454,0.452164,0.43798
2024020503,2024-12-17,1,0.534009,0.329911,0.364761,0.329367,0.36591,0.365488,0.353961,0.364969,0.345253
2024020502,2024-12-17,1,0.534009,0.446372,0.462573,0.48297,0.484714,0.48948,0.463834,0.468873,0.4498
2024020498,2024-12-17,1,0.534009,0.706713,0.667509,0.68355,0.707474,0.694004,0.691503,0.674979,0.670958
2024020500,2024-12-17,1,0.534009,0.684491,0.701483,0.70261,0.719498,0.710638,0.721883,0.704358,0.701263
2024020499,2024-12-17,1,0.534009,0.449809,0.431386,0.434504,0.46232,0.456989,0.432092,0.438069,0.419519
2024020497,2024-12-17,1,0.534009,0.454467,0.452237,0.403652,0.457847,0.449268,0.451628,0.452104,0.438146
2024020501,2024-12-17,0,0.534009,0.477774,0.394328,0.372916,0.412001,0.412997,0.395245,0.39886,0.384459
2024020507,2024-12-18,1,0.534009,0.553916,0.539961,0.551865,0.542415,0.547481,0.542758,0.541461,0.525537
2024020508,2024-12-18,0,0.534009,0.58217,0.602884,0.62283,0.59678,0.590891,0.598764,0.600339,0.5798
2024020509,2024-12-18,0,0.534009,0.469477,0.438234,0.454278,0.427506,0.424866,0.417015,0.435123,0.405163
2024020510,2024-12-18,1,0.534009,0.509677,0.553619,0.544434,0.516736,0.518243,0.538648,0.544794,0.521574
2024020511,2024-12-18,1,0.534009,0.294707,0.410005,0.40267,0.419157,0.419631,0.399859,0.412345,0.388845
2024020518,2024-12-19,1,0.534009,0.602863,0.538059,0.576334,0.5565,0.551126,0.53751,0.541655,0.520477
2024020520,2024-12-19,0,0.534009,0.297685,0.343965,0.359027,0.356093,0.348159,0.320581,0.345552,0.313582
2024020519,2024-12-19,1,0.534009,0.569197,0.629049,0.581133,0.604878,0.601968,0.634803,0.622577,0.615008
2024020517,2024-12-19,0,0.534009,0.512527,0.499385,0.497809,0.483625,0.489096,0.491193,0.496467,0.475974
2024020516,2024-12-19,1,0.534009,0.423257,0.394866,0.357597,0.375987,0.372158,0.376197,0.389536,0.366362
2024020515,2024-12-19,0,0.534009,0.533764,0.522271,0.49217,0.489805,0.496367,0.515186,0.515428,0.498994
2024020514,2024-12-19,1,0.534009,0.388413,0.369483,0.383683,0.371906,0.388693,0.360259,0.373047,0.351231
2024020513,2024-12-19,0,0.534009,0.418594,0.332278,0.333171,0.341725,0.308094,0.296779,0.328663,0.290998
2024020512,2024-12-19,1,0.534009,0.646292,0.66819,0.695121,0.693785,0.698243,0.69222,0.675287,0.671671
2024020521,2024-12-20,0,0.534009,0.414847,0.457166,0.469219,0.405062,0.424002,0.429186,0.44767,0.416751
2024020522,2024-12-20,0,0.534009,0.604003,0.58531,0.592669,0.611853,0.606254,0.600377,0.590863,0.581371
2024020523,2024-12-20,1,0.534009,0.677103,0.760285,0.70201,0.740351,0.744185,0.783945,0.756049,0.764031
2024020524,2024-12-20,1,0.534009,0.463495,0.472383,0.467628,0.469731,0.463364,0.46068,0.470604,0.446787
2024020525,2024-12-20,0,0.534009,0.593047,0.627766,0.628112,0.622204,0.627328,0.637733,0.627301,0.617881
2024020526,2024-12-20,0,0.534009,0.553731,0.537502,0.535262,0.557857,0.554824,0.547605,0.541983,0.530214
2024020527,2024-12-20,0,0.534009,0.331954,0.440342,0.409245,0.393236,0.400072,0.413649,0.429939,0.40196
2024020538,2024-12-21,1,0.534009,0.651924,0.580395,0.561081,0.610169,0.597302,0.599286,0.58546,0.580308
2024020537,2024-12-21,0,0.534009,0.567105,0.466378,0.472969,0.493595,0.494358,0.474081,0.473222,0.459595
2024020536,2024-12-21,1,0.534009,0.601084,0.584858,0.530612,0.554472,0.55842,0.590014,0.578066,0.571288
2024020535,2024-12-21,1,0.534009,0.55302,0.56485,0.587407,0.583231,0.575071,0.56746,0.567938,0.549409
2024020534,2024-12-21,1,0.534009,0.598302,0.650353,0.651378,0.631084,0.639001,0.656726,0.647003,0.636554
2024020533,2024-12-21,1,0.534009,0.476403,0.4678,0.478252,0.450968,0.445489,0.445612,0.462683,0.432407
2024020532,2024-12-21,0,0.534009,0.656536,0.533491,0.639521,0.667994,0.643441,0.567849,0.562306,0.549785
2024020531,2024-12-21,1,0.534009,0.628415,0.70763,0.674695,0.66802,0.673459,0.714448,0.698827,0.693823
2024020530,2024-12-21,1,0.534009,0.797242,0.754949,0.746128,0.725861,0.741766,0.773691,0.75059,0.753572
2024020529,2024-12-21,1,0.534009,0.643576,0.669402,0.661985,0.68744,0.695038,0.699123,0.675191,0.678536
2024020528,2024-12-21,1,0.534009,0.44476,0.437107,0.474017,0.453617,0.469368,0.436213,0.44396,0.423446
2024020544,2024-12-22,1,0.534009,0.644401,0.588573,0.654648,0.658813,0.660277,0.619323,0.606145,0.599854
2024020543,2024-12-22,1,0.534009,0.653179,0.660196,0.621836,0.669235,0.665043,0.684151,0.661683,0.663661
2024020542,2024-12-22,0,0.534009,0.695521,0.658891,0.660304,0.673908,0.661752,0.6732,0.660444,0.652815
2024020540,2024-12-22,0,0.534009,0.507657,0.490461,0.436711,0.45192,0.441987,0.471531,0.479206,0.457156
2024020539,2024-12-22,0,0.534009,0.475137,0.407997,0.373654,0.411266,0.402231,0.399201,0.407206,0.388219
2024020541,2024-12-22,1,0.534009,0.538613,0.575036,0.520471,0.534399,0.537079,0.571861,0.565493,0.553671
2024020552,2024-12-23,0,0.534009,0.560106,0.528113,0.592517,0.558642,0.561014,0.530838,0.536057,0.514049
2024020556,2024-12-23,0,0.534009,0.454598,0.332333,0.380509,0.39204,0.379829,0.325634,0.344892,0.318376
2024020555,2024-12-23,1,0.534009,0.734849,0.651843,0.631393,0.66561,0.659965,0.674868,0.654239,0.654466
2024020554,2024-12-23,1,0.534009,0.696406,0.689012,0.746657,0.716091,0.722026,0.70985,0.696736,0.68923
2024020553,2024-12-23,1,0.534009,0.387993,0.422213,0.36848,0.369429,0.348976,0.379832,0.405588,0.369815
2024020551,2024-12-23,1,0.534009,0.533179,0.511515,0.515546,0.531416,0.523923,0.514192,0.515097,0.498039
2024020557,2024-12-23,1,0.534009,0.738636,0.712511,0.692769,0.709379,0.716572,0.73824,0.71301,0.717687
2024020549,2024-12-23,0,0.534009,0.576565,0.549594,0.576603,0.570483,0.551053,0.544471,0.551309,0.527189
2024020548,2024-12-23,0,0.534009,0.513876,0.527401,0.534739,0.525655,0.528809,0.525725,0.527528,0.509128
2024020547,2024-12-23,1,0.534009,0.518251,0.620586,0.576902,0.602209,0.606534,0.631024,0.616821,0.611304
2024020546,2024-12-23,0,0.534009,0.499399,0.52206,0.550965,0.546675,0.532812,0.517651,0.525678,0.501363
2024020545,2024-12-23,1,0.534009,0.534891,0.662777,0.595931,0.606987,0.607043,0.660575,0.649036,0.640348
2024020550,2024-12-23,1,0.534009,0.578173,0.514267,0.511485,0.530374,0.521828,0.517154,0.516727,0.500885
2024020565,2024-12-27,0,0.534293,0.274484,0.339291,0.396821,0.402626,0.416569,0.342629,0.350464,0.334014
2024020564,2024-12-27,0,0.534293,0.472979,0.470821,0.48051,0.469727,0.471962,0.460014,0.470986,0.45488
2024020563,2024-12-27,0,0.534293,0.61002,0.634443,0.666302,0.641889,0.643878,0.64018,0.635807,0.64156
2024020562,2024-12-27,1,0.534293,0.533199,0.486411,0.487551,0.485098,0.495006,0.482786,0.487654,0.478449
2024020561,2024-12-27,1,0.534293,0.393443,0.330429,0.311875,0.346819,0.344624,0.322476,0.332481,0.313417
2024020560,2024-12-27,1,0.534293,0.481791,0.527253,0.522632,0.533251,0.543626,0.536835,0.52962,0.534464
2024020559,2024-12-27,0,0.534293,0.413882,0.434792,0.428897,0.421937,0.429203,0.420769,0.433984,0.414334
2024020558,2024-12-27,1,0.534293,0.636617,0.627448,0.669652,0.691354,0.684182,0.659209,0.635651,0.661234
2024020576,2024-12-28,0,0.534293,0.368515,0.287365,0.325771,0.329764,0.310628,0.265032,0.290729,0.255059
2024020575,2024-12-28,1,0.534293,0.508711,0.536267,0.536136,0.504062,0.52062,0.524496,0.534005,0.521671
2024020574,2024-12-28,1,0.534293,0.645603,0.563531,0.577093,0.586565,0.588086,0.575193,0.567081,0.574241
2024020572,2024-12-28,1,0.534293,0.595207,0.624658,0.562889,0.612855,0.601723,0.643902,0.621342,0.64541
2024020571,2024-12-28,0,0.534293,0.548141,0.426897,0.507857,0.467709,0.477547,0.413256,0.43422,0.406586
2024020573,2024-12-28,1,0.534293,0.576385,0.509911,0.522053,0.528946,0.500188,0.500232,0.508505,0.496522
2024020569,2024-12-28,1,0.534293,0.463763,0.471016,0.512573,0.484779,0.488168,0.458959,0.473496,0.453789
2024020568,2024-12-28,0,0.534293,0.469012,0.445484,0.469877,0.456953,0.457618,0.433273,0.447238,0.427241
2024020567,2024-12-28,0,0.534293,0.618974,0.556417,0.54219,0.550861,0.540015,0.554349,0.554046,0.552626
2024020566,2024-12-28,0,0.534293,0.732083,0.733297,0.777094,0.732162,0.745012,0.742224,0.734991,0.746683
2024020570,2024-12-28,1,0.534293,0.651943,0.673963,0.705407,0.717558,0.716312,0.704462,0.680086,0.707905
2024020585,2024-12-29,1,0.534293,0.656118,0.607678,0.663475,0.675886,0.653829,0.627651,0.61435,0.628595
2024020584,2024-12-29,1,0.534293,0.643818,0.612009,0.644649,0.662656,0.662762,0.639985,0.619346,0.641359
2024020582,2024-12-29,0,0.534293,0.562407,0.506894,0.592756,0.550875,0.551995,0.499656,0.513415,0.495924
2024020581,2024-12-29,1,0.534293,0.547461,0.488702,0.503113,0.500829,0.476341,0.473569,0.486915,0.468907
2024020583,2024-12-29,0,0.534293,0.570637,0.596526,0.595606,0.585955,0.587429,0.598525,0.595211,0.598427
2024020579,2024-12-29,1,0.534293,0.404763,0.496706,0.412831,0.438211,0.436324,0.486399,0.487976,0.482191
2024020578,2024-12-29,1,0.534293,0.283387,0.295838,0.363352,0.365398,0.359427,0.286717,0.305032,0.277022
2024020577,2024-12-29,0,0.534293,0.295317,0.267562,0.305794,0.349485,0.345376,0.272132,0.278812,0.26224
2024020580,2024-12-29,0,0.534293,0.710584,0.654737,0.720668,0.720843,0.725875,0.686998,0.665022,0.689917
2024020586,2024-12-30,1,0.534293,0.606562,0.661294,0.627697,0.638482,0.631676,0.670859,0.657012,0.673266
2024020587,2024-12-30,1,0.534293,0.671863,0.579326,0.577239,0.581477,0.570509,0.579749,0.578051,0.578965
2024020588,2024-12-30,1,0.534293,0.47881,0.498032,0.542008,0.499501,0.508409,0.48341,0.499532,0.479096
2024020597,2024-12-31,1,0.534293,0.496309,0.562564,0.55386,0.539478,0.53955,0.55589,0.559237,0.554225
2024020600,2024-12-31,1,0.534293,0.483937,0.549041,0.550763,0.539206,0.547316,0.548718,0.548791,0.546787
2024020599,2024-12-31,0,0.534293,0.409072,0.390115,0.391255,0.385928,0.392768,0.37328,0.390498,0.365442
2024020598,2024-12-31,1,0.534293,0.342428,0.321301,0.33604,0.357334,0.36519,0.317457,0.327646,0.308297
2024020601,2024-12-31,1,0.534293,0.641941,0.658893,0.647011,0.680659,0.677245,0.688163,0.661546,0.691117
2024020596,2024-12-31,1,0.534293,0.588401,0.614253,0.564746,0.576498,0.575635,0.617459,0.60867,0.618042
2024020592,2024-12-31,0,0.534293,0.395812,0.396425,0.327213,0.366821,0.357286,0.382718,0.390766,0.37514
2024020594,2024-12-31,1,0.534293,0.343722,0.326432,0.326926,0.348636,0.334509,0.310718,0.3276,0.301427
2024020593,2024-12-31,1,0.534293,0.500079,0.527591,0.514316,0.496411,0.500093,0.51429,0.523616,0.511091
2024020591,2024-12-31,0,0.534293,0.689079,0.648592,0.707613,0.707702,0.702327,0.673665,0.656361,0.676163
2024020590,2024-12-31,1,0.534293,0.634594,0.577294,0.59312,0.584663,0.583379,0.579405,0.578174,0.578607
2024020589,2024-12-31,1,0.534293,0.544897,0.494435,0.51619,0.498919,0.513734,0.490247,0.497226,0.486176
2024020595,2024-12-31,1,0.534293,0.663871,0.682857,0.715044,0.711254,0.710017,0.704394,0.686784,0.707836
2024020602,2025-01-01,1,0.534293,0.539446,0.53807,0.505336,0.517138,0.52677,0.541032,0.536436,0.538817
2024020613,2025-01-02,0,0.534293,0.475883,0.51106,0.498397,0.505029,0.501294,0.507764,0.509648,0.504326
2024020612,2025-01-02,1,0.534293,0.682941,0.605317,0.630327,0.627435,0.60828,0.608072,0.605746,0.608319
2024020611,2025-01-02,0,0.534293,0.522182,0.537857,0.538529,0.519669,0.528519,0.530908,0.536507,0.528319
2024020610,2025-01-02,1,0.534293,0.658369,0.622492,0.645487,0.664211,0.657463,0.646202,0.627548,0.647789
2024020609,2025-01-02,0,0.534293,0.759007,0.675754,0.682491,0.691516,0.678727,0.690786,0.676184,0.693821
2024020614,2025-01-02,1,0.534293,0.253816,0.284994,0.33755,0.367011,0.365677,0.288589,0.296659,0.278923
2024020607,2025-01-02,0,0.534293,0.42566,0.471086,0.487541,0.439906,0.482652,0.458371,0.472759,0.453181
2024020606,2025-01-02,0,0.534293,0.509786,0.458016,0.466495,0.460888,0.450616,0.442158,0.456946,0.436419
2024020605,2025-01-02,0,0.534293,0.569351,0.565128,0.598215,0.581809,0.570305,0.561953,0.565876,0.560512
2024020604,2025-01-02,1,0.534293,0.521853,0.44716,0.41587,0.463631,0.463811,0.456314,0.449567,0.451054
2024020603,2025-01-02,0,0.534293,0.53904,0.543119,0.54911,0.532214,0.543028,0.540031,0.543106,0.537779
2024020608,2025-01-02,1,0.534293,0.635214,0.642192,0.687637,0.661562,0.668276,0.652937,0.645963,0.654752
2024020619,2025-01-03,0,0.534293,0.590535,0.42214,0.471941,0.471951,0.454796,0.411339,0.426861,0.404609
2024020618,2025-01-03,1,0.534293,0.7522,0.75081,0.724355,0.743089,0.761774,0.782903,0.752395,0.788225
2024020617,2025-01-03,1,0.534293,0.524198,0.566385,0.556633,0.538041,0.552432,0.563173,0.564367,0.561777
2024020616,2025-01-03,1,0.534293,0.43032,0.440547,0.405126,0.434118,0.421936,0.432582,0.437856,0.426528
2024020615,2025-01-03,1,0.534293,0.663203,0.62964,0.764083,0.714187,0.729518,0.649908,0.64408,0.651621
2024020630,2025-01-04,1,0.534293,0.662095,0.613696,0.647717,0.668947,0.648166,0.634516,0.618679,0.635701
2024020631,2025-01-04,0,0.534293,0.377094,0.465968,0.352987,0.389789,0.391446,0.453302,0.455193,0.447939
2024020629,2025-01-04,1,0.534293,0.510227,0.528591,0.531401,0.518461,0.529578,0.525757,0.528734,0.522979
2024020628,2025-01-04,1,0.534293,0.643674,0.667836,0.723357,0.711986,0.71771,0.692759,0.675047,0.695853
2024020627,2025-01-04,0,0.534293,0.532447,0.586813,0.53854,0.544195,0.559736,0.591231,0.582898,0.590867
2024020626,2025-01-04,0,0.534293,0.690309,0.698555,0.677749,0.6959,0.692935,0.719711,0.697743,0.723586
2024020621,2025-01-04,0,0.534293,0.685029,0.586799,0.59642,0.603596,0.597509,0.594965,0.588348,0.594737
2024020624,2025-01-04,0,0.534293,0.614228,0.61497,0.594513,0.599666,0.589643,0.617422,0.611308,0.618004
2024020623,2025-01-04,1,0.534293,0.564184,0.481656,0.516049,0.509815,0.509516,0.478744,0.485684,0.474264
2024020622,2025-01-04,1,0.534293,0.29922,0.263536,0.298844,0.342881,0.342521,0.268684,0.274955,0.258752
2024020620,2025-01-04,1,0.534293,0.561728,0.59073,0.575967,0.60679,0.604306,0.611228,0.592693,0.611588
2024020625,2025-01-04,1,0.534293,0.45629,0.48446,0.449601,0.476479,0.473084,0.484575,0.482815,0.480302
2024020635,2025-01-05,1,0.534293,0.672937,0.491502,0.58612,0.580775,0.570462,0.499774,0.502918,0.496047
2024020634,2025-01-05,1,0.534293,0.664453,0.623158,0.651695,0.659455,0.631594,0.632179,0.624378,0.633281
2024020636,2025-01-05,1,0.534293,0.327499,0.398647,0.352632,0.385244,0.392431,0.395497,0.397749,0.388288
2024020632,2025-01-05,0,0.534293,0.353955,0.4489,0.385549,0.401705,0.41998,0.441909,0.444719,0.436162
2024020633,2025-01-05,0,0.534293,0.617297,0.550227,0.616262,0.568105,0.553744,0.531786,0.550735,0.52923
2024020637,2025-01-06,1,0.534293,0.428792,0.418373,0.385126,0.417889,0.402204,0.408924,0.416036,0.402119
2024020638,2025-01-06,1,0.534293,0.460791,0.479361,0.439333,0.488738,0.469296,0.484019,0.477906,0.479726
2024020639,2025-01-06,1,0.534293,0.51889,0.463551,0.45754,0.468874,0.464926,0.457518,0.46375,0.452299
2024020640,2025-01-06,0,0.534293,0.445469,0.360168,0.340973,0.396985,0.392968,0.366008,0.36491,0.357975
2024020649,2025-01-07,0,0.535146,0.26203,0.324053,0.397622,0.393315,0.405506,0.332909,0.340878,0.324073
2024020648,2025-01-07,0,0.535146,0.453969,0.402236,0.396354,0.417368,0.414439,0.396933,0.404757,0.389767
2024020647,2025-01-07,1,0.535146,0.647394,0.581379,0.610275,0.604471,0.611056,0.594949,0.587509,0.594721
2024020645,2025-01-07,0,0.535146,0.576824,0.561052,0.536709,0.595898,0.580128,0.581331,0.564992,0.580605
2024020646,2025-01-07,1,0.535146,0.591242,0.562214,0.565261,0.555465,0.560415,0.562756,0.561843,0.561345
2024020643,2025-01-07,0,0.535146,0.454227,0.393522,0.373383,0.416958,0.407783,0.392712,0.396468,0.385421
2024020642,2025-01-07,1,0.535146,0.505498,0.499553,0.557849,0.4989,0.519479,0.491017,0.503669,0.486974
2024020641,2025-01-07,0,0.535146,0.444856,0.475415,0.49849,0.491008,0.503506,0.482559,0.481217,0.478214
2024020029,2025-01-07,1,0.535146,0.505408,0.476488,0.477955,0.477545,0.468182,0.460526,0.474772,0.45541
2024020644,2025-01-07,0,0.535146,0.388546,0.512901,0.538069,0.502242,0.521572,0.513642,0.514692,0.510419
2024020650,2025-01-08,1,0.535146,0.588398,0.610388,0.626057,0.630054,0.630465,0.625721,0.614535,0.626597
2024020651,2025-01-08,1,0.535146,0.288031,0.339897,0.359904,0.366809,0.36562,0.330804,0.345211,0.321922
2024020652,2025-01-08,0,0.535146,0.432702,0.436799,0.361258,0.386795,0.365306,0.401098,0.422031,0.394056
2024020660,2025-01-09,1,0.535146,0.518653,0.494172,0.510631,0.504894,0.508744,0.493278,0.497182,0.489316
2024020663,2025-01-09,0,0.535146,0.67427,0.594825,0.619126,0.649659,0.631059,0.609197,0.60231,0.609485
2024020662,2025-01-09,0,0.535146,0.501356,0.561488,0.505202,0.484606,0.48695,0.536953,0.546091,0.534587
2024020661,2025-01-09,1,0.535146,0.63893,0.636389,0.677989,0.690777,0.696368,0.672721,0.648779,0.675188
2024020659,2025-01-09,1,0.535146,0.558375,0.62214,0.589183,0.592931,0.587447,0.619868,0.614974,0.620537
2024020656,2025-01-09,1,0.535146,0.520844,0.393534,0.383781,0.448372,0.437475,0.406792,0.402611,0.399923
2024020657,2025-01-09,0,0.535146,0.346841,0.378303,0.371035,0.410359,0.412282,0.388946,0.385322,0.381547
2024020655,2025-01-09,1,0.535146,0.592911,0.565093,0.579435,0.579013,0.57277,0.565101,0.566679,0.563776
2024020654,2025-01-09,0,0.535146,0.560118,0.557019,0.585159,0.578829,0.564769,0.549222,0.55862,0.54731
2024020658,2025-01-09,1,0.535146,0.371412,0.372135,0.33544,0.364887,0.376402,0.375947,0.373017,0.368181
2024020664,2025-01-10,1,0.535146,0.652537,0.65785,0.724441,0.717103,0.717618,0.684502,0.670196,0.685143
2024020665,2025-01-10,0,0.535146,0.653925,0.632434,0.684521,0.690089,0.68791,0.658475,0.643893,0.66084
2024020666,2025-01-10,1,0.535146,0.636278,0.574279,0.679851,0.67097,0.64209,0.572478,0.588286,0.580748
2024020667,2025-01-10,0,0.535146,0.573022,0.505758,0.516299,0.524621,0.525875,0.510646,0.509914,0.523092
2024020668,2025-01-10,1,0.535146,0.711406,0.686545,0.702314,0.707174,0.703663,0.704525,0.690081,0.703885
2024020678,2025-01-11,1,0.535146,0.540847,0.47185,0.493454,0.457141,0.467553,0.454503,0.470963,0.470475
2024020683,2025-01-11,0,0.535146,0.30445,0.255248,0.367064,0.357867,0.335683,0.236393,0.271864,0.260204
2024020682,2025-01-11,0,0.535146,0.590698,0.587338,0.619741,0.629744,0.627392,0.606351,0.595612,0.61228
2024020681,2025-01-11,1,0.535146,0.430932,0.516547,0.440731,0.449279,0.447658,0.498135,0.502317,0.511395
2024020680,2025-01-11,0,0.535146,0.559118,0.470971,0.553409,0.542707,0.536842,0.472866,0.484578,0.487723
2024020679,2025-01-11,0,0.535146,0.456448,0.560478,0.519078,0.520931,0.543368,0.574935,0.556943,0.583035
2024020677,2025-01-11,0,0.535146,0.588676,0.602427,0.60224,0.623764,0.622214,0.622295,0.606515,0.627124
2024020674,2025-01-11,1,0.535146,0.490886,0.567213,0.58132,0.554632,0.562706,0.565041,0.566282,0.573822
2024020675,2025-01-11,1,0.535146,0.58168,0.608121,0.571559,0.609242,0.605659,0.627079,0.607612,0.631579
2024020676,2025-01-11,0,0.535146,0.272734,0.233067,0.332047,0.338542,0.322952,0.224167,0.251635,0.247967
2024020669,2025-01-11,0,0.535146,0.62604,0.626667,0.65363,0.637984,0.604423,0.600747,0.622072,0.607063
2024020670,2025-01-11,0,0.535146,0.571612,0.542125,0.585976,0.563898,0.567502,0.54266,0.547367,0.552968
2024020673,2025-01-11,0,0.535146,0.363268,0.278458,0.28967,0.321744,0.289863,0.249789,0.280814,0.273537
2024020672,2025-01-11,0,0.535146,0.606077,0.60834,0.605054,0.595243,0.596646,0.609101,0.605925,0.61484
2024020671,2025-01-11,0,0.535146,0.528414,0.47116,0.505347,0.509182,0.512221,0.478073,0.479642,0.492607
2024020684,2025-01-12,1,0.535146,0.556465,0.648067,0.598127,0.615481,0.624578,0.666038,0.643215,0.667896
2024020685,2025-01-12,1,0.535146,0.399243,0.383019,0.372923,0.364012,0.344939,0.340156,0.375153,0.36179
2024020686,2025-01-12,0,0.535146,0.413911,0.39002,0.358996,0.379401,0.346257,0.348189,0.38098,0.369516
2024020687,2025-01-12,0,0.535146,0.758514,0.777359,0.734638,0.750012,0.76451,0.8068,0.774705,0.800655
2024020688,2025-01-12,1,0.535146,0.574288,0.547969,0.567698,0.570068,0.552983,0.539439,0.549004,0.549965
2024020689,2025-01-13,1,0.535146,0.364702,0.38896,0.367899,0.395551,0.410413,0.40087,0.393392,0.419813
2024020690,2025-01-13,0,0.535146,0.401981,0.370404,0.363352,0.368781,0.369302,0.355045,0.370176,0.376098
2024020691,2025-01-13,1,0.535146,0.588757,0.566223,0.534573,0.589429,0.570975,0.579274,0.567204,0.587075
2024020704,2025-01-14,0,0.535146,0.579069,0.57408,0.567081,0.579733,0.572011,0.57687,0.573652,0.584836
2024020703,2025-01-14,1,0.535146,0.58672,0.547875,0.565864,0.562767,0.559751,0.548122,0.550328,0.558059
2024020702,2025-01-14,1,0.535146,0.631066,0.604009,0.596622,0.616558,0.59318,0.599528,0.601772,0.605929
2024020701,2025-01-14,1,0.535146,0.418699,0.455624,0.431997,0.423569,0.428288,0.439356,0.449977,0.456213
2024020700,2025-01-14,1,0.535146,0.54399,0.569215,0.519138,0.547064,0.550728,0.580597,0.565396,0.588306
2024020699,2025-01-14,0,0.535146,0.516756,0.517724,0.579596,0.533494,0.546941,0.514309,0.52376,0.526513
2024020697,2025-01-14,1,0.535146,0.717223,0.683271,0.711056,0.718715,0.728417,0.718937,0.692596,0.717405
2024020696,2025-01-14,0,0.535146,0.547509,0.526012,0.535075,0.565618,0.561431,0.543725,0.533329,0.553961
2024020695,2025-01-14,0,0.535146,0.483282,0.568045,0.529826,0.523747,0.526249,0.559923,0.559411,0.569055
2024020693,2025-01-14,0,0.535146,0.477071,0.41682,0.365514,0.4107,0.405687,0.414531,0.41452,0.432762
2024020692,2025-01-14,1,0.535146,0.468229,0.484269,0.485657,0.473101,0.469009,0.466681,0.481117,0.481918
2024020698,2025-01-14,1,0.535146,0.545669,0.500506,0.43938,0.486796,0.487077,0.510427,0.497732,0.522886
2024020694,2025-01-14,0,0.535146,0.705246,0.703736,0.720585,0.710024,0.707546,0.714308,0.704523,0.713059
2024020705,2025-01-15,1,0.535146,0.393976,0.361621,0.332491,0.347254,0.348477,0.346281,0.358906,0.367682
2024020706,2025-01-15,0,0.535146,0.448788,0.432151,0.395002,0.417986,0.417893,0.425565,0.429206,0.443198
2024020719,2025-01-16,0,0.535146,0.473756,0.448898,0.446504,0.440799,0.446866,0.439957,0.448478,0.456779
2024020714,2025-01-16,1,0.535146,0.676923,0.700537,0.754922,0.7337,0.739992,0.722922,0.708687,0.721148
2024020718,2025-01-16,0,0.535146,0.497335,0.523679,0.456912,0.479132,0.480737,0.519845,0.514809,0.531684
2024020717,2025-01-16,0,0.535146,0.482031,0.496821,0.501635,0.503499,0.510731,0.502033,0.499694,0.51504
2024020716,2025-01-16,1,0.535146,0.693943,0.684938,0.733492,0.716029,0.719396,0.703678,0.692056,0.703091
2024020715,2025-01-16,0,0.535146,0.700904,0.698401,0.739964,0.712401,0.714462,0.707964,0.701719,0.707109
2024020712,2025-01-16,0,0.535146,0.573158,0.511947,0.600963,0.538652,0.546225,0.497574,0.519028,0.51087
2024020711,2025-01-16,1,0.535146,0.668363,0.629231,0.661604,0.679923,0.672343,0.652359,0.638136,0.655135
2024020707,2025-01-16,1,0.535146,0.549888,0.448831,0.430497,0.463823,0.463048,0.453919,0.451767,0.469925
2024020708,2025-01-16,0,0.535146,0.464975,0.483322,0.510625,0.51228,0.519089,0.493177,0.49071,0.506755
2024020713,2025-01-16,1,0.535146,0.551103,0.520763,0.516285,0.527737,0.525375,0.522385,0.521716,0.534055
2024020710,2025-01-16,0,0.535146,0.665363,0.623864,0.615912,0.652777,0.64355,0.645541,0.62793,0.648779
2024020709,2025-01-16,1,0.535146,0.729785,0.708413,0.727992,0.712951,0.719913,0.725399,0.710788,0.723477
2024020720,2025-01-17,0,0.535146,0.561483,0.527994,0.566142,0.531164,0.530422,0.512341,0.528496,0.524675
2024020721,2025-01-17,1,0.535146,0.551558,0.559937,0.563957,0.547915,0.56364,0.567165,0.560702,0.5758
2024020736,2025-01-18,1,0.535146,0.40794,0.379757,0.399409,0.367299,0.378499,0.357627,0.379497,0.378573
2024020734,2025-01-18,1,0.535146,0.512994,0.509712,0.490246,0.492524,0.48401,0.494311,0.504403,0.507817
2024020732,2025-01-18,1,0.535146,0.297518,0.334879,0.357485,0.382323,0.386866,0.342552,0.345618,0.364097
2024020731,2025-01-18,1,0.535146,0.684413,0.67562,0.711331,0.71313,0.71253,0.699598,0.683244,0.699269
2024020730,2025-01-18,0,0.535146,0.678115,0.619108,0.669858,0.68744,0.685847,0.651855,0.632894,0.654665
2024020729,2025-01-18,1,0.535146,0.651205,0.677166,0.635026,0.653972,0.667641,0.703514,0.675199,0.702938
2024020735,2025-01-18,1,0.535146,0.396864,0.394743,0.406353,0.378357,0.393205,0.378243,0.394426,0.398284
2024020727,2025-01-18,1,0.535146,0.635966,0.578869,0.609293,0.618391,0.582835,0.562922,0.579688,0.571848
2024020728,2025-01-18,1,0.535146,0.622556,0.599828,0.591141,0.575486,0.570449,0.58772,0.593759,0.594938
2024020722,2025-01-18,0,0.535146,0.632911,0.625607,0.609543,0.612879,0.59092,0.611479,0.618442,0.617054
2024020723,2025-01-18,1,0.535146,0.501841,0.50347,0.509758,0.510283,0.51295,0.504323,0.505428,0.517182
2024020733,2025-01-18,1,0.535146,0.485683,0.518902,0.532551,0.52004,0.532113,0.524126,0.521631,0.53568
2024020724,2025-01-18,1,0.535146,0.505327,0.436863,0.391041,0.430896,0.422439,0.430898,0.433883,0.448234
2024020725,2025-01-18,1,0.535146,0.7406,0.746713,0.754356,0.738401,0.739671,0.757551,0.745258,0.753788
2024020726,2025-01-18,0,0.535146,0.439364,0.440651,0.442463,0.464454,0.465455,0.446723,0.445775,0.463153
2024020737,2025-01-19,0,0.535146,0.564508,0.59282,0.626251,0.62954,0.633166,0.614397,0.601154,0.619771
2024020738,2025-01-19,1,0.535146,0.446057,0.420714,0.478093,0.48462,0.471902,0.41693,0.431288,0.435033
2024020739,2025-01-19,1,0.535146,0.670322,0.63415,0.691251,0.694126,0.715164,0.682765,0.650885,0.68352
2024020748,2025-01-20,0,0.535146,0.648963,0.621433,0.634118,0.632045,0.634651,0.633829,0.624164,0.637866
2024020747,2025-01-20,1,0.535146,0.408392,0.417002,0.428129,0.392824,0.405056,0.395254,0.414535,0.414479
2024020746,2025-01-20,0,0.535146,0.286541,0.245658,0.30107,0.34865,0.341452,0.256968,0.265446,0.280652
2024020745,2025-01-20,1,0.535146,0.55174,0.573992,0.593874,0.598377,0.594801,0.583491,0.578291,0.591
2024020743,2025-01-20,0,0.535146,0.612464,0.605784,0.593324,0.604717,0.590525,0.603295,0.602632,0.609435
2024020742,2025-01-20,1,0.535146,0.527081,0.482477,0.488284,0.489645,0.504246,0.491803,0.486974,0.505469
2024020741,2025-01-20,0,0.535146,0.607655,0.56449,0.56862,0.565502,0.569167,0.568641,0.565456,0.577175
2024020744,2025-01-20,1,0.535146,0.515856,0.491294,0.494594,0.500487,0.501838,0.491876,0.493472,0.505537
2024020740,2025-01-20,1,0.535146,0.742349,0.720936,0.748785,0.733839,0.742714,0.742963,0.725434,0.740012
2024020753,2025-01-21,0,0.535172,0.54792,0.556321,0.527795,0.521634,0.524829,0.552818,0.553533,0.562436
2024020756,2025-01-21,0,0.535172,0.311771,0.282193,0.322669,0.351478,0.342066,0.275063,0.287493,0.298497
2024020755,2025-01-21,0,0.535172,0.579073,0.630841,0.591099,0.589897,0.592937,0.635758,0.627486,0.639663
2024020754,2025-01-21,0,0.535172,0.585743,0.583492,0.601764,0.617989,0.604942,0.593534,0.585391,0.600349
2024020752,2025-01-21,1,0.535172,0.718497,0.785531,0.761809,0.752905,0.774853,0.804199,0.784586,0.798164
2024020750,2025-01-21,1,0.535172,0.570053,0.501613,0.52883,0.532092,0.532424,0.502256,0.50434,0.515249
2024020749,2025-01-21,1,0.535172,0.414414,0.485658,0.422516,0.423452,0.442738,0.480829,0.481859,0.49519
2024020751,2025-01-21,1,0.535172,0.51628,0.541483,0.570779,0.550994,0.550047,0.534424,0.542241,0.545289
2024020757,2025-01-22,0,0.535172,0.659554,0.639494,0.645985,0.668306,0.649806,0.654468,0.640407,0.657102
2024020758,2025-01-22,1,0.535172,0.530247,0.596319,0.60178,0.592737,0.595614,0.598934,0.596257,0.605376
2024020759,2025-01-22,0,0.535172,0.524937,0.495716,0.485208,0.495828,0.492232,0.494275,0.495408,0.507782
2024020760,2025-01-22,1,0.535172,0.491553,0.524961,0.469365,0.460362,0.47235,0.517056,0.520304,0.529079
2024020771,2025-01-23,0,0.535172,0.337217,0.28709,0.300903,0.347172,0.337874,0.28606,0.291586,0.309285
2024020770,2025-01-23,0,0.535172,0.411307,0.421597,0.406632,0.397615,0.406164,0.406964,0.420231,0.425593
2024020769,2025-01-23,1,0.535172,0.429928,0.433729,0.432615,0.410738,0.403751,0.409906,0.431075,0.428381
2024020768,2025-01-23,1,0.535172,0.660672,0.648099,0.702537,0.705564,0.70648,0.666009,0.653267,0.66787
2024020767,2025-01-23,1,0.535172,0.552464,0.588511,0.592766,0.58005,0.576089,0.585991,0.587411,0.593327
2024020763,2025-01-23,1,0.535172,0.631378,0.513065,0.536464,0.548179,0.550572,0.519231,0.516385,0.53111
2024020765,2025-01-23,0,0.535172,0.467722,0.446289,0.442899,0.452455,0.45964,0.443982,0.447471,0.460571
2024020764,2025-01-23,1,0.535172,0.680314,0.763658,0.753167,0.736393,0.750928,0.776995,0.762531,0.772219
2024020762,2025-01-23,1,0.535172,0.534387,0.56608,0.56431,0.572841,0.565899,0.570519,0.566064,0.578923
2024020761,2025-01-23,1,0.535172,0.561112,0.437464,0.50671,0.485572,0.456034,0.414144,0.439107,0.432396
2024020766,2025-01-23,0,0.535172,0.576074,0.533249,0.556108,0.539445,0.550687,0.530157,0.534792,0.541308
2024020775,2025-01-24,1,0.535172,0.635007,0.651746,0.643568,0.664609,0.65432,0.668299,0.651973,0.663337
2024020774,2025-01-24,1,0.535172,0.576702,0.59346,0.578076,0.564763,0.586708,0.597637,0.592862,0.600781
2024020772,2025-01-24,1,0.535172,0.563904,0.555308,0.584957,0.556109,0.569072,0.54957,0.556526,0.558446
2024020773,2025-01-24,0,0.535172,0.307021,0.297725,0.324856,0.350139,0.346223,0.290537,0.302018,0.325169
2024020776,2025-01-25,1,0.535172,0.478346,0.436425,0.401232,0.428147,0.424947,0.435145,0.435409,0.457208
2024020777,2025-01-25,1,0.535172,0.701704,0.690245,0.714414,0.708076,0.716259,0.705566,0.692547,0.696674
2024020778,2025-01-25,1,0.535172,0.537593,0.495728,0.486476,0.477985,0.492076,0.490623,0.495405,0.506465
2024020779,2025-01-25,0,0.535172,0.460128,0.380012,0.372344,0.413389,0.409577,0.38322,0.382629,0.410563
2024020780,2025-01-25,1,0.535172,0.466913,0.495125,0.504004,0.506315,0.514682,0.495773,0.496856,0.511017
2024020781,2025-01-25,1,0.535172,0.425712,0.513547,0.445128,0.476897,0.470098,0.517816,0.509701,0.530471
2024020782,2025-01-25,1,0.535172,0.429578,0.376536,0.387648,0.39386,0.388443,0.363621,0.37759,0.392769
2024020783,2025-01-25,0,0.535172,0.412251,0.480605,0.388883,0.422034,0.436698,0.487448,0.476719,0.503658
2024020784,2025-01-25,0,0.535172,0.571384,0.523227,0.535235,0.528629,0.533641,0.520983,0.524149,0.533263
2024020785,2025-01-25,1,0.535172,0.399347,0.304138,0.352695,0.332402,0.311384,0.272752,0.304779,0.308351
2024020786,2025-01-25,1,0.535172,0.434415,0.471613,0.501919,0.464075,0.479838,0.454481,0.472341,0.474431
2024020787,2025-01-25,1,0.535172,0.405116,0.363522,0.326205,0.351516,0.341947,0.352938,0.361612,0.383017
2024020788,2025-01-25,0,0.535172,0.253167,0.238146,0.311907,0.350139,0.344377,0.236239,0.247549,0.273255
2024020793,2025-01-26,1,0.535172,0.504224,0.587188,0.567155,0.530671,0.54125,0.575172,0.583122,0.580988
2024020792,2025-01-26,0,0.535172,0.358181,0.394967,0.345547,0.384237,0.377956,0.394035,0.393462,0.420334
2024020791,2025-01-26,1,0.535172,0.651527,0.657482,0.670742,0.710297,0.724749,0.695272,0.663437,0.687433
2024020790,2025-01-26,1,0.535172,0.534821,0.454267,0.512258,0.507081,0.498505,0.446328,0.458183,0.467177
2024020789,2025-01-26,0,0.535172,0.513271,0.523078,0.471463,0.479133,0.485186,0.521799,0.519724,0.533983
2024020794,2025-01-27,1,0.535172,0.457186,0.474672,0.494917,0.504788,0.504097,0.475286,0.477277,0.492893
2024020795,2025-01-27,1,0.535172,0.436343,0.43381,0.4503,0.450285,0.455391,0.427003,0.43572,0.449936
2024020796,2025-01-27,0,0.535172,0.528008,0.549389,0.534591,0.584041,0.574006,0.570496,0.551568,0.576871
2024020797,2025-01-27,1,0.535172,0.69838,0.703824,0.739718,0.71557,0.724803,0.712475,0.705681,0.702893
2024020798,2025-01-27,1,0.535172,0.378069,0.37095,0.388616,0.384231,0.388608,0.356444,0.372513,0.386222
2024020806,2025-01-28,0,0.535172,0.614432,0.504419,0.533089,0.534787,0.506837,0.494957,0.504633,0.510295
2024020805,2025-01-28,0,0.535172,0.490879,0.495045,0.530708,0.502482,0.516096,0.484719,0.496908,0.501244
2024020804,2025-01-28,0,0.535172,0.433796,0.480723,0.492603,0.449848,0.448146,0.45409,0.47784,0.474083
2024020803,2025-01-28,1,0.535172,0.435024,0.442025,0.469215,0.457345,0.452154,0.427781,0.442921,0.450631
2024020800,2025-01-28,0,0.535172,0.377099,0.368531,0.41225,0.392234,0.395385,0.348604,0.370908,0.37905
2024020801,2025-01-28,0,0.535172,0.751735,0.750853,0.799935,0.737833,0.755197,0.746186,0.751238,0.733452
2024020799,2025-01-28,1,0.535172,0.454067,0.49856,0.494937,0.50676,0.507354,0.500472,0.499339,0.515167
2024020802,2025-01-28,0,0.535172,0.478266,0.41217,0.375857,0.404676,0.397506,0.408152,0.410872,0.433042
2024020811,2025-01-29,0,0.535172,0.58676,0.579122,0.573108,0.563882,0.561486,0.576741,0.577561,0.58237
2024020809,2025-01-29,1,0.535172,0.619077,0.606539,0.553476,0.55119,0.55179,0.606273,0.601693,0.608397
2024020810,2025-01-29,0,0.535172,0.522049,0.585703,0.58491,0.587645,0.576849,0.58802,0.584919,0.592305
2024020807,2025-01-29,0,0.535172,0.570853,0.554134,0.530925,0.538304,0.540835,0.557489,0.552957,0.565419
2024020808,2025-01-29,1,0.535172,0.581872,0.577349,0.565395,0.585562,0.578565,0.587472,0.577456,0.591823
2024020819,2025-01-30,0,0.535172,0.681344,0.639213,0.689359,0.689135,0.682282,0.651225,0.643026,0.648159
2024020821,2025-01-30,1,0.535172,0.686416,0.639891,0.66294,0.687196,0.676002,0.660222,0.643088,0.656151
2024020820,2025-01-30,0,0.535172,0.647061,0.683774,0.716708,0.71538,0.722789,0.702151,0.687228,0.693605
2024020817,2025-01-30,1,0.535172,0.77617,0.797845,0.779451,0.7331,0.746266,0.798189,0.79328,0.781497
2024020818,2025-01-30,1,0.535172,0.627655,0.628644,0.67649,0.659804,0.661498,0.633967,0.631552,0.632865
2024020815,2025-01-30,1,0.535172,0.554937,0.60365,0.573267,0.61841,0.616505,0.628542,0.604788,0.628066
2024020814,2025-01-30,1,0.535172,0.44511,0.504977,0.521663,0.513494,0.518169,0.500989,0.506145,0.515624
2024020813,2025-01-30,0,0.535172,0.456331,0.553616,0.469457,0.497984,0.496331,0.56009,0.548545,0.567709
2024020812,2025-01-30,0,0.535172,0.437738,0.38577,0.402673,0.402075,0.399783,0.371875,0.387011,0.400277
2024020816,2025-01-30,0,0.535172,0.482444,0.447582,0.536113,0.523425,0.512419,0.437872,0.453321,0.459642
2024020825,2025-01-31,0,0.535172,0.559639,0.656004,0.622116,0.628944,0.637477,0.6695,0.654364,0.664407
2024020822,2025-01-31,1,0.535172,0.517284,0.439594,0.428556,0.450514,0.448047,0.438664,0.440343,0.460349
2024020823,2025-01-31,1,0.535172,0.647102,0.64713,0.683518,0.705889,0.713884,0.675771,0.653039,0.669996
2024020824,2025-01-31,1,0.535172,0.628597,0.568684,0.550156,0.56572,0.54875,0.571369,0.566919,0.57764
2024020833,2025-02-01,0,0.535172,0.617385,0.623144,0.623412,0.625162,0.622699,0.631069,0.623104,0.630301
2024020832,2025-02-01,0,0.535172,0.621484,0.630807,0.651781,0.642179,0.646265,0.638065,0.632175,0.636493
2024020834,2025-02-01,0,0.535172,0.53091,0.507686,0.511884,0.500123,0.508263,0.501613,0.507737,0.516175
2024020831,2025-02-01,0,0.535172,0.494613,0.439436,0.430541,0.440724,0.442429,0.434249,0.439701,0.45641
2024020828,2025-02-01,1,0.535172,0.505417,0.540493,0.550315,0.522815,0.52746,0.529302,0.53934,0.540595
2024020829,2025-02-01,0,0.535172,0.601395,0.605071,0.611262,0.621198,0.603476,0.611026,0.604929,0.612591
2024020830,2025-02-01,1,0.535172,0.501487,0.487472,0.4145,0.442814,0.4412,0.488399,0.483376,0.504498
2024020827,2025-02-01,1,0.535172,0.507855,0.459804,0.460993,0.464303,0.456148,0.450834,0.459481,0.471188
2024020826,2025-02-01,1,0.535172,0.763337,0.778508,0.77503,0.738624,0.758795,0.785483,0.776763,0.769636
2024020843,2025-02-02,0,0.535172,0.512338,0.520961,0.467504,0.487764,0.4886,0.523909,0.518096,0.535843
2024020842,2025-02-02,0,0.535172,0.544458,0.574155,0.536229,0.5389,0.5485,0.578027,0.571884,0.583502
2024020840,2025-02-02,1,0.535172,0.688889,0.73157,0.763236,0.715667,0.730174,0.731574,0.731446,0.720159
2024020839,2025-02-02,1,0.535172,0.504328,0.395327,0.457909,0.417344,0.390552,0.359417,0.394904,0.388935
2024020841,2025-02-02,0,0.535172,0.546742,0.50969,0.523559,0.526438,0.526049,0.509369,0.511138,0.523021
2024020837,2025-02-02,1,0.535172,0.474869,0.43825,0.422721,0.418975,0.418128,0.42438,0.436469,0.44759
2024020836,2025-02-02,1,0.535172,0.679128,0.599364,0.578209,0.596999,0.596786,0.611748,0.599136,0.613229
2024020835,2025-02-02,1,0.535172,0.465871,0.413275,0.36707,0.412688,0.405209,0.416944,0.412561,0.440931
2024020838,2025-02-02,1,0.535172,0.632143,0.619469,0.691284,0.659671,0.66282,0.618887,0.623306,0.619532
2024020844,2025-02-03,0,0.535172,0.489558,0.504805,0.521871,0.508297,0.509434,0.496712,0.505214,0.511846
2024020853,2025-02-04,0,0.5355,0.464409,0.505652,0.523435,0.51695,0.519067,0.501756,0.505906,0.516301
2024020857,2025-02-04,0,0.5355,0.485242,0.454407,0.428581,0.447038,0.442477,0.453921,0.454145,0.473933
2024020856,2025-02-04,1,0.5355,0.298168,0.2991,0.330342,0.352177,0.348674,0.289905,0.300988,0.324574
2024020855,2025-02-04,1,0.5355,0.452292,0.438728,0.455106,0.45127,0.453858,0.433091,0.439391,0.455375
2024020858,2025-02-04,0,0.5355,0.385858,0.393609,0.380848,0.368639,0.374746,0.379322,0.39284,0.407034
2024020854,2025-02-04,1,0.5355,0.58658,0.536447,0.564888,0.53831,0.543704,0.535319,0.537038,0.545896
2024020852,2025-02-04,1,0.5355,0.557243,0.519166,0.513309,0.535961,0.515074,0.52248,0.519249,0.534583
2024020848,2025-02-04,0,0.5355,0.454737,0.415066,0.401869,0.441563,0.424312,0.415917,0.415668,0.44001
2024020850,2025-02-04,1,0.5355,0.473052,0.421273,0.417348,0.457357,0.45313,0.428045,0.422815,0.450867
2024020849,2025-02-04,1,0.5355,0.511781,0.454746,0.438385,0.438493,0.439195,0.451641,0.454509,0.471905
2024020847,2025-02-04,1,0.5355,0.570893,0.594375,0.546271,0.582731,0.574115,0.606389,0.593454,0.608499
2024020846,2025-02-04,1,0.5355,0.544693,0.586683,0.55953,0.590774,0.582216,0.596677,0.586249,0.599934
2024020845,2025-02-04,1,0.5355,0.533233,0.511961,0.497478,0.498928,0.487698,0.508734,0.511167,0.522461
2024020851,2025-02-04,0,0.5355,0.385822,0.414306,0.392244,0.409787,0.407617,0.407655,0.413872,0.432595
2024020859,2025-02-05,1,0.5355,0.547177,0.655603,0.596684,0.613951,0.623403,0.665976,0.653694,0.661269
2024020860,2025-02-05,0,0.5355,0.263917,0.277315,0.306089,0.361807,0.359681,0.276851,0.280378,0.312243
2024020861,2025-02-05,1,0.5355,0.633998,0.667014,0.628624,0.650926,0.638771,0.678791,0.665728,0.672691
2024020868,2025-02-06,0,0.5355,0.435379,0.452769,0.429994,0.417629,0.422254,0.441644,0.451494,0.463005
2024020870,2025-02-06,0,0.5355,0.315953,0.339733,0.377832,0.379744,0.388735,0.329399,0.341456,0.361385
2024020869,2025-02-06,0,0.5355,0.421961,0.422838,0.380736,0.402848,0.397333,0.417814,0.421858,0.44171
2024020867,2025-02-06,1,0.5355,0.449356,0.388852,0.377913,0.414434,0.398741,0.388251,0.389608,0.415113
2024020864,2025-02-06,0,0.5355,0.369624,0.455095,0.485371,0.473399,0.467418,0.440455,0.45503,0.461945
2024020865,2025-02-06,0,0.5355,0.515064,0.408089,0.398146,0.443015,0.434308,0.416783,0.40976,0.440787
2024020866,2025-02-06,0,0.5355,0.408594,0.427097,0.386916,0.395175,0.403462,0.421019,0.426078,0.444582
2024020863,2025-02-06,0,0.5355,0.516566,0.510955,0.487108,0.512684,0.521839,0.520909,0.511406,0.533199
2024020862,2025-02-06,1,0.5355,0.577443,0.569492,0.547854,0.570108,0.568203,0.580223,0.569493,0.585436
2024020871,2025-02-07,0,0.5355,0.629555,0.595348,0.565497,0.590493,0.580808,0.60776,0.595007,0.611361
2024020872,2025-02-07,1,0.5355,0.667625,0.67469,0.731318,0.711865,0.719182,0.686074,0.676346,0.679859
2024020873,2025-02-07,1,0.5355,0.410052,0.318855,0.331808,0.351821,0.345842,0.313517,0.320457,0.351396
2024020874,2025-02-07,0,0.5355,0.58603,0.633472,0.60358,0.622796,0.632945,0.648355,0.633155,0.646749
2024020875,2025-02-07,1,0.5355,0.454747,0.471004,0.499359,0.485495,0.491134,0.464706,0.471671,0.48689
2024020889,2025-02-08,0,0.5355,0.225539,0.31832,0.409321,0.391661,0.414078,0.302817,0.321397,0.341481
2024020888,2025-02-08,0,0.5355,0.68741,0.607818,0.720567,0.697146,0.687835,0.615674,0.611374,0.618245
2024020887,2025-02-08,0,0.5355,0.563811,0.581267,0.576105,0.605866,0.592714,0.591752,0.581595,0.597448
2024020886,2025-02-08,1,0.5355,0.558877,0.580418,0.53281,0.537005,0.557324,0.589323,0.579401,0.595338
2024020885,2025-02-08,1,0.5355,0.512113,0.483493,0.555411,0.516969,0.526949,0.476489,0.485333,0.497205
2024020884,2025-02-08,1,0.5355,0.481748,0.497011,0.53348,0.501731,0.507296,0.487342,0.497308,0.506687
2024020883,2025-02-08,1,0.5355,0.652728,0.756744,0.753468,0.737003,0.75671,0.768931,0.756091,0.753988
2024020882,2025-02-08,0,0.5355,0.451627,0.440526,0.37462,0.434593,0.425669,0.448558,0.440028,0.472716
2024020881,2025-02-08,1,0.5355,0.501891,0.581693,0.553525,0.539812,0.553226,0.580421,0.580106,0.587608
2024020880,2025-02-08,1,0.5355,0.623263,0.598405,0.577686,0.594074,0.58641,0.608802,0.598103,0.612266
2024020879,2025-02-08,0,0.5355,0.499623,0.3958,0.384222,0.424657,0.423687,0.404054,0.397516,0.433364
2024020878,2025-02-08,1,0.5355,0.647427,0.624007,0.641666,0.677026,0.654619,0.640992,0.625323,0.640315
2024020877,2025-02-08,0,0.5355,0.46982,0.427558,0.429084,0.446494,0.437182,0.425288,0.42819,0.452198
2024020876,2025-02-08,0,0.5355,0.439121,0.414284,0.386489,0.428168,0.40775,0.41305,0.41419,0.441358
2024020890,2025-02-09,0,0.5355,0.647889,0.625804,0.574244,0.605733,0.60451,0.643189,0.625129,0.642234
2024020891,2025-02-09,0,0.5355,0.384712,0.332349,0.337816,0.369931,0.338277,0.321705,0.332904,0.358946
2024020904,2025-02-22,1,0.535231,0.595499,0.55347,0.575942,0.562394,0.560258,0.556133,0.554831,0.565114
2024020903,2025-02-22,0,0.535231,0.367963,0.404476,0.419695,0.414275,0.429554,0.396975,0.406017,0.424849
2024020905,2025-02-22,1,0.535231,0.585699,0.615743,0.630228,0.623373,0.621384,0.621359,0.615692,0.62217
2024020901,2025-02-22,0,0.535231,0.620133,0.594288,0.609571,0.598211,0.59408,0.599087,0.59474,0.602663
2024020900,2025-02-22,1,0.535231,0.491588,0.426132,0.392759,0.41455,0.404787,0.421857,0.425445,0.44706
2024020899,2025-02-22,0,0.535231,0.657943,0.599565,0.569288,0.631254,0.619006,0.621728,0.602336,0.622494
2024020902,2025-02-22,1,0.535231,0.639415,0.618525,0.68128,0.687941,0.695073,0.638537,0.625636,0.637252
2024020897,2025-02-22,0,0.535231,0.447563,0.454586,0.458677,0.477306,0.477015,0.454228,0.456431,0.475744
2024020896,2025-02-22,0,0.535231,0.69036,0.703335,0.741187,0.717952,0.725531,0.716185,0.705051,0.706081
2024020895,2025-02-22,1,0.535231,0.461982,0.439159,0.438562,0.46255,0.459518,0.439318,0.441364,0.462558
2024020894,2025-02-22,0,0.535231,0.504087,0.550627,0.595111,0.567071,0.556725,0.543129,0.550317,0.55375
2024020893,2025-02-22,0,0.535231,0.397884,0.459528,0.496307,0.487491,0.476786,0.447975,0.459925,0.47022
2024020892,2025-02-22,1,0.535231,0.338188,0.362501,0.34576,0.376737,0.374306,0.3548,0.363097,0.386795
2024020898,2025-02-22,1,0.535231,0.40863,0.453524,0.440398,0.412265,0.425825,0.440183,0.450272,0.463325
2024020915,2025-02-23,1,0.535231,0.503428,0.535024,0.542016,0.550379,0.52323,0.529252,0.533412,0.541617
2024020914,2025-02-23,1,0.535231,0.712434,0.699131,0.800608,0.728684,0.738259,0.702594,0.702814,0.69393
2024020913,2025-02-23,0,0.535231,0.397376,0.48024,0.420584,0.443165,0.442387,0.473847,0.475405,0.493037
2024020912,2025-02-23,0,0.535231,0.313201,0.299981,0.31461,0.334784,0.304909,0.281026,0.300655,0.318556
2024020911,2025-02-23,0,0.535231,0.465794,0.480244,0.52328,0.51568,0.502958,0.473317,0.481979,0.492571
2024020909,2025-02-23,1,0.535231,0.66148,0.725764,0.7531,0.736175,0.75543,0.742319,0.727204,0.729614
2024020908,2025-02-23,1,0.535231,0.62617,0.640522,0.65412,0.674658,0.636294,0.645272,0.639889,0.643175
2024020907,2025-02-23,0,0.535231,0.446798,0.454984,0.497551,0.498567,0.483021,0.447738,0.457301,0.47001
2024020906,2025-02-23,1,0.535231,0.516942,0.426738,0.427838,0.452592,0.447881,0.429138,0.430237,0.453531
2024020910,2025-02-23,1,0.535231,0.4241,0.435827,0.421833,0.429014,0.401836,0.419952,0.432625,0.445365
2024020916,2025-02-24,1,0.535231,0.837332,0.837163,0.78074,0.748361,0.768454,0.849636,0.831124,0.829762
2024020917,2025-02-24,1,0.535231,0.513286,0.469759,0.462932,0.474706,0.480489,0.472465,0.471494,0.491821
2024020925,2025-02-25,0,0.535231,0.488678,0.475099,0.471058,0.47867,0.499155,0.480437,0.477461,0.498833
2024020929,2025-02-25,1,0.535231,0.677185,0.729544,0.769149,0.725282,0.741174,0.738507,0.729614,0.726166
2024020928,2025-02-25,0,0.535231,0.572543,0.505785,0.510106,0.515242,0.51671,0.510622,0.50796,0.525313
2024020927,2025-02-25,0,0.535231,0.386521,0.384784,0.404242,0.367678,0.372276,0.365629,0.383716,0.396621
2024020926,2025-02-25,1,0.535231,0.565143,0.593446,0.553348,0.607991,0.604865,0.610381,0.593935,0.612549
2024020924,2025-02-25,1,0.535231,0.362152,0.343927,0.318566,0.352732,0.345082,0.335767,0.34436,0.369418
2024020918,2025-02-25,0,0.535231,0.477942,0.462741,0.473847,0.462372,0.468969,0.458189,0.463565,0.479241
2024020922,2025-02-25,1,0.535231,0.534441,0.50585,0.510462,0.498405,0.503667,0.504784,0.506178,0.520199
2024020921,2025-02-25,1,0.535231,0.517085,0.501254,0.490613,0.48787,0.491194,0.499945,0.500657,0.515958
2024020920,2025-02-25,1,0.535231,0.371276,0.357731,0.321035,0.356666,0.345067,0.348609,0.356864,0.381158
2024020919,2025-02-25,1,0.535231,0.617511,0.63245,0.646917,0.626908,0.625686,0.636561,0.631584,0.635515
2024020923,2025-02-25,0,0.535231,0.668196,0.575163,0.603322,0.608017,0.599085,0.586341,0.578958,0.591514
2024020930,2025-02-26,0,0.535231,0.387959,0.411623,0.420652,0.404495,0.402192,0.396164,0.410363,0.424123
2024020931,2025-02-26,1,0.535231,0.567028,0.568601,0.560187,0.589035,0.574337,0.576228,0.569077,0.582673
2024020932,2025-02-26,0,0.535231,0.584929,0.575613,0.59296,0.590729,0.579258,0.578415,0.576103,0.584585
2024020940,2025-02-27,1,0.535231,0.634529,0.647969,0.676932,0.668964,0.651733,0.652896,0.648056,0.649888
2024020944,2025-02-27,1,0.535231,0.419368,0.470731,0.360088,0.38276,0.381147,0.460737,0.46192,0.481488
2024020942,2025-02-27,1,0.535231,0.492247,0.555677,0.596512,0.547732,0.549081,0.545056,0.553944,0.555434
2024020941,2025-02-27,1,0.535231,0.336572,0.427882,0.46992,0.435462,0.460087,0.416032,0.429054,0.441874
2024020939,2025-02-27,0,0.535231,0.643941,0.586661,0.614983,0.608943,0.609387,0.596668,0.589701,0.600545
2024020943,2025-02-27,1,0.535231,0.74595,0.790221,0.764965,0.740256,0.752613,0.801758,0.786109,0.784219
2024020937,2025-02-27,1,0.535231,0.546656,0.567976,0.583633,0.596309,0.588917,0.574116,0.569429,0.580828
2024020933,2025-02-27,0,0.535231,0.568435,0.48267,0.493225,0.507844,0.518479,0.492687,0.487378,0.509591
2024020934,2025-02-27,1,0.535231,0.696921,0.660884,0.701288,0.705926,0.698852,0.677433,0.664878,0.671565
2024020938,2025-02-27,1,0.535231,0.518451,0.53688,0.537237,0.543731,0.540204,0.538476,0.536837,0.549683
2024020936,2025-02-27,1,0.535231,0.651189,0.614337,0.686862,0.691868,0.689188,0.631807,0.621589,0.631339
2024020935,2025-02-27,0,0.535231,0.570026,0.621976,0.633499,0.624805,0.62759,0.627736,0.621525,0.627765
2024020945,2025-02-28,0,0.535231,0.502809,0.520769,0.551477,0.524543,0.533766,0.517635,0.521586,0.531453
2024020946,2025-02-28,1,0.535231,0.609102,0.555749,0.561091,0.540296,0.539314,0.556055,0.555274,0.565046
2024020947,2025-02-28,1,0.535231,0.597998,0.724856,0.64387,0.64631,0.653611,0.73153,0.716285,0.71987
2024020960,2025-03-01,1,0.535231,0.471339,0.485704,0.493599,0.462986,0.469718,0.475754,0.484037,0.494714
2024020959,2025-03-01,0,0.535231,0.610385,0.612083,0.622559,0.634597,0.631596,0.623835,0.613768,0.624342
2024020957,2025-03-01,1,0.535231,0.486507,0.587131,0.491779,0.515138,0.517903,0.587888,0.579214,0.592867
2024020956,2025-03-01,0,0.535231,0.725297,0.665505,0.657882,0.674858,0.665742,0.682646,0.666613,0.676186
2024020955,2025-03-01,0,0.535231,0.531783,0.571562,0.570041,0.570391,0.57333,0.575265,0.570994,0.581831
2024020954,2025-03-01,1,0.535231,0.737509,0.726109,0.777983,0.733543,0.745859,0.737555,0.728053,0.725306
2024020958,2025-03-01,0,0.535231,0.497108,0.578157,0.558555,0.554069,0.534315,0.570145,0.572828,0.577357
2024020952,2025-03-01,0,0.535231,0.457972,0.563725,0.558525,0.555666,0.557724,0.561735,0.561274,0.570009
2024020951,2025-03-01,1,0.535231,0.671995,0.667594,0.703225,0.713367,0.70846,0.684937,0.671268,0.67822
2024020950,2025-03-01,0,0.535231,0.520929,0.490628,0.535259,0.499072,0.518326,0.488961,0.493615,0.506321
2024020949,2025-03-01,1,0.535231,0.567867,0.521238,0.570451,0.532633,0.539278,0.519035,0.523672,0.532679
2024020948,2025-03-01,1,0.535231,0.520066,0.438621,0.447796,0.468725,0.470093,0.443106,0.442869,0.465913
2024020953,2025-03-01,0,0.535231,0.569082,0.561359,0.560399,0.57054,0.565596,0.567062,0.561872,0.574664
2024020966,2025-03-02,1,0.535231,0.562163,0.665731,0.603612,0.637356,0.643778,0.679448,0.661917,0.673351
2024020965,2025-03-02,1,0.535231,0.628767,0.622295,0.606762,0.622231,0.617723,0.633604,0.622011,0.632917
2024020964,2025-03-02,1,0.535231,0.660269,0.651848,0.630847,0.650259,0.644399,0.665784,0.651346,0.66126
2024020962,2025-03-02,1,0.535231,0.535777,0.655172,0.555426,0.582338,0.585372,0.661286,0.646864,0.657288
2024020961,2025-03-02,0,0.535231,0.38224,0.430462,0.501566,0.473369,0.465003,0.415085,0.432622,0.44103
2024020963,2025-03-02,1,0.535231,0.650555,0.685059,0.71964,0.716901,0.723448,0.701392,0.687808,0.692858
2024020972,2025-03-03,1,0.535231,0.34259,0.291783,0.33257,0.364067,0.362516,0.287634,0.298926,0.324774
2024020967,2025-03-03,1,0.535231,0.619469,0.561753,0.546223,0.548512,0.553817,0.56993,0.562104,0.577169
2024020968,2025-03-03,1,0.535231,0.517141,0.532574,0.476715,0.493346,0.494548,0.533736,0.52895,0.545538
2024020969,2025-03-03,1,0.535231,0.54679,0.598919,0.607504,0.607152,0.598815,0.601382,0.597962,0.604671
2024020970,2025-03-03,1,0.535231,0.591482,0.539665,0.572931,0.551897,0.546853,0.53933,0.541239,0.550429
2024020971,2025-03-03,0,0.535231,0.806183,0.664921,0.702603,0.691632,0.699883,0.688398,0.670563,0.681293
2024020980,2025-03-04,1,0.536048,0.689839,0.670931,0.606835,0.643334,0.622769,0.679497,0.665991,0.673395
2024020979,2025-03-04,1,0.536048,0.63645,0.583072,0.644661,0.669472,0.642014,0.583502,0.589119,0.589032
2024020982,2025-03-04,0,0.536048,0.466683,0.494881,0.477136,0.471694,0.474341,0.491635,0.492774,0.508668
2024020981,2025-03-04,0,0.536048,0.726871,0.698393,0.743902,0.72347,0.732194,0.716901,0.70186,0.706723
2024020978,2025-03-04,1,0.536048,0.381791,0.329621,0.324516,0.352116,0.316446,0.303783,0.32827,0.339876
2024020977,2025-03-04,0,0.536048,0.519532,0.594863,0.573159,0.584769,0.579455,0.595577,0.593282,0.599591
2024020976,2025-03-04,1,0.536048,0.653441,0.632131,0.762216,0.717628,0.715089,0.632142,0.640641,0.631633
2024020975,2025-03-04,0,0.536048,0.434299,0.46168,0.389566,0.390568,0.378135,0.444755,0.45311,0.467372
2024020974,2025-03-04,0,0.536048,0.715764,0.677913,0.75949,0.731279,0.744637,0.698455,0.684757,0.69024
2024020973,2025-03-04,0,0.536048,0.603677,0.533688,0.509709,0.506196,0.529207,0.555615,0.533229,0.564662
2024020983,2025-03-05,0,0.536048,0.50897,0.535109,0.480847,0.505063,0.502224,0.538724,0.531735,0.549899
2024020984,2025-03-05,0,0.536048,0.397436,0.322318,0.357657,0.37253,0.365108,0.314424,0.326708,0.349756
2024020985,2025-03-05,1,0.536048,0.53002,0.603595,0.624563,0.59925,0.606862,0.605037,0.603929,0.60787
2024020986,2025-03-05,1,0.536048,0.618941,0.696142,0.623636,0.614729,0.627985,0.708381,0.68915,0.699097
2024020987,2025-03-05,0,0.536048,0.560995,0.54782,0.55892,0.545121,0.537184,0.543628,0.546729,0.554186
2024020996,2025-03-06,1,0.536048,0.796698,0.811864,0.793856,0.739473,0.758957,0.826012,0.806437,0.807075
2024020995,2025-03-06,1,0.536048,0.66178,0.711676,0.735361,0.723399,0.730897,0.725897,0.713647,0.7148
2024020994,2025-03-06,1,0.536048,0.69562,0.635406,0.707917,0.697966,0.698918,0.651115,0.641921,0.648319
2024020993,2025-03-06,1,0.536048,0.542461,0.562224,0.575868,0.591609,0.576324,0.560024,0.56367,0.568514
2024020989,2025-03-06,1,0.536048,0.684173,0.633865,0.680395,0.688159,0.681514,0.647504,0.638753,0.645139
2024020991,2025-03-06,0,0.536048,0.343942,0.421313,0.403798,0.396595,0.413996,0.417726,0.420562,0.443384
2024020990,2025-03-06,1,0.536048,0.675018,0.749993,0.776267,0.730091,0.73679,0.75398,0.748638,0.740196
2024020988,2025-03-06,0,0.536048,0.529,0.525849,0.510354,0.498667,0.503263,0.527293,0.523532,0.539904
2024020992,2025-03-06,1,0.536048,0.625819,0.68864,0.676417,0.668614,0.682853,0.704893,0.688046,0.695982
2024021001,2025-03-07,1,0.536048,0.687197,0.612725,0.626658,0.646625,0.627288,0.620356,0.61422,0.625876
2024021002,2025-03-07,0,0.536048,0.438689,0.458482,0.388389,0.403679,0.409446,0.45919,0.453452,0.482375
2024021000,2025-03-07,1,0.536048,0.513515,0.605577,0.585417,0.56519,0.577212,0.608761,0.602667,0.615576
2024020997,2025-03-07,0,0.536048,0.428037,0.519177,0.444778,0.440102,0.444092,0.512164,0.511474,0.52976
2024020998,2025-03-07,1,0.536048,0.643016,0.657916,0.640888,0.66878,0.666885,0.674722,0.658836,0.674316
2024020999,2025-03-07,1,0.536048,0.389657,0.349898,0.332607,0.367237,0.35697,0.343063,0.350624,0.37638
2024021003,2025-03-08,1,0.536048,0.478448,0.574114,0.533193,0.526324,0.539661,0.578357,0.570579,0.588589
2024021004,2025-03-08,0,0.536048,0.532018,0.606457,0.565446,0.583002,0.575673,0.607763,0.603298,0.61469
2024021005,2025-03-08,0,0.536048,0.648597,0.653678,0.717682,0.706486,0.70438,0.662509,0.658879,0.663405
2024021006,2025-03-08,1,0.536048,0.700562,0.687282,0.769968,0.725888,0.731476,0.695499,0.691816,0.692933
2024021007,2025-03-08,1,0.536048,0.560413,0.64202,0.602824,0.625736,0.615131,0.644837,0.639261,0.64765
2024021008,2025-03-08,1,0.536048,0.551063,0.596157,0.550256,0.552566,0.55234,0.599221,0.591662,0.607106
2024021009,2025-03-08,1,0.536048,0.634658,0.751145,0.753063,0.703422,0.74817,0.775231,0.750838,0.765343
2024021010,2025-03-08,1,0.536048,0.548582,0.656245,0.583765,0.56514,0.582617,0.664065,0.648691,0.664793
2024021011,2025-03-08,1,0.536048,0.482465,0.57011,0.531238,0.512273,0.534793,0.577521,0.566487,0.587847
2024021012,2025-03-08,0,0.536048,0.336323,0.36075,0.437502,0.404038,0.418375,0.350614,0.366661,0.383397
2024021017,2025-03-09,0,0.536048,0.610623,0.600619,0.670844,0.630475,0.63807,0.605352,0.60446,0.612549
2024021019,2025-03-09,0,0.536048,0.400216,0.575884,0.448399,0.45666,0.477954,0.580617,0.565837,0.590595
2024021018,2025-03-09,0,0.536048,0.597112,0.644586,0.613183,0.642962,0.639183,0.656778,0.644032,0.658291
2024021020,2025-03-09,1,0.536048,0.445032,0.527919,0.478817,0.49807,0.507812,0.533949,0.525856,0.549151
2024021016,2025-03-09,1,0.536048,0.480463,0.511854,0.500557,0.490776,0.485927,0.50364,0.509194,0.522161
2024021014,2025-03-09,1,0.536048,0.674868,0.712482,0.721739,0.730906,0.737811,0.73272,0.71508,0.72651
2024021013,2025-03-09,0,0.536048,0.436945,0.383809,0.461092,0.450438,0.427642,0.363157,0.388306,0.395008
2024021015,2025-03-09,0,0.536048,0.632212,0.565993,0.504658,0.538842,0.5349,0.581113,0.562805,0.591035
2024021021,2025-03-10,1,0.536048,0.388614,0.4173,0.440705,0.40824,0.419972,0.407737,0.417574,0.435863
2024021022,2025-03-10,1,0.536048,0.563709,0.607427,0.58944,0.590983,0.588005,0.6104,0.605434,0.617031
2024021023,2025-03-10,1,0.536048,0.760325,0.828603,0.791279,0.741986,0.763121,0.841022,0.821886,0.826999
2024021024,2025-03-10,0,0.536048,0.46277,0.585045,0.566886,0.554515,0.554348,0.578323,0.581895,0.588558
2024021034,2025-03-11,1,0.536048,0.57885,0.6624,0.622368,0.615118,0.62529,0.671932,0.658593,0.671822
2024021033,2025-03-11,0,0.536048,0.355553,0.399883,0.348305,0.389707,0.378582,0.390388,0.397698,0.420034
2024021032,2025-03-11,0,0.536048,0.581779,0.637773,0.579056,0.58793,0.585957,0.643359,0.632457,0.646334
2024021031,2025-03-11,1,0.536048,0.6395,0.624614,0.700407,0.699241,0.692507,0.632984,0.631578,0.637101
2024021030,2025-03-11,1,0.536048,0.435022,0.523416,0.382007,0.411171,0.399314,0.513234,0.510685,0.530714
2024021027,2025-03-11,0,0.536048,0.453566,0.518834,0.508666,0.520401,0.528883,0.523913,0.519864,0.540223
2024021028,2025-03-11,1,0.536048,0.379942,0.414613,0.447048,0.403118,0.416601,0.402701,0.414817,0.431277
2024021035,2025-03-11,0,0.536048,0.36147,0.336789,0.297854,0.353976,0.346755,0.335571,0.337812,0.369395
2024021026,2025-03-11,1,0.536048,0.581919,0.681816,0.664753,0.630087,0.649073,0.69055,0.678456,0.688492
2024021025,2025-03-11,1,0.536048,0.412584,0.378371,0.353971,0.372343,0.371545,0.374745,0.377672,0.405687
2024021029,2025-03-11,1,0.536048,0.536256,0.555142,0.556983,0.551806,0.554393,0.558422,0.555065,0.570894
2024021039,2025-03-12,1,0.536048,0.519741,0.60071,0.565685,0.558429,0.570972,0.607745,0.597659,0.614674
2024021038,2025-03-12,1,0.536048,0.615226,0.745606,0.667694,0.65974,0.690458,0.766858,0.739948,0.757644
2024021036,2025-03-12,1,0.536048,0.551728,0.603664,0.572613,0.569981,0.565874,0.603364,0.599787,0.610784
2024021037,2025-03-12,0,0.536048,0.519297,0.617521,0.504955,0.521779,0.538153,0.630639,0.609379,0.635016
2024021048,2025-03-13,1,0.536048,0.466222,0.544951,0.579024,0.5525,0.545764,0.531381,0.545033,0.546867
2024021047,2025-03-13,1,0.536048,0.469172,0.534971,0.523359,0.494138,0.505581,0.531723,0.531956,0.547172
2024021045,2025-03-13,0,0.536048,0.438271,0.384439,0.321045,0.385074,0.37258,0.386721,0.383223,0.416678
2024021044,2025-03-13,1,0.536048,0.460103,0.495987,0.499385,0.506478,0.493697,0.485958,0.495752,0.506368
2024021046,2025-03-13,0,0.536048,0.512624,0.542612,0.503177,0.510032,0.515865,0.54811,0.539868,0.561736
2024021042,2025-03-13,1,0.536048,0.480498,0.518641,0.506702,0.482063,0.49284,0.516986,0.515994,0.534056
2024021041,2025-03-13,1,0.536048,0.531534,0.609755,0.567071,0.576746,0.579599,0.615621,0.606661,0.621669
2024021040,2025-03-13,0,0.536048,0.476084,0.392217,0.410648,0.423597,0.423012,0.393362,0.395377,0.422755
2024021043,2025-03-13,1,0.536048,0.358858,0.371969,0.371978,0.394826,0.408522,0.375968,0.375718,0.406811
2024021054,2025-03-14,1,0.536048,0.491179,0.445541,0.445941,0.437404,0.438175,0.442356,0.444786,0.467221
2024021049,2025-03-14,1,0.536048,0.662904,0.643432,0.68887,0.691831,0.68586,0.654301,0.647785,0.656083
2024021050,2025-03-14,0,0.536048,0.428687,0.528617,0.380531,0.432857,0.413907,0.519603,0.516849,0.536387
2024021051,2025-03-14,1,0.536048,0.535243,0.557383,0.544969,0.567044,0.56056,0.561567,0.557708,0.573686
2024021052,2025-03-14,0,0.536048,0.404023,0.41685,0.374269,0.380426,0.388178,0.414428,0.413909,0.441946
2024021053,2025-03-14,1,0.536048,0.478453,0.407151,0.425927,0.42203,0.424013,0.405597,0.408882,0.433916
2024021063,2025-03-15,0,0.536048,0.544906,0.534543,0.509811,0.499384,0.530632,0.5555,0.534142,0.5683
2024021062,2025-03-15,0,0.536048,0.468503,0.456796,0.369453,0.418396,0.411682,0.4603,0.452168,0.483372
2024021064,2025-03-15,1,0.536048,0.620389,0.612162,0.598805,0.58494,0.586072,0.618094,0.609486,0.623865
2024021065,2025-03-15,1,0.536048,0.681091,0.755239,0.781833,0.73577,0.744883,0.761101,0.754176,0.752367
2024021061,2025-03-15,0,0.536048,0.346384,0.403318,0.381797,0.397927,0.405294,0.399511,0.40352,0.428369
2024021056,2025-03-15,1,0.536048,0.432045,0.481275,0.538147,0.515321,0.515401,0.471243,0.484775,0.493194
2024021059,2025-03-15,0,0.536048,0.58317,0.537176,0.541872,0.537506,0.535024,0.540867,0.536955,0.5553
2024021058,2025-03-15,0,0.536048,0.454223,0.474746,0.437396,0.452764,0.450586,0.472302,0.472268,0.494142
2024021057,2025-03-15,0,0.536048,0.25101,0.288284,0.359026,0.384016,0.390448,0.281951,0.298763,0.318696
2024021055,2025-03-15,1,0.536048,0.396666,0.404612,0.445357,0.407554,0.416516,0.392961,0.405833,0.422388
2024021060,2025-03-15,1,0.536048,0.362149,0.342715,0.32941,0.364784,0.363745,0.340408,0.344873,0.373907
2024021066,2025-03-16,1,0.536048,0.428853,0.543372,0.429233,0.455609,0.448898,0.536669,0.53368,0.551569
2024021067,2025-03-16,1,0.536048,0.503537,0.552357,0.541443,0.558217,0.549045,0.55079,0.552017,0.564116
2024021068,2025-03-16,1,0.536048,0.632184,0.628923,0.697189,0.643279,0.645498,0.627288,0.630623,0.632037
2024021069,2025-03-16,0,0.536048,0.49247,0.42071,0.388768,0.420517,0.412105,0.421497,0.419828,0.448361
2024021070,2025-03-16,1,0.536048,0.389329,0.418131,0.347333,0.375698,0.360972,0.404149,0.412267,0.432597
2024021071,2025-03-16,0,0.536048,0.551046,0.447439,0.473137,0.459406,0.453187,0.443541,0.448029,0.468289
2024021072,2025-03-16,0,0.536048,0.340623,0.380009,0.455769,0.398718,0.411876,0.362972,0.383277,0.394838
2024021076,2025-03-17,1,0.536048,0.626208,0.582123,0.610773,0.607723,0.598081,0.585584,0.583761,0.595003
2024021075,2025-03-17,0,0.536048,0.469049,0.440886,0.386453,0.419426,0.409682,0.438637,0.437686,0.463866
2024021077,2025-03-17,1,0.536048,0.485073,0.513581,0.475752,0.476447,0.492147,0.521885,0.511382,0.538418
2024021073,2025-03-17,0,0.536048,0.585014,0.574431,0.573744,0.548035,0.553256,0.577462,0.572259,0.587794
2024021074,2025-03-17,1,0.536048,0.707992,0.674507,0.66911,0.688518,0.678503,0.688656,0.674917,0.686793
2024021086,2025-03-18,1,0.536742,0.375045,0.444143,0.442518,0.422614,0.433336,0.435554,0.443258,0.461081
2024021084,2025-03-18,0,0.536742,0.421486,0.376646,0.34537,0.357955,0.355878,0.370544,0.374944,0.401821
2024021083,2025-03-18,1,0.536742,0.747363,0.700989,0.7267,0.710331,0.722442,0.71962,0.702747,0.714654
2024021082,2025-03-18,0,0.536742,0.47554,0.483227,0.500656,0.483502,0.481424,0.475348,0.48308,0.496872
2024021085,2025-03-18,1,0.536742,0.636798,0.535823,0.544285,0.598168,0.597091,0.560363,0.540843,0.572617
2024021080,2025-03-18,0,0.536742,0.498348,0.595881,0.55455,0.548909,0.553001,0.598357,0.592368,0.60634
2024021079,2025-03-18,0,0.536742,0.616304,0.676166,0.620082,0.625471,0.62809,0.687957,0.672227,0.686166
2024021078,2025-03-18,1,0.536742,0.474804,0.470206,0.416607,0.439404,0.429178,0.467915,0.466845,0.490208
2024021081,2025-03-18,1,0.536742,0.6484,0.608151,0.603009,0.649807,0.635456,0.625648,0.610388,0.630579
2024021087,2025-03-19,1,0.536742,0.48862,0.419863,0.403029,0.421723,0.421235,0.421313,0.419975,0.448194
2024021088,2025-03-19,1,0.536742,0.580038,0.637039,0.585642,0.582919,0.572163,0.637427,0.631724,0.641054
2024021098,2025-03-20,0,0.536742,0.330055,0.31328,0.365063,0.362425,0.367299,0.303169,0.317706,0.338918
2024021102,2025-03-20,0,0.536742,0.228989,0.24905,0.376019,0.365748,0.363771,0.231528,0.258449,0.269626
2024021101,2025-03-20,1,0.536742,0.610586,0.630981,0.630958,0.633384,0.630562,0.63963,0.630947,0.643015
2024021100,2025-03-20,1,0.536742,0.566323,0.642811,0.603474,0.610563,0.608496,0.650516,0.64,0.652709
2024021099,2025-03-20,0,0.536742,0.495517,0.458381,0.463028,0.461388,0.458855,0.454697,0.45842,0.478336
2024021096,2025-03-20,0,0.536742,0.583044,0.608275,0.60582,0.616752,0.614928,0.618212,0.60882,0.62397
2024021097,2025-03-20,0,0.536742,0.573018,0.493563,0.546547,0.510343,0.523117,0.493294,0.495984,0.512926
2024021094,2025-03-20,1,0.536742,0.553717,0.57,0.54794,0.536506,0.542284,0.573572,0.56773,0.584343
2024021095,2025-03-20,1,0.536742,0.553144,0.578849,0.583036,0.56388,0.563795,0.578041,0.577616,0.588308
2024021093,2025-03-20,0,0.536742,0.380386,0.311844,0.30553,0.356918,0.346366,0.310914,0.314672,0.346245
2024021092,2025-03-20,1,0.536742,0.716245,0.671418,0.661142,0.661752,0.652581,0.681507,0.669874,0.680387
2024021091,2025-03-20,0,0.536742,0.50294,0.588977,0.48199,0.513183,0.517387,0.60069,0.583111,0.60841
2024021090,2025-03-20,0,0.536742,0.604005,0.610369,0.597957,0.566667,0.567613,0.609123,0.606866,0.615897
2024021089,2025-03-20,0,0.536742,0.445013,0.524459,0.43101,0.462489,0.451917,0.524285,0.518515,0.540554
2024021103,2025-03-21,1,0.536742,0.520421,0.653289,0.623161,0.624116,0.639485,0.666756,0.652158,0.676126
2024021117,2025-03-22,1,0.536742,0.333578,0.417347,0.443994,0.437734,0.438664,0.406065,0.419093,0.430374
2024021116,2025-03-22,1,0.536742,0.677648,0.621815,0.654176,0.660199,0.653666,0.633417,0.624424,0.645021
2024021115,2025-03-22,1,0.536742,0.633909,0.596872,0.631789,0.638532,0.615443,0.597133,0.598394,0.611129
2024021113,2025-03-22,0,0.536742,0.552259,0.559015,0.577474,0.526071,0.538633,0.554221,0.557345,0.570937
2024021112,2025-03-22,0,0.536742,0.390681,0.401363,0.359124,0.36227,0.357922,0.389997,0.397804,0.414885
2024021111,2025-03-22,1,0.536742,0.422445,0.516355,0.431038,0.435863,0.434027,0.511142,0.50961,0.530406
2024021114,2025-03-22,1,0.536742,0.40228,0.481223,0.47709,0.462961,0.476625,0.478579,0.480846,0.499609
2024021109,2025-03-22,1,0.536742,0.45811,0.422396,0.416867,0.423504,0.414,0.414359,0.421708,0.438346
2024021108,2025-03-22,0,0.536742,0.558257,0.550113,0.558346,0.537289,0.535256,0.546945,0.548896,0.564106
2024021107,2025-03-22,1,0.536742,0.72174,0.757892,0.748981,0.734855,0.731357,0.767253,0.755718,0.770055
2024021106,2025-03-22,1,0.536742,0.598387,0.585969,0.561542,0.539904,0.538405,0.585018,0.582072,0.599796
2024021105,2025-03-22,1,0.536742,0.741398,0.645182,0.638069,0.633542,0.638952,0.66201,0.644672,0.671698
2024021104,2025-03-22,1,0.536742,0.565297,0.555396,0.552124,0.529194,0.533655,0.555198,0.553615,0.571853
2024021110,2025-03-22,1,0.536742,0.522565,0.439735,0.415393,0.444999,0.444808,0.446831,0.44015,0.469419
2024021124,2025-03-23,1,0.536742,0.6121,0.602716,0.622858,0.649526,0.654449,0.623406,0.606954,0.635676
2024021123,2025-03-23,0,0.536742,0.339357,0.368522,0.38992,0.381274,0.386478,0.357403,0.369993,0.383273
2024021122,2025-03-23,1,0.536742,0.521081,0.515774,0.538697,0.534714,0.528097,0.51316,0.516784,0.53231
2024021121,2025-03-23,1,0.536742,0.616657,0.602443,0.601978,0.583685,0.584684,0.605924,0.600988,0.619346
2024021119,2025-03-23,0,0.536742,0.726391,0.742326,0.750786,0.73213,0.741138,0.757152,0.742228,0.760581
2024021118,2025-03-23,1,0.536742,0.451604,0.375928,0.378871,0.421495,0.394215,0.368549,0.377426,0.394114
2024021120,2025-03-23,1,0.536742,0.690106,0.64225,0.780816,0.719427,0.732466,0.644559,0.649641,0.655418
2024021125,2025-03-24,0,0.536742,0.559697,0.537121,0.562665,0.517673,0.534135,0.536165,0.536877,0.553974
2024021126,2025-03-24,0,0.536742,0.576621,0.608625,0.588624,0.545592,0.561255,0.609812,0.604744,0.622979
2024021127,2025-03-24,1,0.536742,0.649875,0.608736,0.629209,0.640568,0.643409,0.625094,0.611577,0.637252
2024021128,2025-03-24,0,0.536742,0.563807,0.618052,0.614323,0.620362,0.616744,0.624948,0.617945,0.637116
2024021136,2025-03-25,1,0.536742,0.667025,0.705764,0.753224,0.739439,0.754287,0.724283,0.70974,0.729821
2024021138,2025-03-25,1,0.536742,0.56257,0.600421,0.618098,0.611642,0.619236,0.609347,0.601962,0.622545
2024021137,2025-03-25,1,0.536742,0.563114,0.563605,0.562152,0.533008,0.553467,0.57009,0.562774,0.585818
2024021135,2025-03-25,1,0.536742,0.561008,0.579849,0.591775,0.59307,0.590391,0.584826,0.580713,0.599617
2024021134,2025-03-25,0,0.536742,0.458567,0.382969,0.347407,0.395302,0.374598,0.38005,0.382283,0.405266
2024021132,2025-03-25,0,0.536742,0.699278,0.674154,0.733768,0.7141,0.723264,0.688764,0.678178,0.696657
2024021131,2025-03-25,1,0.536742,0.674851,0.670207,0.681106,0.676683,0.670327,0.678861,0.670217,0.687417
2024021130,2025-03-25,1,0.536742,0.692799,0.59239,0.591447,0.605502,0.598683,0.605226,0.592906,0.618694
2024021129,2025-03-25,1,0.536742,0.473689,0.451283,0.455347,0.456391,0.454846,0.447739,0.451575,0.470285
2024021133,2025-03-25,1,0.536742,0.604885,0.628068,0.58237,0.596608,0.585276,0.634233,0.624562,0.645782
2024021139,2025-03-26,0,0.536742,0.51943,0.508024,0.49246,0.496262,0.499947,0.511697,0.507362,0.530929
2024021140,2025-03-26,0,0.536742,0.353203,0.37165,0.357162,0.388805,0.406917,0.379487,0.37454,0.404721
2024021141,2025-03-26,0,0.536742,0.498059,0.58933,0.568076,0.54094,0.552102,0.589113,0.58628,0.603628
2024021142,2025-03-26,1,0.536742,0.469444,0.499728,0.479578,0.489343,0.48462,0.498191,0.49849,0.518175
2024021152,2025-03-27,1,0.536742,0.272231,0.350438,0.410413,0.410043,0.399695,0.331846,0.354474,0.358285
2024021151,2025-03-27,1,0.536742,0.384053,0.485681,0.388372,0.426959,0.433688,0.492903,0.481421,0.513175
2024021150,2025-03-27,0,0.536742,0.373181,0.572114,0.475563,0.471668,0.502758,0.580914,0.566432,0.595955
2024021149,2025-03-27,1,0.536742,0.589644,0.580606,0.593788,0.579822,0.57887,0.58292,0.580464,0.597833
2024021148,2025-03-27,1,0.536742,0.429482,0.460066,0.357068,0.3898,0.37351,0.453757,0.452974,0.47602
2024021144,2025-03-27,0,0.536742,0.50339,0.546412,0.51545,0.515063,0.517994,0.548628,0.544084,0.565686
2024021146,2025-03-27,1,0.536742,0.467621,0.495472,0.541419,0.507591,0.521664,0.491863,0.497618,0.512191
2024021145,2025-03-27,1,0.536742,0.642124,0.555366,0.610558,0.622229,0.605118,0.560086,0.559442,0.576439
2024021143,2025-03-27,1,0.536742,0.551732,0.522706,0.540201,0.524003,0.535449,0.527185,0.52375,0.545525
2024021147,2025-03-27,0,0.536742,0.443153,0.466384,0.459142,0.476041,0.461555,0.459943,0.465988,0.481908
2024021157,2025-03-28,0,0.536742,0.279296,0.279281,0.360813,0.362425,0.367737,0.268809,0.286529,0.295765
2024021158,2025-03-28,1,0.536742,0.418896,0.466587,0.449747,0.426981,0.438197,0.459636,0.464261,0.481617
2024021156,2025-03-28,1,0.536742,0.653024,0.679251,0.734588,0.697808,0.708233,0.68667,0.681626,0.694703
2024021153,2025-03-28,1,0.536742,0.664376,0.689659,0.693437,0.702299,0.702459,0.705581,0.690708,0.712352
2024021154,2025-03-28,1,0.536742,0.683091,0.747255,0.772232,0.746828,0.761721,0.761808,0.74844,0.764946
2024021155,2025-03-28,1,0.536742,0.479292,0.488431,0.438134,0.466258,0.460388,0.491197,0.486133,0.51156
2024021169,2025-03-29,0,0.536742,0.348434,0.469492,0.507569,0.489654,0.502068,0.463426,0.472161,0.485221
2024021159,2025-03-29,1,0.536742,0.469252,0.516328,0.551859,0.544353,0.544729,0.514464,0.518655,0.533539
2024021160,2025-03-29,1,0.536742,0.660779,0.621208,0.68672,0.673168,0.672035,0.629488,0.625373,0.641354
2024021161,2025-03-29,0,0.536742,0.617441,0.613794,0.61714,0.59304,0.600493,0.619303,0.612704,0.631845
2024021162,2025-03-29,0,0.536742,0.532371,0.613255,0.581684,0.59892,0.594878,0.621038,0.611749,0.633465
2024021163,2025-03-29,0,0.536742,0.384992,0.456592,0.410576,0.422623,0.438849,0.460719,0.455138,0.482647
2024021164,2025-03-29,1,0.536742,0.590859,0.699853,0.612178,0.616203,0.621097,0.710744,0.693401,0.717173
2024021165,2025-03-29,0,0.536742,0.535376,0.616327,0.64297,0.60112,0.601472,0.609677,0.61511,0.622853
2024021166,2025-03-29,1,0.536742,0.547528,0.615329,0.559822,0.591766,0.573523,0.620273,0.611904,0.63275
2024021167,2025-03-29,1,0.536742,0.644067,0.637124,0.679799,0.6848,0.681769,0.649541,0.640782,0.660066
2024021168,2025-03-29,0,0.536742,0.312119,0.436882,0.428917,0.465668,0.467869,0.438368,0.439421,0.46134
2024021176,2025-03-30,0,0.536742,0.387142,0.506538,0.432366,0.436304,0.451497,0.508544,0.502028,0.527954
2024021175,2025-03-30,1,0.536742,0.668891,0.728395,0.742109,0.745879,0.75712,0.749591,0.730748,0.753496
2024021177,2025-03-30,1,0.536742,0.771264,0.752386,0.773048,0.729283,0.74919,0.766997,0.752125,0.769815
2024021174,2025-03-30,1,0.536742,0.450986,0.548918,0.489715,0.522295,0.525998,0.558869,0.54704,0.575297
2024021171,2025-03-30,0,0.536742,0.676278,0.729935,0.743568,0.730609,0.741877,0.745939,0.730913,0.750077
2024021172,2025-03-30,1,0.536742,0.671917,0.645602,0.719415,0.693855,0.701358,0.65592,0.65017,0.666018
2024021173,2025-03-30,0,0.536742,0.382522,0.327468,0.333014,0.35539,0.344659,0.318197,0.328877,0.34486
2024021170,2025-03-30,0,0.536742,0.695352,0.721564,0.770144,0.731083,0.743922,0.731517,0.723396,0.736583
2024021178,2025-03-31,1,0.536742,0.556467,0.579659,0.579044,0.534494,0.551362,0.579682,0.577341,0.594801
2024021179,2025-03-31,1,0.536742,0.497916,0.514149,0.552114,0.517216,0.537611,0.515342,0.516071,0.534368
2024021180,2025-03-31,0,0.536742,0.682622,0.686083,0.730568,0.719794,0.725057,0.7005,0.689277,0.707609
2024021181,2025-03-31,0,0.536742,0.337346,0.462821,0.478385,0.463501,0.481905,0.459341,0.464384,0.481336
2024021191,2025-04-01,1,0.537484,0.443907,0.493001,0.487313,0.468488,0.472329,0.479817,0.488448,0.500782
2024021190,2025-04-01,1,0.537484,0.663119,0.630562,0.625017,0.626569,0.620858,0.642583,0.630685,0.653574
2024021189,2025-04-01,0,0.537484,0.552733,0.573141,0.573789,0.60002,0.597764,0.590503,0.575358,0.604928
2024021188,2025-04-01,1,0.537484,0.542084,0.670935,0.620529,0.609878,0.605284,0.665414,0.657575,0.674874
2024021187,2025-04-01,1,0.537484,0.611158,0.600959,0.60012,0.579986,0.599757,0.609815,0.601225,0.622982
2024021184,2025-04-01,0,0.537484,0.580773,0.607229,0.605801,0.604997,0.610245,0.616947,0.606527,0.629644
2024021185,2025-04-01,1,0.537484,0.55058,0.608352,0.552836,0.559719,0.557053,0.610847,0.599656,0.623946
2024021183,2025-04-01,1,0.537484,0.386471,0.357729,0.323995,0.357511,0.348312,0.355485,0.357733,0.381404
2024021182,2025-04-01,0,0.537484,0.402852,0.386528,0.388109,0.372207,0.377067,0.370792,0.386021,0.396291
2024021186,2025-04-01,0,0.537484,0.394742,0.477231,0.433902,0.419,0.423196,0.458178,0.467192,0.480229
2024021196,2025-04-02,0,0.537484,0.588455,0.607205,0.594973,0.568279,0.577908,0.605629,0.602818,0.619071
2024021195,2025-04-02,0,0.537484,0.254141,0.261739,0.343051,0.3579,0.35567,0.253715,0.273052,0.28058
2024021194,2025-04-02,1,0.537484,0.506073,0.440646,0.396854,0.442034,0.423975,0.449421,0.441243,0.471888
2024021193,2025-04-02,1,0.537484,0.557213,0.633435,0.581488,0.590402,0.582842,0.636069,0.624077,0.647496
2024021192,2025-04-02,1,0.537484,0.569891,0.572854,0.540901,0.520845,0.529397,0.570076,0.567356,0.585804
2024021205,2025-04-03,0,0.537484,0.247997,0.284097,0.334385,0.366484,0.35633,0.277194,0.291567,0.304162
2024021203,2025-04-03,1,0.537484,0.587818,0.609769,0.564665,0.560872,0.563435,0.61313,0.603144,0.626079
2024021202,2025-04-03,0,0.537484,0.455456,0.509109,0.482797,0.4895,0.487842,0.505453,0.504297,0.525036
2024021201,2025-04-03,1,0.537484,0.743436,0.597147,0.566347,0.59444,0.597433,0.62995,0.603129,0.641785
2024021204,2025-04-03,0,0.537484,0.493562,0.496208,0.506879,0.513278,0.521293,0.503018,0.499204,0.522736
2024021199,2025-04-03,0,0.537484,0.378084,0.457046,0.343835,0.389651,0.381039,0.454959,0.444433,0.477164
2024021198,2025-04-03,1,0.537484,0.421562,0.476875,0.457901,0.43234,0.43628,0.456887,0.469604,0.479
2024021197,2025-04-03,1,0.537484,0.54293,0.558918,0.572289,0.571758,0.555217,0.55658,0.55781,0.57315
2024021200,2025-04-03,1,0.537484,0.651577,0.654133,0.682031,0.68217,0.686417,0.672558,0.658024,0.681538
2024021206,2025-04-04,1,0.537484,0.386749,0.405015,0.331271,0.363052,0.340556,0.392462,0.396297,0.419719
2024021207,2025-04-04,1,0.537484,0.77479,0.772381,0.809345,0.735183,0.76352,0.772216,0.771382,0.780992
2024021208,2025-04-04,1,0.537484,0.502902,0.550589,0.464321,0.475885,0.475097,0.548425,0.53931,0.570422
2024021217,2025-04-05,1,0.537484,0.593996,0.558778,0.564624,0.544094,0.565231,0.566627,0.561008,0.587729
2024021220,2025-04-05,0,0.537484,0.422048,0.46078,0.41324,0.413288,0.420197,0.451891,0.454185,0.47772
2024021221,2025-04-05,0,0.537484,0.357495,0.370902,0.362952,0.392043,0.378981,0.364941,0.371356,0.392569
2024021219,2025-04-05,1,0.537484,0.369394,0.462539,0.448874,0.424256,0.423159,0.436895,0.453881,0.46316
2024021218,2025-04-05,1,0.537484,0.465411,0.472946,0.438591,0.444524,0.45269,0.472464,0.470133,0.497621
2024021216,2025-04-05,1,0.537484,0.652076,0.570546,0.61728,0.630997,0.633537,0.596221,0.581654,0.615773
2024021210,2025-04-05,1,0.537484,0.444665,0.409604,0.377373,0.404699,0.397028,0.410015,0.409473,0.436936
2024021214,2025-04-05,1,0.537484,0.369745,0.373821,0.342101,0.376615,0.374247,0.374261,0.373708,0.401785
2024021213,2025-04-05,1,0.537484,0.515994,0.569758,0.556183,0.553308,0.564715,0.574505,0.566949,0.595206
2024021212,2025-04-05,1,0.537484,0.61121,0.653188,0.627834,0.587758,0.603109,0.64894,0.645285,0.665482
2024021211,2025-04-05,0,0.537484,0.74535,0.617529,0.615353,0.600663,0.615344,0.63776,0.622455,0.654963
2024021209,2025-04-05,1,0.537484,0.525909,0.550909,0.575675,0.536693,0.551457,0.543136,0.54996,0.565384
2024021215,2025-04-05,1,0.537484,0.400509,0.370568,0.393025,0.374107,0.383648,0.357189,0.373404,0.384885
2024021222,2025-04-06,1,0.537484,0.416163,0.441156,0.368052,0.376709,0.385084,0.434031,0.433202,0.460373
2024021223,2025-04-06,1,0.537484,0.372843,0.5833,0.502548,0.482783,0.507942,0.568869,0.565421,0.589857
2024021224,2025-04-06,1,0.537484,0.60195,0.597744,0.606011,0.579853,0.574401,0.592389,0.595027,0.612148
2024021225,2025-04-06,1,0.537484,0.428001,0.477272,0.358999,0.403116,0.388735,0.475226,0.464315,0.500286
2024021226,2025-04-06,1,0.537484,0.557398,0.534784,0.542911,0.544414,0.536622,0.537451,0.53593,0.559964
2024021227,2025-04-06,1,0.537484,0.405067,0.469882,0.402114,0.39919,0.418406,0.462068,0.460879,0.487576
2024021228,2025-04-06,0,0.537484,0.491145,0.615129,0.572715,0.554385,0.574436,0.612548,0.605054,0.631199
2024021229,2025-04-06,0,0.537484,0.436977,0.471275,0.45025,0.43465,0.417009,0.44723,0.463166,0.4732
2024021234,2025-04-07,0,0.537484,0.339413,0.366017,0.376004,0.388139,0.392551,0.359699,0.368218,0.387375
2024021233,2025-04-07,0,0.537484,0.647267,0.673065,0.692754,0.692934,0.707114,0.695011,0.676229,0.708726
2024021231,2025-04-07,1,0.537484,0.613208,0.63901,0.61809,0.62174,0.631636,0.653812,0.637049,0.670062
2024021230,2025-04-07,0,0.537484,0.456195,0.485279,0.463107,0.460663,0.459236,0.47701,0.480875,0.502006
2024021232,2025-04-07,1,0.537484,0.357657,0.39592,0.377407,0.380224,0.370947,0.377828,0.391275,0.405306
2024021235,2025-04-08,1,0.537484,0.420352,0.324358,0.345676,0.361143,0.370055,0.327957,0.333914,0.355757
2024021236,2025-04-08,1,0.537484,0.525614,0.518196,0.496808,0.479718,0.491311,0.514623,0.515171,0.538147
2024021237,2025-04-08,1,0.537484,0.537413,0.659669,0.627824,0.605422,0.604981,0.651428,0.647933,0.667821
2024021238,2025-04-08,0,0.537484,0.61681,0.66528,0.640391,0.603809,0.610668,0.659656,0.656552,0.675554
2024021239,2025-04-08,1,0.537484,0.454399,0.529542,0.504786,0.504502,0.507352,0.525024,0.523742,0.548099
2024021240,2025-04-08,1,0.537484,0.647972,0.642779,0.71606,0.706903,0.711981,0.661092,0.651552,0.676903
2024021241,2025-04-08,1,0.537484,0.480537,0.528188,0.518811,0.521536,0.530472,0.531395,0.526533,0.554184
2024021242,2025-04-08,0,0.537484,0.684167,0.536894,0.566033,0.582995,0.590182,0.566448,0.549473,0.587559
2024021243,2025-04-08,1,0.537484,0.55691,0.666086,0.59522,0.615271,0.618168,0.67702,0.655719,0.691856
2024021244,2025-04-08,1,0.537484,0.561884,0.601767,0.583045,0.543035,0.553706,0.59146,0.5942,0.611269
2024021248,2025-04-09,1,0.537484,0.559388,0.638104,0.594079,0.591274,0.589582,0.638665,0.628901,0.655815
2024021247,2025-04-09,1,0.537484,0.739708,0.723976,0.725161,0.702581,0.722481,0.741516,0.724431,0.752268
2024021249,2025-04-09,1,0.537484,0.469589,0.468756,0.446773,0.449092,0.448227,0.463765,0.46625,0.489217
2024021245,2025-04-09,0,0.537484,0.57387,0.658345,0.633418,0.632955,0.63922,0.666626,0.652545,0.6821
2024021246,2025-04-09,0,0.537484,0.645094,0.612295,0.609516,0.609113,0.615428,0.627419,0.614016,0.645224
2024021259,2025-04-10,1,0.537484,0.688829,0.768367,0.769492,0.750372,0.763566,0.780261,0.76454,0.788521
2024021257,2025-04-10,0,0.537484,0.610555,0.602425,0.607603,0.570826,0.583857,0.600559,0.600458,0.619874
2024021256,2025-04-10,0,0.537484,0.660152,0.668601,0.706618,0.695525,0.703351,0.684616,0.672557,0.698981
2024021255,2025-04-10,0,0.537484,0.533033,0.397693,0.385571,0.441787,0.448097,0.426833,0.409431,0.453363
2024021258,2025-04-10,1,0.537484,0.662567,0.637207,0.716575,0.704167,0.708813,0.655206,0.647097,0.671373
2024021253,2025-04-10,1,0.537484,0.489116,0.556786,0.536172,0.536298,0.526948,0.550673,0.550343,0.572562
2024021252,2025-04-10,1,0.537484,0.521117,0.474005,0.455491,0.469173,0.476225,0.482656,0.476194,0.507448
2024021251,2025-04-10,1,0.537484,0.644199,0.714831,0.750639,0.726594,0.7402,0.725452,0.715099,0.737234
2024021250,2025-04-10,0,0.537484,0.680811,0.600251,0.611918,0.641931,0.631315,0.627087,0.607369,0.644911
2024021254,2025-04-10,0,0.537484,0.501354,0.572402,0.467846,0.47765,0.480332,0.569551,0.558123,0.590505
2024021260,2025-04-11,1,0.537484,0.567023,0.627824,0.609775,0.588942,0.601434,0.628669,0.622087,0.646401
2024021261,2025-04-11,0,0.537484,0.667753,0.691548,0.668326,0.674848,0.670968,0.705572,0.688034,0.718621
2024021262,2025-04-11,0,0.537484,0.613537,0.640997,0.59858,0.571492,0.584247,0.64029,0.63286,0.657345
2024021263,2025-04-11,1,0.537484,0.804798,0.794341,0.77725,0.735699,0.754342,0.803827,0.789817,0.810588
2024021264,2025-04-11,1,0.537484,0.512249,0.540827,0.511327,0.494395,0.520912,0.542842,0.537202,0.565103
2024021272,2025-04-12,0,0.537484,0.665332,0.50467,0.523995,0.568279,0.571241,0.542738,0.519437,0.565005
2024021275,2025-04-12,1,0.537484,0.441492,0.467253,0.461633,0.466202,0.473664,0.466642,0.466999,0.491998
2024021274,2025-04-12,1,0.537484,0.691638,0.613994,0.659681,0.671561,0.673017,0.641902,0.624453,0.658861
2024021273,2025-04-12,0,0.537484,0.555193,0.636108,0.585387,0.580501,0.591875,0.640365,0.627346,0.657415
2024021271,2025-04-12,0,0.537484,0.233284,0.231871,0.35747,0.361663,0.369842,0.225641,0.248999,0.251609
2024021267,2025-04-12,1,0.537484,0.502026,0.534145,0.551658,0.50093,0.513912,0.516808,0.530336,0.54024
2024021269,2025-04-12,1,0.537484,0.638409,0.650369,0.686723,0.694862,0.696267,0.671533,0.655562,0.686706
2024021268,2025-04-12,1,0.537484,0.635495,0.72819,0.756089,0.709845,0.743437,0.735431,0.726308,0.746574
2024021266,2025-04-12,1,0.537484,0.604474,0.666679,0.68122,0.637596,0.652412,0.663456,0.662385,0.679123
2024021265,2025-04-12,1,0.537484,0.490814,0.504864,0.528078,0.513289,0.52799,0.505344,0.507154,0.529255
2024021270,2025-04-12,1,0.537484,0.407992,0.409287,0.405065,0.398973,0.407104,0.400066,0.408964,0.427186
2024021284,2025-04-13,0,0.537484,0.337363,0.382188,0.373147,0.391537,0.401401,0.379639,0.382743,0.407093
2024021283,2025-04-13,1,0.537484,0.730737,0.730318,0.746743,0.704253,0.717805,0.735986,0.728787,0.747093
2024021282,2025-04-13,0,0.537484,0.605362,0.495199,0.576123,0.546647,0.539761,0.492536,0.505191,0.516957
2024021281,2025-04-13,0,0.537484,0.632574,0.646127,0.716154,0.695158,0.713837,0.663282,0.653953,0.67896
2024021279,2025-04-13,0,0.537484,0.54859,0.624781,0.657621,0.624393,0.614894,0.612693,0.62046,0.631336
2024021278,2025-04-13,0,0.537484,0.532558,0.538867,0.538199,0.556203,0.54427,0.54528,0.539279,0.567426
2024021277,2025-04-13,0,0.537484,0.590911,0.643726,0.608537,0.583288,0.595755,0.642835,0.635644,0.65974
2024021276,2025-04-13,1,0.537484,0.632904,0.670409,0.606672,0.622203,0.634688,0.689145,0.664465,0.703227
2024021280,2025-04-13,1,0.537484,0.646905,0.727341,0.76955,0.742414,0.760428,0.739104,0.728165,0.750011
2024021289,2025-04-14,0,0.537484,0.546163,0.494443,0.50396,0.513993,0.495135,0.494667,0.496631,0.519005
2024021290,2025-04-14,1,0.537484,0.753945,0.794948,0.777783,0.740028,0.761131,0.803478,0.789098,0.81026
2024021288,2025-04-14,0,0.537484,0.457188,0.452741,0.527298,0.487114,0.509891,0.445509,0.459993,0.47153
2024021287,2025-04-14,0,0.537484,0.618957,0.655402,0.687666,0.646057,0.663183,0.656603,0.654883,0.672686
2024021286,2025-04-14,1,0.537484,0.390989,0.541889,0.506964,0.475963,0.487536,0.52042,0.529031,0.543696
2024021285,2025-04-14,0,0.537484,0.679209,0.676397,0.714138,0.712016,0.722434,0.69966,0.682207,0.713082
2024021300,2025-04-15,0,0.53848,0.403076,0.431179,0.360448,0.384514,0.392258,0.442579,0.425998,0.468685
2024021298,2025-04-15,1,0.53848,0.623434,0.668538,0.653821,0.621879,0.6389,0.677737,0.664593,0.692529
2024021297,2025-04-15,1,0.53848,0.570281,0.610473,0.541012,0.55309,0.566816,0.632619,0.604662,0.650122
2024021296,2025-04-15,0,0.53848,0.440749,0.463469,0.439361,0.451833,0.440417,0.459045,0.4604,0.48465
2024021299,2025-04-15,1,0.53848,0.417802,0.494914,0.438064,0.419562,0.4314,0.491126,0.486459,0.5156
2024021294,2025-04-15,1,0.53848,0.556086,0.553634,0.533219,0.520633,0.52962,0.559599,0.550438,0.581052
2024021293,2025-04-15,0,0.53848,0.716934,0.787938,0.772398,0.750066,0.762025,0.802234,0.784489,0.809095
2024021292,2025-04-15,0,0.53848,0.42749,0.440275,0.467519,0.436213,0.446796,0.430964,0.441143,0.457387
2024021291,2025-04-15,0,0.53848,0.489333,0.450144,0.461524,0.456929,0.459609,0.449896,0.451404,0.475787
2024021295,2025-04-15,0,0.53848,0.474555,0.516879,0.543186,0.514579,0.531448,0.519128,0.518818,0.54246
2024021301,2025-04-16,1,0.53848,0.4155,0.366501,0.360382,0.367654,0.369864,0.364817,0.366949,0.392446
2024021302,2025-04-16,1,0.53848,0.756178,0.784692,0.773526,0.749144,0.766718,0.802761,0.7823,0.809589
2024021303,2025-04-16,0,0.53848,0.562163,0.507102,0.564299,0.526952,0.539555,0.504786,0.511422,0.52872
2024021304,2025-04-16,1,0.53848,0.344067,0.477813,0.489377,0.472676,0.495192,0.484252,0.480127,0.508985
2024021305,2025-04-16,0,0.53848,0.446217,0.56278,0.500626,0.504369,0.503618,0.565451,0.554905,0.586612
2024021306,2025-04-16,0,0.53848,0.237957,0.239763,0.340267,0.360561,0.37198,0.245093,0.257363,0.271705
2024021311,2025-04-17,1,0.53848,0.41488,0.368249,0.341097,0.368348,0.375312,0.379745,0.369189,0.407198
2024021312,2025-04-17,1,0.53848,0.565352,0.571774,0.588465,0.555715,0.568228,0.573155,0.571302,0.593925
2024021310,2025-04-17,1,0.53848,0.438837,0.479325,0.442178,0.433801,0.440997,0.478137,0.474223,0.503093
2024021307,2025-04-17,1,0.53848,0.601145,0.522603,0.510202,0.530224,0.535422,0.542628,0.524309,0.564899
2024021308,2025-04-17,1,0.53848,0.638371,0.608886,0.582863,0.62381,0.622607,0.63922,0.610712,0.656337
2024020653,2025-04-17,0,0.53848,0.646067,0.613438,0.701672,0.690421,0.701791,0.633965,0.625199,0.65139
2024021309,2025-04-17,1,0.53848,0.472448,0.51809,0.452194,0.457844,0.469979,0.529394,0.511686,0.552274
2025020001,2025-10-07,1,0.538552,0.770076,0.768204,0.746091,0.738142,0.753567,0.79157,0.766603,0.791034
2025020002,2025-10-07,0,0.538552,0.599332,0.620075,0.587899,0.585993,0.580751,0.627043,0.615774,0.642874
2025020003,2025-10-07,0,0.538552,0.503053,0.51,0.491949,0.482321,0.480271,0.507917,0.506748,0.535643
2025020007,2025-10-08,0,0.538552,0.546698,0.608008,0.599144,0.600972,0.59167,0.613643,0.606221,0.630871
2025020006,2025-10-08,0,0.538552,0.630664,0.624896,0.61266,0.638854,0.620992,0.63788,0.624469,0.652577
2025020004,2025-10-08,1,0.538552,0.633184,0.613865,0.609397,0.635678,0.612396,0.62388,0.613705,0.640041
2025020005,2025-10-08,0,0.538552,0.605244,0.634643,0.589668,0.618486,0.616245,0.654995,0.63263,0.6679
2025020016,2025-10-09,1,0.538552,0.485493,0.554567,0.570544,0.515399,0.534919,0.550436,0.552418,0.574096
2025020020,2025-10-09,0,0.538552,0.293442,0.404884,0.413232,0.399044,0.420566,0.404079,0.406599,0.440173
2025020019,2025-10-09,1,0.538552,0.530562,0.614211,0.585,0.576063,0.570864,0.616837,0.60947,0.633732
2025020018,2025-10-09,1,0.538552,0.630276,0.596422,0.566437,0.602329,0.586497,0.611924,0.595336,0.62933
2025020017,2025-10-09,0,0.538552,0.570766,0.597518,0.585702,0.624054,0.621423,0.621019,0.600132,0.637478
2025020021,2025-10-09,1,0.538552,0.584467,0.620592,0.58245,0.599135,0.592908,0.633521,0.617564,0.648674
2025020015,2025-10-09,0,0.538552,0.592093,0.551981,0.512761,0.53591,0.537348,0.568167,0.550381,0.590059
2025020012,2025-10-09,1,0.538552,0.726989,0.690415,0.675282,0.700226,0.700318,0.716961,0.691499,0.723472
2025020013,2025-10-09,1,0.538552,0.54803,0.502345,0.495004,0.514002,0.502125,0.507389,0.502321,0.535163
2025020008,2025-10-09,1,0.538552,0.641409,0.551166,0.632933,0.630161,0.620848,0.558798,0.558788,0.581628
2025020009,2025-10-09,0,0.538552,0.504226,0.513675,0.503606,0.471893,0.475402,0.506567,0.509489,0.534418
2025020014,2025-10-09,1,0.538552,0.613338,0.679659,0.666951,0.639137,0.641867,0.684893,0.675525,0.694683
2025020011,2025-10-09,0,0.538552,0.586539,0.591805,0.586157,0.56709,0.564377,0.59306,0.588805,0.612417
2025020010,2025-10-09,0,0.538552,0.56457,0.67406,0.616468,0.630359,0.635128,0.692335,0.669801,0.701357
2025020037,2025-10-11,1,0.538552,0.448012,0.490204,0.463867,0.450762,0.454399,0.486917,0.486288,0.516538
2025020035,2025-10-11,1,0.538552,0.617766,0.621215,0.578715,0.586617,0.570895,0.62631,0.615711,0.642217
2025020033,2025-10-11,0,0.538552,0.558092,0.556028,0.546574,0.533128,0.543774,0.563934,0.554688,0.586251
2025020032,2025-10-11,0,0.538552,0.483633,0.471856,0.426805,0.462975,0.459948,0.483312,0.470554,0.51325
2025020031,2025-10-11,0,0.538552,0.423207,0.442677,0.394274,0.408199,0.407457,0.443142,0.438824,0.476408
2025020030,2025-10-11,1,0.538552,0.679061,0.708563,0.69582,0.68688,0.698698,0.727867,0.707484,0.733287
2025020029,2025-10-11,0,0.538552,0.485246,0.484786,0.436339,0.450114,0.443192,0.485693,0.480236,0.515422
2025020036,2025-10-11,0,0.538552,0.424224,0.466192,0.424531,0.443698,0.445427,0.471937,0.463921,0.502856
2025020027,2025-10-11,1,0.538552,0.645835,0.619944,0.637083,0.644267,0.648412,0.639366,0.623058,0.653907
2025020028,2025-10-11,0,0.538552,0.461593,0.518748,0.498439,0.49981,0.491489,0.517034,0.515767,0.543912
2025020022,2025-10-11,1,0.538552,0.575367,0.599143,0.600465,0.602653,0.591722,0.604728,0.598331,0.622881
2025020023,2025-10-11,0,0.538552,0.485681,0.574205,0.572902,0.552597,0.550407,0.572201,0.571602,0.593686
2025020034,2025-10-11,0,0.538552,0.568916,0.604888,0.591228,0.618742,0.619423,0.62612,0.606478,0.642047
2025020024,2025-10-11,1,0.538552,0.538502,0.510211,0.508215,0.502208,0.506252,0.514667,0.509778,0.541767
2025020025,2025-10-11,1,0.538552,0.442781,0.543818,0.522474,0.521776,0.532115,0.552594,0.542538,0.576041
2025020026,2025-10-11,0,0.538552,0.614318,0.641371,0.624292,0.621468,0.620185,0.652202,0.639054,0.665399
2025020038,2025-10-12,0,0.538552,0.535693,0.525896,0.548974,0.521354,0.536889,0.530365,0.527098,0.555979
2025020048,2025-10-13,1,0.538552,0.390561,0.340719,0.362618,0.363616,0.357061,0.330303,0.342506,0.370325
2025020047,2025-10-13,1,0.538552,0.486848,0.507023,0.523012,0.477149,0.485515,0.497602,0.504671,0.526269
2025020046,2025-10-13,0,0.538552,0.486759,0.554185,0.547372,0.530868,0.544789,0.561095,0.553157,0.583696
2025020045,2025-10-13,0,0.538552,0.545315,0.555167,0.517497,0.542938,0.540704,0.56943,0.553585,0.591195
2025020044,2025-10-13,1,0.538552,0.322461,0.369394,0.380543,0.389551,0.39623,0.368493,0.372329,0.40674
2025020043,2025-10-13,0,0.538552,0.609507,0.533913,0.517041,0.511224,0.524078,0.545571,0.532837,0.569709
2025020042,2025-10-13,0,0.538552,0.385947,0.447016,0.407204,0.396917,0.405854,0.442959,0.442513,0.476239
2025020040,2025-10-13,0,0.538552,0.462834,0.442419,0.452299,0.420905,0.434544,0.436848,0.441558,0.470599
2025020039,2025-10-13,0,0.538552,0.405165,0.397549,0.38012,0.371608,0.37429,0.389494,0.395005,0.426524
2025020041,2025-10-13,0,0.538552,0.604365,0.583094,0.576757,0.577715,0.574189,0.59166,0.58212,0.611161
2025020056,2025-10-14,1,0.537865,0.489464,0.536339,0.468522,0.485732,0.484316,0.543327,0.532229,0.567685
2025020055,2025-10-14,0,0.537865,0.274747,0.247776,0.341064,0.354739,0.351617,0.248735,0.256049,0.290205
2025020054,2025-10-14,1,0.537865,0.601539,0.64541,0.58039,0.581227,0.590319,0.654425,0.640934,0.66739
2025020053,2025-10-14,0,0.537865,0.468535,0.515374,0.491858,0.499718,0.501608,0.521935,0.51426,0.548351
2025020052,2025-10-14,1,0.537865,0.515716,0.584219,0.539695,0.53975,0.54446,0.590176,0.58101,0.609829
2025020050,2025-10-14,1,0.537865,0.536365,0.503237,0.523213,0.509009,0.515262,0.500967,0.504118,0.52933
2025020049,2025-10-14,1,0.537865,0.638703,0.529351,0.585385,0.624755,0.605217,0.557151,0.535597,0.580146
2025020051,2025-10-14,0,0.537865,0.469775,0.4569,0.507272,0.48379,0.491979,0.450323,0.459587,0.483022
2025020057,2025-10-15,1,0.537865,0.493649,0.482663,0.437375,0.44187,0.430297,0.476035,0.478645,0.506603
2025020058,2025-10-15,1,0.537865,0.403197,0.419408,0.377043,0.398754,0.408064,0.425933,0.4184,0.460499
2025020059,2025-10-15,0,0.537865,0.714629,0.694364,0.71967,0.701207,0.711389,0.70534,0.695596,0.713028
2025020060,2025-10-15,1,0.537865,0.549672,0.644904,0.60093,0.596321,0.603473,0.653856,0.641534,0.666881
2025020070,2025-10-16,0,0.537865,0.378147,0.34757,0.344762,0.358272,0.349743,0.342025,0.347842,0.381565
2025020069,2025-10-16,1,0.537865,0.618021,0.632299,0.620921,0.620472,0.621002,0.643344,0.631397,0.657469
2025020068,2025-10-16,0,0.537865,0.620578,0.589774,0.54474,0.53803,0.54744,0.591523,0.586306,0.611038
2025020067,2025-10-16,0,0.537865,0.42767,0.409772,0.382568,0.412179,0.406227,0.416601,0.40956,0.451838
2025020066,2025-10-16,0,0.537865,0.36495,0.409123,0.372124,0.400427,0.403636,0.418185,0.408651,0.45331
2025020071,2025-10-16,0,0.537865,0.623708,0.654002,0.642643,0.606577,0.610372,0.647095,0.650497,0.660827
2025020064,2025-10-16,1,0.537865,0.411647,0.478035,0.383156,0.404682,0.410016,0.482171,0.472577,0.512209
2025020063,2025-10-16,1,0.537865,0.557602,0.479423,0.542608,0.534844,0.51315,0.47493,0.482352,0.505593
2025020062,2025-10-16,1,0.537865,0.567549,0.54754,0.558112,0.551852,0.546586,0.549056,0.547526,0.572852
2025020061,2025-10-16,1,0.537865,0.578681,0.520139,0.521447,0.522224,0.534964,0.527366,0.521166,0.553266
2025020065,2025-10-16,1,0.537865,0.378915,0.436192,0.435154,0.425994,0.430685,0.430048,0.4357,0.464311
2025020072,2025-10-17,1,0.537865,0.487236,0.506159,0.532914,0.519799,0.52367,0.506013,0.507503,0.529218
2025020073,2025-10-17,1,0.537865,0.575261,0.568578,0.567584,0.559292,0.549695,0.567958,0.567192,0.584755
2025020074,2025-10-17,0,0.537865,0.415697,0.474724,0.369251,0.385744,0.40365,0.478096,0.468877,0.504024
2025020075,2025-10-17,1,0.537865,0.727652,0.765642,0.790627,0.735349,0.749801,0.760071,0.764217,0.757075
2025020087,2025-10-18,1,0.537865,0.621277,0.596363,0.59477,0.582668,0.574267,0.595543,0.594708,0.60939
2025020086,2025-10-18,0,0.537865,0.490314,0.439761,0.400769,0.420946,0.410853,0.439703,0.437586,0.469134
2025020085,2025-10-18,1,0.537865,0.665568,0.714371,0.730816,0.719022,0.728589,0.730376,0.715387,0.730139
2025020084,2025-10-18,1,0.537865,0.691273,0.6623,0.688777,0.702968,0.700824,0.687492,0.665381,0.691548
2025020083,2025-10-18,1,0.537865,0.505923,0.520474,0.556863,0.500772,0.506517,0.497276,0.5193,0.521347
2025020082,2025-10-18,1,0.537865,0.474414,0.551706,0.486507,0.517308,0.520369,0.570334,0.549185,0.586878
2025020078,2025-10-18,1,0.537865,0.44553,0.460231,0.508499,0.467817,0.482725,0.446047,0.461841,0.474922
2025020080,2025-10-18,0,0.537865,0.500492,0.494886,0.474966,0.464962,0.467439,0.488518,0.49268,0.513445
2025020079,2025-10-18,0,0.537865,0.632741,0.565691,0.562787,0.58098,0.576725,0.580906,0.566616,0.596322
2025020077,2025-10-18,0,0.537865,0.583944,0.559837,0.565976,0.559086,0.551726,0.560628,0.55928,0.578202
2025020076,2025-10-18,1,0.537865,0.396801,0.410345,0.390241,0.37755,0.388175,0.398352,0.408462,0.431156
2025020088,2025-10-18,0,0.537865,0.361346,0.301121,0.359351,0.345624,0.33906,0.28498,0.304207,0.323979
2025020081,2025-10-18,1,0.537865,0.467374,0.565923,0.558238,0.523605,0.546771,0.561009,0.564133,0.578543
2025020091,2025-10-19,1,0.537865,0.49954,0.452628,0.453123,0.433476,0.439341,0.439882,0.451505,0.469297
2025020092,2025-10-19,1,0.537865,0.572062,0.69747,0.636271,0.651976,0.659604,0.719091,0.694378,0.719954
2025020089,2025-10-19,0,0.537865,0.579166,0.597264,0.601536,0.600521,0.593126,0.605105,0.597022,0.617923
2025020090,2025-10-19,1,0.537865,0.459896,0.530783,0.494389,0.503331,0.513939,0.540808,0.529323,0.560462
2025020093,2025-10-20,0,0.537865,0.569478,0.606467,0.608432,0.599749,0.599122,0.612623,0.605892,0.624632
2025020094,2025-10-20,1,0.537865,0.490783,0.506729,0.519589,0.49498,0.502682,0.499017,0.506318,0.522916
2025020095,2025-10-20,1,0.537865,0.534761,0.57641,0.572122,0.554911,0.558371,0.575776,0.574939,0.591741
2025020096,2025-10-20,0,0.537865,0.39153,0.45972,0.473899,0.445331,0.477827,0.454902,0.460777,0.482985
2025020097,2025-10-20,1,0.537865,0.518077,0.474471,0.517302,0.49889,0.504721,0.46997,0.476802,0.496665
2025020098,2025-10-21,0,0.537865,0.590043,0.539858,0.538025,0.540176,0.544925,0.546733,0.540205,0.565769
2025020099,2025-10-21,0,0.537865,0.451004,0.501266,0.527258,0.494719,0.507895,0.492515,0.501638,0.517053
2025020100,2025-10-21,1,0.537865,0.696472,0.749774,0.73822,0.726187,0.74224,0.765617,0.748989,0.762132
2025020101,2025-10-21,1,0.537865,0.498002,0.513963,0.569494,0.516564,0.520202,0.493933,0.514415,0.518332
2025020102,2025-10-21,1,0.537865,0.611854,0.678697,0.648739,0.633009,0.633468,0.682653,0.675104,0.687211
2025020103,2025-10-21,0,0.537865,0.401285,0.380984,0.363794,0.36957,0.371087,0.374759,0.380182,0.409262
2025020104,2025-10-21,0,0.537865,0.548205,0.525607,0.515016,0.531025,0.521908,0.534678,0.52542,0.554968
2025020105,2025-10-21,0,0.537865,0.566129,0.588177,0.566473,0.559523,0.567297,0.593276,0.58643,0.607366
2025020106,2025-10-21,0,0.537865,0.608188,0.577102,0.570682,0.551575,0.561615,0.575675,0.575756,0.59165
2025020107,2025-10-21,1,0.537865,0.430166,0.452523,0.450837,0.445971,0.4549,0.450821,0.452607,0.479271
2025020110,2025-10-22,0,0.537865,0.516358,0.540282,0.56733,0.548094,0.548427,0.538217,0.540924,0.558141
2025020108,2025-10-22,1,0.537865,0.557598,0.487016,0.559784,0.535568,0.515415,0.475071,0.489504,0.501286
2025020109,2025-10-22,1,0.537865,0.495107,0.491102,0.456861,0.466933,0.454011,0.489775,0.488311,0.51458
2025020111,2025-10-23,0,0.537865,0.578826,0.522963,0.518141,0.527474,0.527208,0.530675,0.523303,0.551378
2025020112,2025-10-23,1,0.537865,0.587326,0.587099,0.572846,0.573625,0.570754,0.593874,0.585836,0.6079
2025020113,2025-10-23,0,0.537865,0.689924,0.708794,0.704572,0.710531,0.71992,0.73167,0.709567,0.731309
2025020114,2025-10-23,0,0.537865,0.654526,0.653745,0.668385,0.671305,0.663333,0.668605,0.654599,0.674631
2025020115,2025-10-23,1,0.537865,0.48266,0.586406,0.490559,0.510884,0.520615,0.599978,0.581074,0.613348
2025020116,2025-10-23,0,0.537865,0.747857,0.767839,0.768704,0.740809,0.751647,0.774537,0.766428,0.770282
2025020117,2025-10-23,0,0.537865,0.566136,0.495843,0.493341,0.493091,0.494089,0.495941,0.495692,0.520144
2025020118,2025-10-23,1,0.537865,0.466793,0.528135,0.549501,0.503884,0.52261,0.515075,0.527478,0.53737
2025020119,2025-10-23,0,0.537865,0.549653,0.51624,0.530293,0.52809,0.518648,0.516497,0.516541,0.538648
2025020120,2025-10-23,0,0.537865,0.684727,0.659159,0.674175,0.675191,0.669167,0.673351,0.660023,0.678879
2025020121,2025-10-23,0,0.537865,0.564159,0.547264,0.539955,0.552921,0.542302,0.556338,0.546995,0.574365
2025020122,2025-10-23,1,0.537865,0.62537,0.658417,0.625525,0.648566,0.629988,0.67648,0.656379,0.681681
2025020126,2025-10-24,1,0.537865,0.673238,0.53428,0.627588,0.598613,0.593494,0.528821,0.539037,0.549715
2025020125,2025-10-24,0,0.537865,0.489829,0.454829,0.47142,0.451768,0.446682,0.441211,0.454242,0.470511
2025020124,2025-10-24,1,0.537865,0.750159,0.7965,0.752666,0.757227,0.77241,0.817619,0.794412,0.810049
2025020123,2025-10-24,1,0.537865,0.463349,0.491499,0.448609,0.472291,0.467975,0.500754,0.489683,0.524482
2025020139,2025-10-25,1,0.537865,0.423786,0.456023,0.414773,0.417438,0.435183,0.456983,0.454163,0.484877
2025020138,2025-10-25,1,0.537865,0.499389,0.438357,0.407066,0.426604,0.415954,0.438397,0.436705,0.467942
2025020137,2025-10-25,1,0.537865,0.426843,0.471655,0.410187,0.44326,0.433559,0.481286,0.468747,0.50691
2025020136,2025-10-25,0,0.537865,0.545089,0.534758,0.534705,0.526468,0.536825,0.537824,0.534801,0.557789
2025020135,2025-10-25,0,0.537865,0.600842,0.503018,0.567069,0.547697,0.559701,0.503864,0.507374,0.527284
2025020133,2025-10-25,1,0.537865,0.499905,0.551905,0.565927,0.538743,0.538557,0.544722,0.550849,0.563968
2025020134,2025-10-25,0,0.537865,0.53083,0.607418,0.587136,0.561968,0.564671,0.60296,0.603995,0.616009
2025020131,2025-10-25,0,0.537865,0.502862,0.455252,0.458509,0.448135,0.441088,0.444564,0.45421,0.473569
2025020130,2025-10-25,1,0.537865,0.552424,0.550839,0.559803,0.542683,0.529164,0.543631,0.549277,0.562991
2025020129,2025-10-25,1,0.537865,0.644627,0.646276,0.689713,0.671603,0.667335,0.652702,0.647996,0.660412
2025020128,2025-10-25,1,0.537865,0.387055,0.327485,0.342332,0.358258,0.35048,0.323825,0.3294,0.361309
2025020127,2025-10-25,1,0.537865,0.503166,0.4916,0.496836,0.488493,0.495482,0.490635,0.491826,0.515356
2025020132,2025-10-25,1,0.537865,0.593813,0.555927,0.563755,0.559539,0.539629,0.55396,0.554866,0.572237
2025020145,2025-10-26,0,0.537865,0.4227,0.468065,0.436646,0.404174,0.393382,0.440775,0.462267,0.470113
2025020147,2025-10-26,1,0.537865,0.447832,0.427911,0.425802,0.461574,0.442325,0.43874,0.429279,0.468255
2025020146,2025-10-26,1,0.537865,0.484556,0.450119,0.479573,0.470144,0.45741,0.44157,0.450846,0.470839
2025020144,2025-10-26,0,0.537865,0.384913,0.431654,0.376593,0.373478,0.380785,0.422115,0.427534,0.453037
2025020141,2025-10-26,1,0.537865,0.505753,0.490058,0.493322,0.468916,0.444912,0.469,0.486758,0.495786
2025020142,2025-10-26,0,0.537865,0.717238,0.657676,0.733542,0.700078,0.710406,0.66236,0.661738,0.669045
2025020140,2025-10-26,1,0.537865,0.463511,0.472769,0.400414,0.435549,0.445232,0.487906,0.470472,0.512893
2025020143,2025-10-26,0,0.537865,0.612345,0.591202,0.551328,0.540604,0.551783,0.592123,0.587945,0.606338
2025020148,2025-10-27,1,0.537865,0.492849,0.505082,0.500572,0.500234,0.493009,0.504742,0.504208,0.528074
2025020149,2025-10-27,1,0.537865,0.58183,0.63627,0.614868,0.622878,0.626516,0.652979,0.635454,0.66066
2025020159,2025-10-28,1,0.538408,0.547972,0.526392,0.536494,0.542483,0.535206,0.528249,0.52755,0.549202
2025020165,2025-10-28,0,0.538408,0.293755,0.30486,0.359927,0.362137,0.362044,0.299184,0.312376,0.337715
2025020163,2025-10-28,0,0.538408,0.532339,0.432521,0.41957,0.457127,0.458592,0.444512,0.435947,0.473522
2025020162,2025-10-28,1,0.538408,0.573737,0.518218,0.541564,0.516359,0.512984,0.512294,0.51753,0.53487
2025020161,2025-10-28,1,0.538408,0.59854,0.644714,0.65892,0.626367,0.636744,0.652665,0.643666,0.660379
2025020160,2025-10-28,1,0.538408,0.404586,0.431931,0.426529,0.391664,0.40738,0.428371,0.428704,0.458772
2025020158,2025-10-28,0,0.538408,0.551108,0.459476,0.550633,0.521285,0.495706,0.436839,0.464238,0.466519
2025020164,2025-10-28,0,0.538408,0.521344,0.524599,0.524998,0.52793,0.529473,0.530876,0.525239,0.551559
2025020156,2025-10-28,0,0.538408,0.427218,0.44147,0.431721,0.422283,0.432587,0.443413,0.440303,0.47252
2025020155,2025-10-28,0,0.538408,0.549972,0.593854,0.585728,0.582336,0.572466,0.593423,0.591043,0.607498
2025020154,2025-10-28,1,0.538408,0.524675,0.394639,0.483612,0.450501,0.446613,0.382387,0.40147,0.416361
2025020153,2025-10-28,0,0.538408,0.702837,0.714375,0.723349,0.704337,0.70238,0.721343,0.712799,0.721985
2025020152,2025-10-28,0,0.538408,0.522052,0.53924,0.55454,0.526836,0.529483,0.537283,0.537958,0.557304
2025020151,2025-10-28,1,0.538408,0.616743,0.562298,0.532405,0.528813,0.537167,0.571948,0.558995,0.58832
2025020150,2025-10-28,1,0.538408,0.480542,0.589766,0.572821,0.538337,0.555247,0.596342,0.585229,0.610103
2025020157,2025-10-28,0,0.538408,0.405919,0.459994,0.456364,0.446989,0.458006,0.463881,0.459732,0.491142
2025020166,2025-10-29,1,0.538408,0.485887,0.479104,0.485954,0.494256,0.472587,0.467945,0.478247,0.494829
2025020177,2025-10-30,0,0.538408,0.568745,0.52461,0.519429,0.526123,0.530442,0.534115,0.525377,0.554463
2025020175,2025-10-30,0,0.538408,0.609787,0.518781,0.5074,0.506295,0.508882,0.523736,0.51748,0.545151
2025020174,2025-10-30,1,0.538408,0.731511,0.707943,0.748491,0.728464,0.726633,0.716111,0.710399,0.717269
2025020173,2025-10-30,0,0.538408,0.517631,0.5434,0.566341,0.542414,0.550633,0.54751,0.544351,0.566465
2025020172,2025-10-30,0,0.538408,0.557909,0.578237,0.554548,0.581016,0.574238,0.588627,0.577711,0.603216
2025020176,2025-10-30,1,0.538408,0.308437,0.312884,0.386818,0.372041,0.382366,0.310117,0.322016,0.348219
2025020170,2025-10-30,1,0.538408,0.547955,0.545641,0.565935,0.552366,0.551704,0.547141,0.546437,0.566135
2025020169,2025-10-30,1,0.538408,0.527853,0.571471,0.543609,0.549177,0.548643,0.578196,0.568471,0.593902
2025020168,2025-10-30,1,0.538408,0.574619,0.577942,0.566385,0.580993,0.579793,0.589025,0.578186,0.603572
2025020167,2025-10-30,1,0.538408,0.514218,0.50787,0.560734,0.504818,0.519352,0.504857,0.509379,0.528178
2025020171,2025-10-30,1,0.538408,0.649489,0.635431,0.67049,0.685535,0.689129,0.656948,0.642489,0.664207
2025020178,2025-10-31,0,0.538408,0.509589,0.465239,0.491615,0.466853,0.472051,0.462262,0.466134,0.492658
2025020179,2025-10-31,0,0.538408,0.625566,0.660013,0.630774,0.614844,0.636325,0.679425,0.6569,0.680516
2025020180,2025-10-31,1,0.538408,0.447309,0.526112,0.445939,0.476244,0.489419,0.545024,0.52129,0.56451
2025020193,2025-11-01,0,0.538408,0.49684,0.445616,0.422528,0.436939,0.445312,0.454425,0.445576,0.485791
2025020192,2025-11-01,1,0.538408,0.709408,0.715946,0.705493,0.706236,0.705445,0.729428,0.714566,0.724238
2025020191,2025-11-01,0,0.538408,0.564594,0.514753,0.541717,0.531018,0.535365,0.519543,0.517462,0.542489
2025020190,2025-11-01,1,0.538408,0.504852,0.533059,0.532823,0.53083,0.526457,0.533712,0.532191,0.554742
2025020189,2025-11-01,1,0.538408,0.540451,0.501009,0.519616,0.498521,0.509304,0.50524,0.502099,0.530097
2025020188,2025-11-01,0,0.538408,0.440493,0.481028,0.522732,0.455648,0.466246,0.468548,0.479085,0.498156
2025020184,2025-11-01,1,0.538408,0.24987,0.281082,0.354258,0.368738,0.37305,0.281703,0.293169,0.32904
2025020186,2025-11-01,1,0.538408,0.479765,0.531082,0.483709,0.490305,0.49195,0.535845,0.525939,0.556584
2025020185,2025-11-01,1,0.538408,0.575338,0.645493,0.646667,0.627782,0.617912,0.643131,0.641868,0.649078
2025020183,2025-11-01,1,0.538408,0.497799,0.500592,0.508213,0.484818,0.4839,0.4946,0.498398,0.520858
2025020182,2025-11-01,1,0.538408,0.646373,0.618506,0.633534,0.647973,0.627493,0.619784,0.619687,0.628932
2025020181,2025-11-01,1,0.538408,0.419892,0.371516,0.397718,0.375046,0.391488,0.371253,0.374141,0.411847
2025020187,2025-11-01,1,0.538408,0.524327,0.51631,0.499269,0.468711,0.476203,0.51339,0.511039,0.537161
2025020198,2025-11-02,0,0.538408,0.338221,0.267061,0.334873,0.325648,0.288289,0.233789,0.269851,0.282714
2025020196,2025-11-02,0,0.538408,0.523576,0.508882,0.528523,0.504795,0.501958,0.502803,0.507972,0.527981
2025020197,2025-11-02,1,0.538408,0.452085,0.538564,0.49745,0.49719,0.505217,0.546189,0.534182,0.565515
2025020194,2025-11-02,0,0.538408,0.510035,0.548263,0.543957,0.532084,0.528828,0.546925,0.545709,0.56615
2025020195,2025-11-02,1,0.538408,0.478351,0.589907,0.556981,0.558072,0.571852,0.605642,0.587534,0.616745
2025020199,2025-11-03,1,0.538408,0.594576,0.583788,0.588113,0.56228,0.569873,0.588358,0.581959,0.601857
2025020200,2025-11-03,1,0.538408,0.46015,0.486975,0.528824,0.500064,0.514514,0.491326,0.490595,0.518011
2025020201,2025-11-03,0,0.538408,0.479423,0.530429,0.526321,0.502611,0.521879,0.539871,0.529305,0.560061
2025020202,2025-11-03,1,0.538408,0.614585,0.638256,0.625539,0.623896,0.625782,0.649134,0.636616,0.654266
2025020212,2025-11-04,1,0.538408,0.4517,0.486037,0.503476,0.493847,0.495046,0.485948,0.487221,0.513332
2025020211,2025-11-04,1,0.538408,0.385394,0.333874,0.359407,0.363169,0.36194,0.32804,0.337563,0.372403
2025020210,2025-11-04,1,0.538408,0.593448,0.601873,0.567604,0.562724,0.56655,0.609676,0.59723,0.62022
2025020209,2025-11-04,1,0.538408,0.576079,0.609496,0.592984,0.591859,0.591002,0.616736,0.607065,0.626304
2025020208,2025-11-04,1,0.538408,0.5803,0.601872,0.576638,0.588932,0.582511,0.608897,0.599327,0.619549
2025020205,2025-11-04,0,0.538408,0.529805,0.555331,0.5297,0.546505,0.53933,0.560462,0.553228,0.577825
2025020206,2025-11-04,0,0.538408,0.476391,0.532013,0.539621,0.515077,0.530251,0.539046,0.531782,0.559349
2025020204,2025-11-04,0,0.538408,0.595702,0.607139,0.587631,0.559585,0.56386,0.608468,0.60145,0.61918
2025020203,2025-11-04,0,0.538408,0.493212,0.447935,0.447955,0.453661,0.45277,0.448507,0.448571,0.480597
2025020207,2025-11-04,1,0.538408,0.514877,0.566053,0.49742,0.519625,0.529962,0.583277,0.561309,0.597481
2025020217,2025-11-05,0,0.538408,0.694864,0.691435,0.720586,0.699494,0.704388,0.70281,0.693137,0.70089
2025020215,2025-11-05,1,0.538408,0.48409,0.55073,0.547738,0.538009,0.541272,0.554929,0.549487,0.573054
2025020216,2025-11-05,0,0.538408,0.638911,0.620519,0.680962,0.672589,0.669599,0.629229,0.62697,0.637077
2025020213,2025-11-05,1,0.538408,0.562827,0.514484,0.471741,0.516146,0.506394,0.524152,0.513421,0.546477
2025020214,2025-11-05,1,0.538408,0.557187,0.564726,0.565366,0.562681,0.562422,0.570319,0.564423,0.586319
2025020225,2025-11-06,0,0.538408,0.550195,0.550908,0.573528,0.555774,0.55035,0.547945,0.550834,0.56703
2025020224,2025-11-06,0,0.538408,0.630981,0.626746,0.66196,0.65458,0.640405,0.62634,0.628541,0.634585
2025020223,2025-11-06,0,0.538408,0.51513,0.514006,0.516564,0.497244,0.499037,0.512022,0.512039,0.535976
2025020222,2025-11-06,1,0.538408,0.640853,0.656544,0.721406,0.716865,0.723815,0.676457,0.665385,0.677938
2025020226,2025-11-06,0,0.538408,0.489774,0.418668,0.42617,0.440503,0.440077,0.42127,0.421481,0.456571
2025020220,2025-11-06,1,0.538408,0.555453,0.52585,0.537213,0.537675,0.539076,0.532111,0.527588,0.553358
2025020219,2025-11-06,0,0.538408,0.514612,0.558641,0.53592,0.519726,0.533837,0.567684,0.555381,0.584048
2025020218,2025-11-06,1,0.538408,0.504806,0.451677,0.458623,0.442353,0.442662,0.446055,0.450492,0.478441
2025020221,2025-11-06,1,0.538408,0.486987,0.500019,0.456153,0.473214,0.477985,0.509137,0.497123,0.533476
2025020227,2025-11-07,0,0.538408,0.537099,0.460809,0.474246,0.476682,0.478025,0.463716,0.463072,0.49393
2025020228,2025-11-07,0,0.538408,0.52226,0.596511,0.534957,0.575569,0.568132,0.609682,0.592781,0.620226
2025020229,2025-11-07,0,0.538408,0.609114,0.626055,0.621371,0.635314,0.63331,0.639512,0.627009,0.645952
2025020230,2025-11-07,1,0.538408,0.265589,0.281921,0.346552,0.361067,0.359123,0.278321,0.292068,0.325824
2025020238,2025-11-08,1,0.538408,0.647722,0.666332,0.72658,0.715245,0.724434,0.685454,0.673968,0.685758
2025020242,2025-11-08,0,0.538408,0.630169,0.64809,0.676661,0.661351,0.650813,0.648214,0.648447,0.653471
2025020241,2025-11-08,1,0.538408,0.513703,0.523753,0.568022,0.520465,0.523565,0.515861,0.523728,0.539302
2025020240,2025-11-08,0,0.538408,0.500066,0.421224,0.408876,0.424706,0.421213,0.421133,0.421223,0.45645
2025020239,2025-11-08,0,0.538408,0.584327,0.579807,0.580594,0.584473,0.578698,0.584769,0.579661,0.598767
2025020237,2025-11-08,0,0.538408,0.602124,0.630458,0.607242,0.617953,0.634927,0.655102,0.631046,0.659429
2025020243,2025-11-08,1,0.538408,0.280699,0.181337,0.329903,0.32396,0.285735,0.156452,0.195058,0.203527
2025020235,2025-11-08,1,0.538408,0.504193,0.457591,0.441677,0.436094,0.429411,0.449545,0.453888,0.481509
2025020231,2025-11-08,1,0.538408,0.557525,0.558903,0.584574,0.558173,0.559819,0.558672,0.559023,0.576281
2025020232,2025-11-08,0,0.538408,0.48636,0.461133,0.489264,0.459646,0.453177,0.447773,0.460087,0.479952
2025020236,2025-11-08,1,0.538408,0.572414,0.549514,0.546734,0.534625,0.538841,0.553956,0.548111,0.572215
2025020234,2025-11-08,0,0.538408,0.618245,0.574291,0.560032,0.560414,0.558318,0.579584,0.572192,0.5943
2025020233,2025-11-08,0,0.538408,0.403654,0.450844,0.407844,0.406456,0.410904,0.449738,0.445594,0.481678
2025020251,2025-11-09,1,0.538408,0.407551,0.346167,0.403795,0.374908,0.354208,0.318759,0.347224,0.363815
2025020249,2025-11-09,1,0.538408,0.558267,0.530549,0.554458,0.538243,0.526557,0.522508,0.530024,0.545055
2025020248,2025-11-09,1,0.538408,0.623214,0.57753,0.570674,0.56506,0.556892,0.577057,0.574818,0.592124
2025020250,2025-11-09,0,0.538408,0.400655,0.305795,0.360912,0.361969,0.339207,0.285418,0.310187,0.332564
2025020246,2025-11-09,0,0.538408,0.497678,0.426977,0.392015,0.42193,0.398597,0.41639,0.423247,0.452244
2025020245,2025-11-09,0,0.538408,0.493639,0.415311,0.502612,0.477406,0.469268,0.403627,0.422402,0.440893
2025020244,2025-11-09,0,0.538408,0.628093,0.636986,0.687354,0.663544,0.651698,0.633619,0.63892,0.640866
2025020247,2025-11-09,1,0.538408,0.525751,0.488234,0.540235,0.517281,0.513664,0.482657,0.491576,0.510467
2025020252,2025-11-10,0,0.538408,0.593905,0.576984,0.568522,0.545984,0.552484,0.580754,0.573764,0.595308
2025020253,2025-11-10,1,0.538408,0.624458,0.642572,0.637468,0.622291,0.628883,0.652793,0.640773,0.657431
2025020254,2025-11-10,1,0.538408,0.595689,0.585969,0.586351,0.585341,0.581899,0.591269,0.585434,0.604364
2025020255,2025-11-10,0,0.538408,0.509347,0.454028,0.462115,0.464179,0.452543,0.446546,0.453833,0.478873
2025020262,2025-11-11,1,0.5384,0.668924,0.726901,0.750375,0.720392,0.736262,0.742516,0.727903,0.735794
2025020264,2025-11-11,0,0.5384,0.501349,0.58623,0.533025,0.515528,0.519271,0.585482,0.579062,0.59938
2025020263,2025-11-11,0,0.5384,0.423559,0.450207,0.443067,0.444442,0.441876,0.448575,0.449315,0.480656
2025020261,2025-11-11,0,0.5384,0.67793,0.68252,0.728987,0.706845,0.712647,0.696,0.685745,0.694944
2025020257,2025-11-11,0,0.5384,0.497477,0.531147,0.58246,0.52449,0.53217,0.523204,0.531256,0.545657
2025020259,2025-11-11,0,0.5384,0.601018,0.58752,0.571868,0.579682,0.5703,0.591792,0.585677,0.604815
2025020258,2025-11-11,0,0.5384,0.489791,0.53894,0.557755,0.51752,0.534723,0.538735,0.538489,0.55908
2025020256,2025-11-11,1,0.5384,0.471686,0.504038,0.477803,0.471177,0.479283,0.504094,0.501388,0.529102
2025020260,2025-11-11,1,0.5384,0.585827,0.565692,0.541997,0.562787,0.561762,0.575283,0.565271,0.590595
2025020265,2025-11-12,0,0.5384,0.597077,0.547002,0.520139,0.526782,0.525919,0.546524,0.544745,0.565804
2025020266,2025-11-12,0,0.5384,0.42097,0.470126,0.475338,0.434959,0.447015,0.460785,0.467652,0.491364
2025020267,2025-11-12,1,0.5384,0.579002,0.62159,0.623165,0.612505,0.618612,0.632463,0.621272,0.639868
2025020268,2025-11-12,0,0.5384,0.437842,0.420586,0.365786,0.393731,0.393467,0.418535,0.417683,0.454147
2025020275,2025-11-13,1,0.5384,0.695493,0.774139,0.771734,0.74408,0.762618,0.790304,0.772906,0.778549
2025020278,2025-11-13,1,0.5384,0.395183,0.457958,0.429924,0.434017,0.445148,0.462412,0.456587,0.492789
2025020276,2025-11-13,1,0.5384,0.639758,0.685124,0.744375,0.715517,0.732102,0.704583,0.690153,0.702439
2025020274,2025-11-13,1,0.5384,0.469574,0.533865,0.501103,0.510851,0.519652,0.544675,0.532344,0.564208
2025020277,2025-11-13,0,0.5384,0.622461,0.633614,0.594276,0.601715,0.608877,0.644566,0.630966,0.650318
2025020272,2025-11-13,1,0.5384,0.546342,0.588462,0.575082,0.580187,0.570759,0.595976,0.586567,0.608418
2025020271,2025-11-13,1,0.5384,0.550136,0.573416,0.551715,0.583093,0.575858,0.589297,0.573678,0.602667
2025020270,2025-11-13,0,0.5384,0.467547,0.496433,0.486056,0.483833,0.488636,0.498946,0.495598,0.524633
2025020273,2025-11-13,1,0.5384,0.587438,0.592061,0.585484,0.581187,0.572813,0.594573,0.59,0.607211
2025020269,2025-11-13,0,0.5384,0.530025,0.526247,0.515248,0.523073,0.517076,0.528884,0.525266,0.550569
2025020282,2025-11-14,0,0.5384,0.577419,0.702062,0.628571,0.637016,0.637264,0.716806,0.695125,0.705893
2025020281,2025-11-14,1,0.5384,0.454725,0.526441,0.543889,0.513885,0.529395,0.530585,0.526757,0.550165
2025020279,2025-11-14,1,0.5384,0.642163,0.669587,0.725528,0.725626,0.735445,0.697312,0.676637,0.689287
2025020280,2025-11-14,0,0.5384,0.597555,0.556297,0.536626,0.57049,0.55528,0.564837,0.556188,0.578596
2025020295,2025-11-15,1,0.5384,0.657734,0.701096,0.721767,0.713498,0.716013,0.718876,0.702693,0.707664
2025020283,2025-11-15,0,0.5384,0.571961,0.588395,0.574023,0.590329,0.578779,0.59795,0.587365,0.606074
2025020284,2025-11-15,1,0.5384,0.54442,0.554054,0.565556,0.560231,0.555961,0.558209,0.554258,0.573097
2025020285,2025-11-15,0,0.5384,0.530293,0.562258,0.533823,0.559544,0.55618,0.575876,0.561608,0.587754
2025020286,2025-11-15,0,0.5384,0.494883,0.50281,0.509978,0.502784,0.506406,0.504507,0.503195,0.528464
2025020287,2025-11-15,0,0.5384,0.578166,0.601502,0.602844,0.593418,0.594296,0.608361,0.600731,0.614725
2025020288,2025-11-15,0,0.5384,0.548151,0.599575,0.559668,0.581575,0.58166,0.614759,0.597658,0.620045
2025020289,2025-11-15,0,0.5384,0.562677,0.536372,0.633821,0.609726,0.621416,0.548228,0.545476,0.564815
2025020290,2025-11-15,0,0.5384,0.517622,0.46424,0.480213,0.491947,0.482253,0.463431,0.466168,0.494089
2025020291,2025-11-15,1,0.5384,0.413529,0.450664,0.441703,0.415303,0.423978,0.441536,0.447807,0.475629
2025020292,2025-11-15,0,0.5384,0.485856,0.384482,0.433055,0.436289,0.409805,0.370428,0.387193,0.414683
2025020293,2025-11-15,1,0.5384,0.653664,0.634294,0.588643,0.643421,0.641058,0.658594,0.635018,0.65664
2025020294,2025-11-15,0,0.5384,0.399804,0.468293,0.461028,0.459545,0.477454,0.4773,0.469273,0.505729
2025020300,2025-11-16,1,0.5384,0.682732,0.729781,0.773315,0.724242,0.744524,0.741037,0.731359,0.726735
2025020298,2025-11-16,1,0.5384,0.462661,0.439487,0.453096,0.460813,0.472874,0.444819,0.443061,0.478404
2025020299,2025-11-16,0,0.5384,0.569906,0.556364,0.586352,0.606164,0.611294,0.576544,0.562244,0.588308
2025020296,2025-11-16,1,0.5384,0.606853,0.532723,0.568967,0.530909,0.531434,0.520633,0.532585,0.541891
2025020297,2025-11-16,0,0.5384,0.629007,0.584035,0.659052,0.632438,0.636734,0.590165,0.589676,0.59961
2025020301,2025-11-17,0,0.5384,0.442849,0.357441,0.378625,0.413009,0.40759,0.358859,0.362809,0.404584
2025020302,2025-11-17,1,0.5384,0.428734,0.460514,0.423914,0.434813,0.447328,0.464947,0.459102,0.495364
2025020303,2025-11-17,1,0.5384,0.637846,0.746703,0.750554,0.749023,0.762551,0.773933,0.748399,0.75548
2025020304,2025-11-17,1,0.5384,0.507443,0.557359,0.562634,0.538313,0.537452,0.55669,0.555228,0.571837
2025020305,2025-11-17,1,0.5384,0.558781,0.548946,0.564134,0.559185,0.552557,0.551219,0.549332,0.567298
2025020306,2025-11-17,1,0.5384,0.491724,0.446167,0.397761,0.43817,0.440846,0.451381,0.445597,0.483943
2025020314,2025-11-18,1,0.5384,0.365292,0.368374,0.351422,0.375671,0.372663,0.367568,0.368833,0.412192
2025020313,2025-11-18,1,0.5384,0.569048,0.557489,0.578686,0.561664,0.564806,0.559521,0.558272,0.574186
2025020312,2025-11-18,1,0.5384,0.505413,0.456051,0.461106,0.43767,0.435185,0.440572,0.453817,0.474812
2025020311,2025-11-18,1,0.5384,0.624633,0.650035,0.581377,0.588455,0.596816,0.658642,0.644338,0.65668
2025020307,2025-11-18,1,0.5384,0.575306,0.547529,0.540836,0.536767,0.541528,0.549402,0.546887,0.56579
2025020309,2025-11-18,1,0.5384,0.567382,0.577228,0.568837,0.577803,0.569225,0.584436,0.576371,0.594856
2025020308,2025-11-18,1,0.5384,0.562217,0.579152,0.567358,0.583089,0.575006,0.58954,0.578708,0.599092
2025020310,2025-11-18,0,0.5384,0.636928,0.624021,0.682604,0.661628,0.668373,0.635897,0.628769,0.637655
2025020317,2025-11-19,1,0.5384,0.437126,0.396864,0.387069,0.394378,0.385541,0.386524,0.395652,0.428638
2025020318,2025-11-19,1,0.5384,0.520965,0.559512,0.545479,0.539672,0.531502,0.560449,0.556513,0.574956
2025020316,2025-11-19,0,0.5384,0.562199,0.572415,0.540202,0.555398,0.549995,0.579318,0.570014,0.590609
2025020315,2025-11-19,1,0.5384,0.512976,0.59048,0.605705,0.574394,0.583312,0.596106,0.589713,0.604543
2025020330,2025-11-20,1,0.5384,0.327767,0.313846,0.341636,0.357393,0.351762,0.310757,0.317905,0.361871
2025020328,2025-11-20,0,0.5384,0.443629,0.411802,0.438826,0.448035,0.447462,0.41272,0.415619,0.451137
2025020327,2025-11-20,0,0.5384,0.478546,0.518147,0.488824,0.509972,0.511399,0.52886,0.517424,0.548731
2025020326,2025-11-20,1,0.5384,0.651042,0.643733,0.682411,0.686437,0.670356,0.656586,0.646583,0.654956
2025020325,2025-11-20,0,0.5384,0.49943,0.465211,0.43263,0.457731,0.450464,0.464761,0.463632,0.495207
2025020329,2025-11-20,0,0.5384,0.501959,0.390659,0.47478,0.449899,0.446277,0.378205,0.396613,0.421439
2025020323,2025-11-20,1,0.5384,0.61303,0.646537,0.624043,0.61838,0.615301,0.653401,0.643193,0.652288
2025020322,2025-11-20,1,0.5384,0.552827,0.645438,0.614699,0.621215,0.625962,0.662725,0.643353,0.660105
2025020321,2025-11-20,0,0.5384,0.559319,0.605494,0.595983,0.592573,0.587732,0.613034,0.603592,0.61861
2025020320,2025-11-20,0,0.5384,0.468945,0.514056,0.426546,0.482495,0.481007,0.529652,0.510518,0.54939
2025020319,2025-11-20,0,0.5384,0.575215,0.553321,0.5457,0.548053,0.550767,0.557921,0.553047,0.572858
2025020324,2025-11-20,1,0.5384,0.4879,0.543378,0.539664,0.495654,0.50049,0.534258,0.538787,0.553216
2025020331,2025-11-21,1,0.5384,0.570217,0.645047,0.572904,0.620443,0.608268,0.665602,0.64111,0.662522
2025020332,2025-11-21,0,0.5384,0.532949,0.540144,0.568775,0.559911,0.559158,0.545629,0.542179,0.562658
2025020333,2025-11-21,0,0.5384,0.550938,0.450093,0.457857,0.472273,0.473924,0.448785,0.452644,0.481753
2025020334,2025-11-21,0,0.5384,0.600573,0.559629,0.630765,0.606047,0.615408,0.566576,0.5656,0.580039
2025020342,2025-11-22,0,0.5384,0.370203,0.328322,0.356058,0.357393,0.35357,0.318824,0.331025,0.369124
2025020346,2025-11-22,1,0.5384,0.440199,0.412055,0.395142,0.418151,0.418979,0.412794,0.412796,0.4512
2025020345,2025-11-22,1,0.5384,0.412558,0.496225,0.468064,0.464678,0.474397,0.501186,0.493888,0.525694
2025020344,2025-11-22,1,0.5384,0.516493,0.560383,0.577203,0.551555,0.556884,0.562984,0.560008,0.577059
2025020343,2025-11-22,0,0.5384,0.308217,0.355553,0.390524,0.377167,0.373953,0.349333,0.357523,0.396222
2025020341,2025-11-22,0,0.5384,0.516504,0.54178,0.516204,0.543772,0.534657,0.552681,0.541017,0.568511
2025020337,2025-11-22,1,0.5384,0.468078,0.519845,0.566137,0.510764,0.532432,0.517887,0.521193,0.539607
2025020339,2025-11-22,1,0.5384,0.468415,0.511769,0.560564,0.505542,0.52222,0.507355,0.512888,0.530837
2025020338,2025-11-22,0,0.5384,0.590047,0.63543,0.636137,0.614698,0.614709,0.640453,0.633212,0.641459
2025020336,2025-11-22,0,0.5384,0.5395,0.515671,0.509121,0.503454,0.508195,0.514856,0.51487,0.537084
2025020335,2025-11-22,1,0.5384,0.524149,0.566795,0.571042,0.563433,0.566577,0.574756,0.566772,0.586825
2025020340,2025-11-22,0,0.5384,0.548222,0.464105,0.533134,0.515167,0.51498,0.460189,0.469551,0.491363
2025020347,2025-11-23,1,0.5384,0.415433,0.35638,0.377377,0.372474,0.369449,0.343974,0.357779,0.391498
2025020348,2025-11-23,0,0.5384,0.622983,0.599678,0.57962,0.56217,0.573928,0.60015,0.596921,0.607901
2025020349,2025-11-23,1,0.5384,0.548597,0.522375,0.526009,0.526891,0.517837,0.521327,0.521889,0.542469
2025020350,2025-11-23,0,0.5384,0.312128,0.343281,0.349625,0.378575,0.377301,0.349099,0.346923,0.396015
2025020351,2025-11-23,1,0.5384,0.391738,0.3506,0.407761,0.380025,0.376645,0.335219,0.353388,0.383748
2025020352,2025-11-23,0,0.5384,0.551683,0.542482,0.465612,0.512457,0.513664,0.554736,0.539397,0.570216
2025020357,2025-11-24,0,0.5384,0.351805,0.408572,0.394259,0.403807,0.403398,0.409457,0.408018,0.448348
2025020359,2025-11-24,1,0.5384,0.563215,0.549784,0.567618,0.545886,0.547698,0.548069,0.54956,0.564684
2025020358,2025-11-24,1,0.5384,0.471782,0.494652,0.499359,0.497743,0.511963,0.502727,0.496505,0.526979
2025020356,2025-11-24,1,0.5384,0.579251,0.624431,0.626214,0.594691,0.596124,0.625169,0.621401,0.628711
2025020354,2025-11-24,1,0.5384,0.547517,0.539818,0.548553,0.560892,0.556394,0.548848,0.541593,0.56533
2025020353,2025-11-24,1,0.5384,0.650748,0.608553,0.618148,0.659151,0.643617,0.628417,0.612306,0.631417
2025020355,2025-11-24,1,0.5384,0.554018,0.583574,0.587152,0.581461,0.577689,0.589962,0.582944,0.599442
2025020360,2025-11-25,0,0.538401,0.5169,0.507565,0.518055,0.500817,0.503975,0.506193,0.507062,0.529869
2025020374,2025-11-26,0,0.538401,0.545241,0.543268,0.542147,0.534202,0.533326,0.54352,0.541876,0.560908
2025020375,2025-11-26,0,0.538401,0.422382,0.501072,0.43788,0.444713,0.459588,0.51543,0.495262,0.537562
2025020373,2025-11-26,0,0.538401,0.575579,0.56323,0.599938,0.566176,0.559384,0.55467,0.562692,0.570161
2025020372,2025-11-26,0,0.538401,0.56965,0.578647,0.590762,0.610975,0.61755,0.598903,0.584096,0.606866
2025020371,2025-11-26,1,0.538401,0.794498,0.800128,0.790683,0.746494,0.757604,0.808365,0.794172,0.786279
2025020369,2025-11-26,0,0.538401,0.502775,0.518916,0.493875,0.498252,0.497368,0.520544,0.515898,0.541817
2025020368,2025-11-26,0,0.538401,0.601836,0.645124,0.629742,0.618905,0.628181,0.659946,0.642751,0.657774
2025020370,2025-11-26,0,0.538401,0.432171,0.445971,0.402544,0.423038,0.421878,0.44597,0.442597,0.479376
2025020366,2025-11-26,1,0.538401,0.534678,0.553402,0.584059,0.555403,0.558455,0.55543,0.55411,0.570792
2025020365,2025-11-26,0,0.538401,0.546715,0.561148,0.573342,0.57402,0.569918,0.56572,0.562376,0.579328
2025020364,2025-11-26,1,0.538401,0.557577,0.57232,0.586713,0.560956,0.554045,0.566747,0.569761,0.580181
2025020363,2025-11-26,0,0.538401,0.67485,0.655763,0.684339,0.692929,0.680474,0.660877,0.659224,0.658555
2025020362,2025-11-26,1,0.538401,0.644638,0.61637,0.683183,0.675289,0.671628,0.624214,0.624109,0.627915
2025020361,2025-11-26,0,0.538401,0.629525,0.583176,0.602791,0.618149,0.601168,0.579918,0.585695,0.591107
2025020367,2025-11-26,1,0.538401,0.50043,0.559725,0.578005,0.562873,0.564614,0.567546,0.56041,0.580843
2025020384,2025-11-28,1,0.538401,0.460337,0.438059,0.404811,0.442881,0.432541,0.434707,0.437287,0.467955
2025020389,2025-11-28,0,0.538401,0.540424,0.475137,0.474947,0.465995,0.466102,0.46649,0.473872,0.49454
2025020388,2025-11-28,0,0.538401,0.540218,0.543181,0.534895,0.536651,0.539144,0.548905,0.542615,0.562733
2025020387,2025-11-28,1,0.538401,0.526635,0.607756,0.627372,0.59358,0.598828,0.616553,0.606505,0.618551
2025020386,2025-11-28,1,0.538401,0.561587,0.632017,0.650892,0.623367,0.634423,0.647743,0.632354,0.644443
2025020385,2025-11-28,1,0.538401,0.411533,0.435252,0.455171,0.42797,0.447731,0.442388,0.437,0.474401
2025020383,2025-11-28,0,0.538401,0.603699,0.613371,0.588012,0.606785,0.603446,0.623173,0.611981,0.624034
2025020390,2025-11-28,1,0.538401,0.61811,0.530011,0.530325,0.522171,0.52197,0.52303,0.528885,0.541394
2025020381,2025-11-28,0,0.538401,0.559036,0.522415,0.514962,0.537622,0.528959,0.52221,0.523331,0.540717
2025020380,2025-11-28,0,0.538401,0.656976,0.631798,0.696791,0.679525,0.67399,0.635631,0.637707,0.634369
2025020379,2025-11-28,0,0.538401,0.495197,0.483938,0.438687,0.465081,0.449317,0.474798,0.479089,0.501455
2025020378,2025-11-28,1,0.538401,0.402474,0.365361,0.358275,0.370903,0.362576,0.352362,0.364971,0.397636
2025020377,2025-11-28,0,0.538401,0.429973,0.478545,0.466547,0.460677,0.454003,0.473615,0.475107,0.500471
2025020376,2025-11-28,0,0.538401,0.500935,0.455265,0.445358,0.469975,0.469657,0.456882,0.45728,0.486528
2025020382,2025-11-28,1,0.538401,0.503689,0.464921,0.469145,0.468242,0.453097,0.449161,0.463265,0.480074
2025020400,2025-11-29,1,0.538401,0.710057,0.725801,0.744318,0.724621,0.740391,0.747607,0.727844,0.72911
2025020399,2025-11-29,0,0.538401,0.597774,0.54954,0.594235,0.559571,0.56105,0.544215,0.551152,0.558867
2025020401,2025-11-29,1,0.538401,0.61086,0.62893,0.636586,0.633162,0.640085,0.644346,0.630493,0.641615
2025020398,2025-11-29,1,0.538401,0.524207,0.442317,0.446803,0.464039,0.460187,0.436646,0.44482,0.469584
2025020397,2025-11-29,0,0.538401,0.374744,0.434212,0.453043,0.447906,0.428973,0.421688,0.433478,0.456992
2025020396,2025-11-29,0,0.538401,0.500222,0.528805,0.566971,0.536774,0.530312,0.52299,0.529016,0.541361
2025020395,2025-11-29,0,0.538401,0.594236,0.544091,0.550751,0.548712,0.551075,0.545901,0.545069,0.560257
2025020394,2025-11-29,1,0.538401,0.538832,0.443833,0.447922,0.454896,0.469084,0.447583,0.447369,0.478754
2025020393,2025-11-29,0,0.538401,0.459063,0.475704,0.499326,0.482,0.480819,0.472417,0.476421,0.499475
2025020392,2025-11-29,1,0.538401,0.688266,0.681942,0.730037,0.72617,0.732458,0.702312,0.689017,0.690269
2025020391,2025-11-29,0,0.538401,0.472656,0.432354,0.483178,0.474358,0.463123,0.420089,0.436664,0.455642
2025020404,2025-11-30,1,0.538401,0.642951,0.664247,0.724762,0.714615,0.718658,0.683258,0.671867,0.674171
2025020405,2025-11-30,1,0.538401,0.611714,0.56728,0.580462,0.554416,0.546064,0.555289,0.564309,0.567995
2025020402,2025-11-30,0,0.538401,0.454605,0.444321,0.417825,0.452153,0.447969,0.446533,0.444832,0.477875
2025020403,2025-11-30,1,0.538401,0.466011,0.471501,0.475632,0.477844,0.483581,0.476854,0.473193,0.503164
2025020406,2025-12-01,0,0.538401,0.568417,0.532678,0.562166,0.552377,0.557649,0.53712,0.536175,0.553018
2025020407,2025-12-01,0,0.538401,0.530824,0.52341,0.548513,0.541069,0.55169,0.533989,0.527371,0.550436
2025020408,2025-12-01,1,0.538401,0.424768,0.477228,0.467816,0.471783,0.485113,0.491697,0.478332,0.515483
2025020409,2025-12-01,0,0.538401,0.559615,0.584073,0.53505,0.560213,0.553451,0.590251,0.579784,0.596818
2025020410,2025-12-01,1,0.538401,0.388918,0.359665,0.365261,0.365109,0.353849,0.341843,0.358851,0.388453
2025020417,2025-12-02,1,0.538401,0.715008,0.722235,0.750702,0.726261,0.728183,0.732198,0.723068,0.715793
2025020420,2025-12-02,0,0.538401,0.51412,0.527258,0.536721,0.530631,0.53819,0.53602,0.528789,0.552111
2025020419,2025-12-02,1,0.538401,0.658176,0.670005,0.719076,0.697268,0.710175,0.690152,0.675631,0.679982
2025020418,2025-12-02,0,0.538401,0.567256,0.558815,0.553441,0.548328,0.542122,0.555918,0.556477,0.568513
2025020416,2025-12-02,1,0.538401,0.472016,0.504346,0.506236,0.50616,0.492456,0.497889,0.502681,0.520612
2025020412,2025-12-02,1,0.538401,0.525752,0.619296,0.600192,0.588529,0.595573,0.634187,0.615973,0.63317
2025020414,2025-12-02,1,0.538401,0.407053,0.427384,0.397542,0.419804,0.423425,0.432567,0.42683,0.466156
2025020413,2025-12-02,0,0.538401,0.581147,0.669542,0.656992,0.640515,0.646136,0.684514,0.666264,0.675229
2025020411,2025-12-02,0,0.538401,0.513102,0.466755,0.429495,0.450109,0.454934,0.468686,0.465099,0.496369
2025020415,2025-12-02,1,0.538401,0.460734,0.487962,0.443039,0.477369,0.470956,0.492177,0.48558,0.515881
2025020421,2025-12-03,0,0.538401,0.450671,0.563291,0.483501,0.526038,0.528,0.58408,0.558348,0.591727
2025020422,2025-12-03,1,0.538401,0.442142,0.350166,0.39746,0.389642,0.368368,0.322321,0.352715,0.371255
2025020423,2025-12-03,1,0.538401,0.519721,0.514039,0.534354,0.502168,0.510757,0.513592,0.513579,0.5336
2025020424,2025-12-03,0,0.538401,0.527032,0.480476,0.433718,0.473243,0.474139,0.485601,0.479589,0.510427
2025020425,2025-12-03,0,0.538401,0.327456,0.399435,0.351598,0.375728,0.377559,0.40458,0.396371,0.442508
2025020433,2025-12-04,1,0.538401,0.468621,0.533283,0.561916,0.509548,0.521415,0.536219,0.531621,0.552275
2025020435,2025-12-04,0,0.538401,0.659469,0.648918,0.717152,0.713588,0.718958,0.669244,0.658727,0.662402
2025020434,2025-12-04,1,0.538401,0.622604,0.578282,0.549692,0.568019,0.555224,0.573962,0.575053,0.583385
2025020431,2025-12-04,0,0.538401,0.57657,0.69086,0.665684,0.642065,0.657313,0.7117,0.686162,0.698249
2025020432,2025-12-04,1,0.538401,0.552063,0.511527,0.549199,0.507905,0.511134,0.502811,0.511472,0.524686
2025020429,2025-12-04,0,0.538401,0.683317,0.661695,0.717816,0.704081,0.700311,0.669026,0.667103,0.66222
2025020428,2025-12-04,0,0.538401,0.641446,0.641675,0.698869,0.696739,0.688776,0.65058,0.648272,0.646806
2025020427,2025-12-04,0,0.538401,0.522038,0.555125,0.561041,0.560187,0.55484,0.558613,0.555085,0.570734
2025020426,2025-12-04,1,0.538401,0.529464,0.512452,0.508396,0.511455,0.517276,0.518117,0.513128,0.537337
2025020430,2025-12-04,1,0.538401,0.356465,0.367724,0.336086,0.366215,0.362276,0.365266,0.366961,0.408831
2025020436,2025-12-05,0,0.538401,0.494939,0.460429,0.445711,0.465175,0.460614,0.4577,0.460455,0.487211
2025020437,2025-12-05,1,0.538401,0.626217,0.589286,0.558664,0.59772,0.560828,0.57439,0.5853,0.583737
2025020438,2025-12-05,1,0.538401,0.758597,0.698678,0.726124,0.716523,0.704969,0.696606,0.699559,0.685436
2025020439,2025-12-05,0,0.538401,0.495944,0.464702,0.407565,0.431051,0.422744,0.456216,0.458826,0.485972
2025020440,2025-12-05,1,0.538401,0.42087,0.440286,0.435639,0.41625,0.423181,0.43737,0.43789,0.470192
2025020452,2025-12-06,0,0.538401,0.516399,0.466579,0.487935,0.476315,0.479842,0.46276,0.468437,0.491432
2025020451,2025-12-06,1,0.538401,0.470608,0.429017,0.488744,0.456648,0.418664,0.389433,0.427567,0.429603
2025020449,2025-12-06,1,0.538401,0.649424,0.643581,0.714084,0.713588,0.720441,0.666704,0.654346,0.660275
2025020448,2025-12-06,1,0.538401,0.495272,0.553134,0.466932,0.495032,0.496861,0.563496,0.545253,0.574758
2025020447,2025-12-06,1,0.538401,0.681231,0.693755,0.74583,0.719695,0.729552,0.711302,0.698768,0.697909
2025020450,2025-12-06,1,0.538401,0.521676,0.564626,0.506283,0.529508,0.53956,0.582171,0.561115,0.590152
2025020445,2025-12-06,0,0.538401,0.566575,0.604426,0.611296,0.607256,0.593892,0.604115,0.602951,0.608265
2025020444,2025-12-06,0,0.538401,0.609461,0.570549,0.590274,0.579809,0.565222,0.560326,0.569803,0.572146
2025020443,2025-12-06,1,0.538401,0.526611,0.534697,0.445382,0.489079,0.504061,0.555053,0.530407,0.5678
2025020442,2025-12-06,1,0.538401,0.604592,0.622047,0.594067,0.608903,0.595464,0.62372,0.618324,0.624487
2025020441,2025-12-06,0,0.538401,0.421583,0.394441,0.356728,0.377378,0.379973,0.391692,0.392414,0.431533
2025020446,2025-12-06,0,0.538401,0.636549,0.638249,0.716154,0.696739,0.693205,0.646785,0.645946,0.643645
2025020460,2025-12-07,1,0.538401,0.596756,0.638954,0.587109,0.591907,0.585881,0.643265,0.631521,0.640715
2025020459,2025-12-07,1,0.538401,0.618704,0.649149,0.591183,0.61228,0.610907,0.661061,0.643793,0.655554
2025020457,2025-12-07,0,0.538401,0.539178,0.52331,0.552989,0.525445,0.527414,0.520133,0.523885,0.539002
2025020458,2025-12-07,0,0.538401,0.516353,0.372772,0.494282,0.434874,0.452944,0.36237,0.384001,0.406325
2025020455,2025-12-07,0,0.538401,0.744037,0.71428,0.746897,0.713749,0.716379,0.719008,0.714574,0.704483
2025020454,2025-12-07,1,0.538401,0.606058,0.611581,0.623884,0.615768,0.613031,0.616547,0.611784,0.618547
2025020453,2025-12-07,0,0.538401,0.357347,0.431097,0.364079,0.37782,0.382467,0.434774,0.424286,0.468011
2025020456,2025-12-07,1,0.538401,0.644007,0.575115,0.656705,0.662357,0.666587,0.590431,0.587926,0.596966
2025020461,2025-12-08,1,0.538401,0.502227,0.396839,0.389905,0.424783,0.416195,0.387762,0.39955,0.428175
2025020462,2025-12-08,0,0.538401,0.496006,0.484344,0.507732,0.48207,0.498349,0.490019,0.486305,0.514091
2025020463,2025-12-08,1,0.538401,0.543706,0.52791,0.507288,0.502168,0.511912,0.533061,0.52567,0.54967
2025020464,2025-12-08,0,0.538401,0.519269,0.462906,0.413463,0.461697,0.464961,0.47068,0.463194,0.498029
2025020465,2025-12-08,0,0.538401,0.472959,0.4908,0.513716,0.487141,0.502129,0.497875,0.492387,0.520601
2025020472,2025-12-09,0,0.537721,0.529027,0.534536,0.549058,0.548968,0.556357,0.540769,0.535801,0.556027
2025020474,2025-12-09,0,0.537721,0.638457,0.594686,0.599886,0.632604,0.628656,0.60646,0.596655,0.610203
2025020473,2025-12-09,0,0.537721,0.489285,0.516191,0.480189,0.493288,0.490663,0.520356,0.514711,0.539186
2025020471,2025-12-09,1,0.537721,0.612914,0.706492,0.68648,0.65179,0.66359,0.715527,0.704005,0.70151
2025020475,2025-12-09,1,0.537721,0.306158,0.358705,0.436077,0.400229,0.402823,0.354918,0.361263,0.39986
2025020469,2025-12-09,1,0.537721,0.638926,0.644615,0.706633,0.709764,0.71858,0.662795,0.648904,0.657004
2025020468,2025-12-09,1,0.537721,0.470808,0.4219,0.383356,0.438871,0.43416,0.42625,0.422611,0.460839
2025020467,2025-12-09,0,0.537721,0.551916,0.572668,0.548736,0.567558,0.566324,0.58245,0.5723,0.590383
2025020466,2025-12-09,0,0.537721,0.43926,0.457518,0.385411,0.414055,0.42211,0.460875,0.455465,0.48986
2025020470,2025-12-09,0,0.537721,0.547193,0.510408,0.530665,0.506699,0.520557,0.506125,0.510996,0.527427
2025020476,2025-12-10,1,0.537721,0.409168,0.445426,0.455707,0.428244,0.440607,0.441845,0.445147,0.473947
2025020477,2025-12-10,0,0.537721,0.531512,0.51433,0.551723,0.516086,0.524829,0.509283,0.514939,0.530039
2025020478,2025-12-10,0,0.537721,0.45733,0.440591,0.503823,0.470609,0.480688,0.435157,0.442916,0.468333
2025020479,2025-12-10,1,0.537721,0.42889,0.406161,0.372854,0.398799,0.395119,0.40386,0.405521,0.441896
2025020492,2025-12-11,0,0.537721,0.5212,0.500673,0.486815,0.488447,0.488146,0.49893,0.499947,0.521474
2025020491,2025-12-11,1,0.537721,0.604363,0.57598,0.529112,0.549348,0.548568,0.579718,0.574391,0.58813
2025020489,2025-12-11,0,0.537721,0.591445,0.603558,0.587316,0.594327,0.592647,0.611328,0.602925,0.614228
2025020488,2025-12-11,1,0.537721,0.442397,0.466941,0.446938,0.480272,0.478878,0.476068,0.467633,0.502511
2025020487,2025-12-11,1,0.537721,0.480215,0.568203,0.547045,0.552235,0.553876,0.580447,0.567372,0.588731
2025020486,2025-12-11,0,0.537721,0.518468,0.456022,0.449094,0.464292,0.462163,0.452476,0.456378,0.482847
2025020490,2025-12-11,1,0.537721,0.606696,0.656664,0.575023,0.613621,0.611441,0.67249,0.654042,0.665124
2025020484,2025-12-11,0,0.537721,0.550578,0.584984,0.599633,0.60814,0.603804,0.596849,0.586076,0.602264
2025020483,2025-12-11,0,0.537721,0.458276,0.436618,0.381058,0.430805,0.42666,0.440956,0.436041,0.4732
2025020482,2025-12-11,1,0.537721,0.546662,0.500242,0.534064,0.524232,0.530445,0.498688,0.501993,0.521274
2025020481,2025-12-11,0,0.537721,0.441523,0.44423,0.453591,0.453923,0.436273,0.440159,0.443769,0.472533
2025020480,2025-12-11,0,0.537721,0.72028,0.643968,0.674877,0.691845,0.682571,0.651812,0.646207,0.647834
2025020485,2025-12-11,0,0.537721,0.545301,0.428667,0.462377,0.463066,0.476592,0.421467,0.431445,0.456805
2025020493,2025-12-12,1,0.537721,0.591909,0.432433,0.534289,0.513737,0.50094,0.417238,0.436405,0.451531
2025020494,2025-12-12,1,0.537721,0.582036,0.578203,0.565136,0.586104,0.582826,0.587441,0.578471,0.589305
2025020507,2025-12-13,0,0.537721,0.601158,0.594727,0.574018,0.579127,0.576226,0.599176,0.593655,0.598782
2025020506,2025-12-13,1,0.537721,0.739551,0.694473,0.699121,0.70111,0.695409,0.700726,0.694527,0.682006
2025020505,2025-12-13,0,0.537721,0.567965,0.520546,0.558903,0.528287,0.539487,0.515146,0.521644,0.531082
2025020504,2025-12-13,0,0.537721,0.458839,0.34838,0.432349,0.399712,0.398777,0.330957,0.351302,0.379125
2025020503,2025-12-13,1,0.537721,0.506909,0.51896,0.549426,0.511429,0.515645,0.514566,0.518768,0.530614
2025020502,2025-12-13,0,0.537721,0.454135,0.397876,0.421485,0.433303,0.42296,0.392303,0.39933,0.430911
2025020498,2025-12-13,1,0.537721,0.443622,0.421901,0.397521,0.429622,0.418826,0.421877,0.421723,0.455346
2025020500,2025-12-13,1,0.537721,0.574765,0.567357,0.607987,0.575517,0.575809,0.565692,0.567847,0.571773
2025020499,2025-12-13,0,0.537721,0.520242,0.508102,0.496446,0.499081,0.507927,0.509752,0.508092,0.526735
2025020497,2025-12-13,0,0.537721,0.648586,0.66635,0.697136,0.714634,0.708638,0.68466,0.668802,0.668632
2025020496,2025-12-13,1,0.537721,0.556147,0.495419,0.531543,0.497782,0.503812,0.48534,0.495906,0.507029
2025020495,2025-12-13,1,0.537721,0.542762,0.531587,0.57795,0.533958,0.54192,0.526233,0.532186,0.540011
2025020501,2025-12-13,0,0.537721,0.42982,0.354976,0.370069,0.39075,0.376508,0.346812,0.356225,0.392678
2025020513,2025-12-14,0,0.537721,0.507573,0.507714,0.497697,0.468786,0.476421,0.500948,0.5059,0.519635
2025020511,2025-12-14,1,0.537721,0.555715,0.476852,0.549892,0.55014,0.548155,0.476494,0.480986,0.49987
2025020512,2025-12-14,1,0.537721,0.437459,0.463708,0.468112,0.435581,0.431829,0.455064,0.461859,0.482476
2025020509,2025-12-14,0,0.537721,0.512717,0.449214,0.49454,0.488146,0.483484,0.443511,0.451201,0.473061
2025020508,2025-12-14,0,0.537721,0.580835,0.473744,0.566268,0.529733,0.524179,0.460886,0.476668,0.48721
2025020510,2025-12-14,1,0.537721,0.645027,0.693853,0.754074,0.726408,0.715638,0.70366,0.695116,0.684459
2025020514,2025-12-15,0,0.537721,0.544144,0.548046,0.545097,0.564968,0.565968,0.557893,0.549085,0.565494
2025020515,2025-12-15,0,0.537721,0.586878,0.537928,0.575843,0.532886,0.540745,0.528933,0.538091,0.542185
2025020516,2025-12-15,0,0.537721,0.588607,0.531112,0.563697,0.514637,0.523998,0.518906,0.530699,0.534111
2025020517,2025-12-15,0,0.537721,0.57579,0.489144,0.482206,0.49586,0.501,0.486063,0.489831,0.507613
2025020518,2025-12-15,1,0.537721,0.589095,0.502739,0.474421,0.506555,0.501954,0.501978,0.502693,0.520466
2025020528,2025-12-16,0,0.537721,0.317915,0.331879,0.3763,0.368115,0.363492,0.326628,0.333712,0.375401
2025020527,2025-12-16,1,0.537721,0.422349,0.399771,0.387438,0.39552,0.389746,0.393451,0.39919,0.431865
2025020526,2025-12-16,1,0.537721,0.507024,0.493109,0.472025,0.478737,0.479769,0.492589,0.492336,0.512887
2025020525,2025-12-16,1,0.537721,0.526213,0.58281,0.562174,0.56132,0.567353,0.592114,0.581914,0.593077
2025020524,2025-12-16,0,0.537721,0.440954,0.550961,0.563121,0.509079,0.526826,0.553027,0.549562,0.561577
2025020520,2025-12-16,1,0.537721,0.672328,0.576225,0.607694,0.625154,0.622825,0.580467,0.578927,0.583679
2025020522,2025-12-16,1,0.537721,0.521695,0.562458,0.584702,0.567508,0.563441,0.566828,0.562515,0.572688
2025020521,2025-12-16,0,0.537721,0.556348,0.504728,0.539142,0.524714,0.520955,0.499761,0.505668,0.518678
2025020519,2025-12-16,1,0.537721,0.537679,0.491227,0.46621,0.468834,0.473558,0.486742,0.490203,0.508162
2025020523,2025-12-16,0,0.537721,0.596437,0.439365,0.575326,0.503892,0.508922,0.41632,0.443398,0.450776
2025020533,2025-12-17,0,0.537721,0.606786,0.617817,0.602326,0.589822,0.588412,0.620601,0.616112,0.616135
2025020531,2025-12-17,1,0.537721,0.444141,0.414131,0.41527,0.449587,0.442187,0.416682,0.415758,0.451074
2025020532,2025-12-17,0,0.537721,0.393755,0.335583,0.357866,0.374868,0.367767,0.32884,0.337449,0.377305
2025020529,2025-12-17,1,0.537721,0.593239,0.530758,0.539731,0.527545,0.538945,0.527161,0.531233,0.540758
2025020530,2025-12-17,0,0.537721,0.537849,0.536715,0.596435,0.564957,0.570877,0.53722,0.538696,0.548855
2025020542,2025-12-18,1,0.537721,0.577875,0.565705,0.576252,0.567396,0.568603,0.567841,0.565873,0.573504
2025020541,2025-12-18,0,0.537721,0.498963,0.402249,0.468582,0.450841,0.434457,0.387938,0.404117,0.427279
2025020540,2025-12-18,0,0.537721,0.45997,0.488735,0.513597,0.491204,0.484799,0.486324,0.488506,0.507824
2025020539,2025-12-18,1,0.537721,0.549519,0.599631,0.613158,0.596726,0.604245,0.608225,0.599898,0.606103
2025020543,2025-12-18,0,0.537721,0.32216,0.379032,0.415428,0.385069,0.386962,0.373884,0.379492,0.415536
2025020537,2025-12-18,1,0.537721,0.579543,0.566139,0.594725,0.568921,0.578261,0.566404,0.566841,0.572347
2025020536,2025-12-18,1,0.537721,0.613837,0.568927,0.56703,0.581747,0.574764,0.572516,0.569266,0.57727
2025020535,2025-12-18,1,0.537721,0.537798,0.564859,0.551434,0.547589,0.556573,0.571019,0.564378,0.576064
2025020534,2025-12-18,0,0.537721,0.47576,0.518559,0.552172,0.517957,0.534228,0.520599,0.519467,0.535475
2025020538,2025-12-18,0,0.537721,0.587259,0.640524,0.599026,0.603649,0.601639,0.65036,0.63827,0.640384
2025020544,2025-12-19,1,0.537721,0.540741,0.424948,0.424713,0.465584,0.457392,0.422174,0.426829,0.455591
2025020545,2025-12-19,0,0.537721,0.578048,0.511932,0.553658,0.513876,0.530566,0.502969,0.513013,0.521265
2025020546,2025-12-19,1,0.537721,0.647712,0.646094,0.699097,0.706875,0.715216,0.664096,0.650102,0.651652
2025020547,2025-12-19,0,0.537721,0.547356,0.526727,0.511978,0.540546,0.538196,0.53399,0.527392,0.546256
2025020548,2025-12-19,0,0.537721,0.409667,0.541496,0.495085,0.495965,0.505052,0.553979,0.539383,0.562343
2025020557,2025-12-20,1,0.537721,0.527116,0.534606,0.505994,0.523404,0.530051,0.541773,0.534342,0.55252
2025020561,2025-12-20,0,0.537721,0.484525,0.46901,0.452713,0.466855,0.454298,0.467178,0.468157,0.492318
2025020560,2025-12-20,1,0.537721,0.537186,0.4672,0.525151,0.506719,0.505615,0.460207,0.469428,0.486658
2025020559,2025-12-20,1,0.537721,0.460039,0.448739,0.462995,0.460532,0.457451,0.446028,0.449245,0.475115
2025020558,2025-12-20,1,0.537721,0.433067,0.541254,0.57856,0.528935,0.546924,0.546449,0.541583,0.556283
2025020556,2025-12-20,1,0.537721,0.560432,0.479593,0.517935,0.516159,0.534806,0.478971,0.482794,0.501876
2025020549,2025-12-20,1,0.537721,0.57412,0.5615,0.578488,0.556345,0.557609,0.560047,0.561275,0.567228
2025020554,2025-12-20,0,0.537721,0.665781,0.579845,0.714239,0.674127,0.679976,0.57906,0.58565,0.582545
2025020553,2025-12-20,1,0.537721,0.52348,0.632559,0.585785,0.594291,0.601487,0.648924,0.630758,0.639209
2025020552,2025-12-20,1,0.537721,0.516016,0.552431,0.550333,0.539528,0.544812,0.557134,0.551989,0.564883
2025020551,2025-12-20,1,0.537721,0.656966,0.661127,0.711341,0.702699,0.711663,0.674836,0.664057,0.660502
2025020550,2025-12-20,0,0.537721,0.612976,0.550499,0.556224,0.519028,0.523836,0.538931,0.548953,0.550233
2025020555,2025-12-20,0,0.537721,0.57051,0.574978,0.559039,0.555674,0.564046,0.579437,0.574344,0.582848
2025020562,2025-12-21,1,0.537721,0.477316,0.520602,0.524001,0.537411,0.520459,0.527843,0.520594,0.541307
2025020563,2025-12-21,0,0.537721,0.43373,0.317829,0.405122,0.386264,0.364059,0.299411,0.320509,0.35173
2025020564,2025-12-21,0,0.537721,0.515385,0.424662,0.418269,0.456247,0.451963,0.423364,0.426245,0.456568
2025020565,2025-12-21,0,0.537721,0.546976,0.602224,0.558677,0.567996,0.574362,0.613131,0.600609,0.610077
2025020566,2025-12-21,1,0.537721,0.495244,0.552539,0.542191,0.533698,0.537818,0.558757,0.551685,0.56619
2025020567,2025-12-21,1,0.537721,0.466877,0.504931,0.530018,0.530311,0.514635,0.509326,0.505494,0.526392
2025020568,2025-12-21,1,0.537721,0.616085,0.672362,0.605253,0.620605,0.618739,0.684329,0.669253,0.668358
2025020569,2025-12-21,1,0.537721,0.488935,0.506178,0.520633,0.519009,0.523072,0.510813,0.507158,0.52759
2025020570,2025-12-21,1,0.537721,0.559682,0.434475,0.49098,0.483349,0.47008,0.421708,0.43654,0.455208
2025020573,2025-12-22,0,0.537721,0.575601,0.591491,0.585939,0.60306,0.602298,0.603246,0.592118,0.602073
2025020574,2025-12-22,0,0.537721,0.605797,0.616794,0.574073,0.597577,0.600852,0.628177,0.61587,0.62229
2025020571,2025-12-22,1,0.537721,0.640377,0.709433,0.770769,0.727094,0.74868,0.722706,0.711709,0.700484
2025020572,2025-12-22,1,0.537721,0.525842,0.522638,0.51895,0.506033,0.512985,0.521693,0.522078,0.536355
2025020587,2025-12-23,0,0.537322,0.621198,0.635165,0.666018,0.65174,0.659457,0.646991,0.63564,0.637628
2025020586,2025-12-23,1,0.537322,0.69875,0.695431,0.71315,0.718394,0.727972,0.716535,0.696067,0.695273
2025020585,2025-12-23,1,0.537322,0.61962,0.534219,0.533757,0.545007,0.542546,0.530756,0.534382,0.543652
2025020584,2025-12-23,1,0.537322,0.697147,0.667866,0.639613,0.674262,0.670903,0.68016,0.667925,0.664903
2025020582,2025-12-23,0,0.537322,0.643818,0.567282,0.62351,0.63553,0.627044,0.564669,0.56845,0.570949
2025020581,2025-12-23,0,0.537322,0.530965,0.603986,0.586236,0.600763,0.596976,0.613917,0.603849,0.610714
2025020583,2025-12-23,0,0.537322,0.4503,0.521245,0.459583,0.487891,0.488991,0.533228,0.520615,0.545642
2025020579,2025-12-23,1,0.537322,0.420379,0.494345,0.527717,0.498856,0.499355,0.491262,0.494443,0.511815
2025020578,2025-12-23,0,0.537322,0.573857,0.594408,0.598108,0.600514,0.60546,0.605955,0.594624,0.604265
2025020577,2025-12-23,0,0.537322,0.540566,0.543311,0.522577,0.523714,0.529002,0.549029,0.543031,0.55836
2025020576,2025-12-23,0,0.537322,0.582153,0.558874,0.576717,0.570794,0.558638,0.547134,0.558869,0.556834
2025020575,2025-12-23,1,0.537322,0.603582,0.481945,0.466484,0.48656,0.488271,0.479174,0.482069,0.50204
2025020580,2025-12-23,1,0.537322,0.536728,0.509357,0.481155,0.487082,0.49372,0.513589,0.509051,0.529828
2025020596,2025-12-27,0,0.537322,0.745844,0.677132,0.694277,0.705446,0.700622,0.680588,0.677591,0.665474
2025020600,2025-12-27,0,0.537322,0.407259,0.445793,0.432572,0.456516,0.46319,0.458801,0.446133,0.484237
2025020599,2025-12-27,0,0.537322,0.637614,0.593967,0.576414,0.615683,0.594946,0.58765,0.593986,0.589065
2025020598,2025-12-27,1,0.537322,0.436739,0.501695,0.512047,0.483368,0.495373,0.507767,0.501572,0.524182
2025020597,2025-12-27,1,0.537322,0.592147,0.565951,0.557377,0.552549,0.561945,0.573509,0.565872,0.577565
2025020595,2025-12-27,1,0.537322,0.554482,0.514842,0.523493,0.511236,0.527416,0.523894,0.515087,0.537284
2025020590,2025-12-27,1,0.537322,0.538714,0.428258,0.406472,0.440511,0.445166,0.430945,0.428588,0.461329
2025020593,2025-12-27,1,0.537322,0.598994,0.653246,0.620185,0.606274,0.61619,0.665921,0.652522,0.653273
2025020592,2025-12-27,0,0.537322,0.480106,0.495466,0.524596,0.50684,0.523825,0.507689,0.49602,0.524118
2025020591,2025-12-27,0,0.537322,0.540903,0.468682,0.442353,0.465763,0.461427,0.463411,0.46854,0.488013
2025020589,2025-12-27,1,0.537322,0.551983,0.545752,0.527318,0.561818,0.560025,0.556148,0.546031,0.563465
2025020588,2025-12-27,1,0.537322,0.512991,0.519812,0.513982,0.512522,0.522063,0.528813,0.519856,0.541278
2025020594,2025-12-27,0,0.537322,0.526127,0.559715,0.573831,0.545241,0.547032,0.557162,0.559467,0.564289
2025020601,2025-12-28,1,0.537322,0.502329,0.543151,0.588456,0.558356,0.546328,0.528547,0.543213,0.541062
2025020602,2025-12-28,1,0.537322,0.631886,0.608064,0.718237,0.661091,0.658687,0.594873,0.609053,0.594946
2025020603,2025-12-28,1,0.537322,0.507089,0.576296,0.552525,0.541929,0.548021,0.584752,0.575743,0.586706
2025020604,2025-12-28,0,0.537322,0.475819,0.347517,0.41263,0.402331,0.394263,0.324816,0.34843,0.371768
2025020605,2025-12-28,1,0.537322,0.502294,0.468318,0.437997,0.460134,0.457677,0.466785,0.46811,0.490773
2025020616,2025-12-29,0,0.537322,0.53135,0.404866,0.491611,0.462525,0.462577,0.386882,0.405994,0.424672
2025020615,2025-12-29,0,0.537322,0.617165,0.612363,0.598734,0.601251,0.590213,0.606647,0.61193,0.604546
2025020614,2025-12-29,0,0.537322,0.524802,0.574491,0.621189,0.588407,0.589625,0.57398,0.574787,0.577948
2025020613,2025-12-29,1,0.537322,0.547011,0.553527,0.549098,0.548605,0.533677,0.541371,0.553139,0.551471
2025020612,2025-12-29,0,0.537322,0.588803,0.579215,0.589477,0.582772,0.587425,0.584859,0.579376,0.586793
2025020610,2025-12-29,0,0.537322,0.504778,0.471818,0.473458,0.462016,0.467271,0.468356,0.47173,0.492058
2025020609,2025-12-29,0,0.537322,0.498423,0.541393,0.527387,0.511383,0.526881,0.553991,0.541109,0.561714
2025020608,2025-12-29,1,0.537322,0.601546,0.661482,0.665284,0.629049,0.638985,0.669841,0.661043,0.656527
2025020607,2025-12-29,1,0.537322,0.57661,0.575576,0.576307,0.571438,0.570339,0.576088,0.575474,0.579661
2025020606,2025-12-29,0,0.537322,0.57827,0.676445,0.607244,0.649715,0.639537,0.690822,0.675724,0.674031
2025020611,2025-12-29,1,0.537322,0.67902,0.655421,0.655436,0.65624,0.646737,0.652134,0.655252,0.641865
2025020617,2025-12-30,1,0.537322,0.583891,0.517702,0.494625,0.507694,0.513047,0.52126,0.517611,0.535145
2025020618,2025-12-30,0,0.537322,0.63114,0.559937,0.657252,0.631884,0.616821,0.53974,0.561048,0.550147
2025020619,2025-12-30,1,0.537322,0.412327,0.432247,0.413456,0.402223,0.395705,0.417581,0.431533,0.450273
2025020620,2025-12-30,0,0.537322,0.421406,0.454958,0.457858,0.440513,0.455399,0.46256,0.454967,0.487316
2025020621,2025-12-30,0,0.537322,0.527013,0.407045,0.473224,0.454045,0.451157,0.388771,0.407906,0.426256
2025020628,2025-12-31,0,0.537322,0.62996,0.564262,0.553955,0.537562,0.529332,0.547878,0.563579,0.556752
2025020630,2025-12-31,1,0.537322,0.545948,0.590747,0.528085,0.543974,0.533234,0.588914,0.589624,0.590093
2025020631,2025-12-31,0,0.537322,0.643291,0.579203,0.598456,0.647192,0.628206,0.578173,0.580161,0.581356
2025020627,2025-12-31,0,0.537322,0.548202,0.57439,0.526245,0.534856,0.524258,0.569014,0.57341,0.573913
2025020629,2025-12-31,1,0.537322,0.735304,0.74097,0.762256,0.737673,0.748211,0.754307,0.741111,0.728167
2025020625,2025-12-31,1,0.537322,0.353696,0.399404,0.435215,0.408917,0.408804,0.390062,0.399587,0.427338
2025020622,2025-12-31,1,0.537322,0.568118,0.580433,0.552419,0.572197,0.562731,0.580751,0.580087,0.583452
2025020626,2025-12-31,1,0.537322,0.509425,0.487179,0.490883,0.487417,0.475681,0.471993,0.486954,0.495032
2025020624,2025-12-31,0,0.537322,0.390457,0.428616,0.428736,0.435631,0.441324,0.434689,0.428864,0.464418
2025020623,2025-12-31,0,0.537322,0.618229,0.610612,0.590865,0.595922,0.588178,0.608184,0.610173,0.605801
2025020638,2026-01-01,1,0.537322,0.523702,0.546014,0.49944,0.502839,0.496258,0.540886,0.545042,0.551077
2025020637,2026-01-01,1,0.537322,0.322382,0.446075,0.419136,0.416103,0.423304,0.455573,0.44563,0.481591
2025020636,2026-01-01,0,0.537322,0.605121,0.662905,0.641705,0.633184,0.637095,0.673436,0.662401,0.659516
2025020639,2026-01-01,0,0.537322,0.459591,0.509044,0.52203,0.520228,0.533478,0.525304,0.509521,0.538429
2025020634,2026-01-01,1,0.537322,0.546416,0.531018,0.48166,0.503601,0.491355,0.52332,0.530243,0.536818
2025020633,2026-01-01,0,0.537322,0.536913,0.468898,0.475479,0.468704,0.472245,0.463181,0.468964,0.487824
2025020632,2026-01-01,1,0.537322,0.499837,0.627706,0.570908,0.596752,0.591341,0.641856,0.626996,0.633393
2025020635,2026-01-01,1,0.537322,0.494571,0.60299,0.547335,0.56913,0.561147,0.611141,0.602173,0.608216
2025020640,2026-01-02,1,0.537322,0.469043,0.40079,0.367652,0.419933,0.414881,0.401537,0.401066,0.436931
2025020641,2026-01-02,0,0.537322,0.619378,0.620906,0.597237,0.590957,0.587017,0.619052,0.620244,0.614684
2025020642,2026-01-02,0,0.537322,0.533053,0.623541,0.568418,0.610459,0.601675,0.63754,0.623113,0.629844
2025020643,2026-01-02,0,0.537322,0.425426,0.500902,0.492801,0.498144,0.486622,0.495836,0.500623,0.514476
2025020652,2026-01-03,0,0.537322,0.688192,0.665529,0.703076,0.690487,0.687408,0.666589,0.665957,0.653827
2025020655,2026-01-03,1,0.537322,0.489367,0.589868,0.560835,0.546926,0.557961,0.604181,0.589244,0.602534
2025020654,2026-01-03,0,0.537322,0.579551,0.549078,0.581903,0.54403,0.541781,0.535564,0.548935,0.546758
2025020656,2026-01-03,0,0.537322,0.501467,0.432274,0.476592,0.470326,0.452676,0.407627,0.432672,0.442005
2025020653,2026-01-03,0,0.537322,0.407782,0.461884,0.45737,0.448446,0.454602,0.465385,0.461742,0.489628
2025020651,2026-01-03,1,0.537322,0.480119,0.524622,0.553715,0.527862,0.5353,0.528427,0.52483,0.540964
2025020646,2026-01-03,1,0.537322,0.497416,0.492221,0.473858,0.473537,0.475516,0.491143,0.491894,0.510654
2025020649,2026-01-03,0,0.537322,0.320515,0.315929,0.308343,0.356625,0.352714,0.318502,0.316648,0.366278
2025020648,2026-01-03,1,0.537322,0.49486,0.392734,0.467137,0.441447,0.429229,0.365003,0.393447,0.406219
2025020647,2026-01-03,0,0.537322,0.631825,0.570754,0.552916,0.569556,0.546547,0.55197,0.570281,0.560073
2025020644,2026-01-03,0,0.537322,0.568864,0.517167,0.534978,0.548647,0.548207,0.519421,0.517773,0.533651
2025020650,2026-01-03,1,0.537322,0.526736,0.557456,0.570357,0.574002,0.577869,0.567914,0.557855,0.57302
2025020645,2026-01-03,1,0.537322,0.507578,0.475402,0.461703,0.478746,0.48034,0.477632,0.475499,0.499637
2025020657,2026-01-04,0,0.537322,0.624164,0.6592,0.615022,0.613474,0.621119,0.672152,0.658456,0.658448
2025020658,2026-01-04,0,0.537322,0.546762,0.495625,0.501871,0.509294,0.487871,0.473618,0.495473,0.496359
2025020659,2026-01-04,1,0.537322,0.415553,0.503438,0.430177,0.453662,0.465542,0.523623,0.502697,0.537064
2025020660,2026-01-04,0,0.537322,0.466075,0.391291,0.435341,0.430743,0.420762,0.372202,0.391867,0.412312
2025020661,2026-01-04,1,0.537322,0.400135,0.288749,0.328102,0.360381,0.335799,0.263491,0.289668,0.317359
2025020665,2026-01-05,0,0.537322,0.567933,0.589916,0.578654,0.567919,0.571582,0.594379,0.589558,0.594543
2025020666,2026-01-05,1,0.537322,0.497542,0.542234,0.542223,0.514815,0.528923,0.550682,0.541974,0.559028
2025020664,2026-01-05,0,0.537322,0.560894,0.612455,0.614724,0.60329,0.617005,0.630272,0.612544,0.623875
2025020662,2026-01-05,0,0.537322,0.549218,0.4953,0.523222,0.487065,0.485005,0.477779,0.495099,0.499757
2025020663,2026-01-05,1,0.537322,0.628749,0.541117,0.542043,0.545735,0.543401,0.535387,0.541161,0.546614
2025020675,2026-01-06,1,0.536727,0.426906,0.468254,0.465774,0.457614,0.457911,0.465756,0.468254,0.489931
2025020674,2026-01-06,1,0.536727,0.633954,0.575789,0.58568,0.593301,0.595627,0.577261,0.575789,0.580615
2025020673,2026-01-06,0,0.536727,0.53487,0.512134,0.474277,0.498013,0.495994,0.518164,0.512134,0.53263
2025020672,2026-01-06,1,0.536727,0.494031,0.426793,0.435917,0.427871,0.42378,0.408747,0.426793,0.442937
2025020676,2026-01-06,1,0.536727,0.519683,0.395655,0.487849,0.457162,0.457768,0.36678,0.395655,0.407725
2025020670,2026-01-06,1,0.536727,0.580242,0.588881,0.534428,0.564252,0.55932,0.602705,0.588881,0.60133
2025020669,2026-01-06,1,0.536727,0.545011,0.535439,0.493396,0.483624,0.502827,0.534092,0.535439,0.545563
2025020668,2026-01-06,1,0.536727,0.457618,0.497513,0.531282,0.502098,0.507699,0.489628,0.497513,0.50942
2025020667,2026-01-06,1,0.536727,0.601936,0.575745,0.569254,0.573175,0.569853,0.575152,0.575745,0.5789
2025020671,2026-01-06,1,0.536727,0.512442,0.589435,0.608658,0.582088,0.587962,0.590441,0.589435,0.591336
2025020677,2026-01-07,0,0.536727,0.50049,0.582154,0.499027,0.533837,0.525685,0.603097,0.582154,0.60165
2025020678,2026-01-07,1,0.536727,0.559965,0.545947,0.544987,0.552403,0.544701,0.545962,0.545947,0.555197
2025020679,2026-01-07,1,0.536727,0.455852,0.507955,0.493294,0.498317,0.494675,0.513335,0.507955,0.528707
2025020680,2026-01-07,1,0.536727,0.526329,0.494131,0.514695,0.479316,0.482529,0.471842,0.494131,0.494908
2025020681,2026-01-07,0,0.536727,0.671323,0.699794,0.688675,0.708954,0.718103,0.724596,0.699794,0.702577
2025020689,2026-01-08,1,0.536727,0.484843,0.518001,0.553562,0.531472,0.538838,0.51519,0.518001,0.530215
2025020692,2026-01-08,1,0.536727,0.580828,0.626148,0.584452,0.589614,0.582881,0.632551,0.626148,0.625746
2025020693,2026-01-08,0,0.536727,0.458821,0.39899,0.399377,0.430317,0.433212,0.404759,0.39899,0.439617
2025020691,2026-01-08,1,0.536727,0.700665,0.704005,0.622506,0.660074,0.646847,0.719311,0.704005,0.698076
2025020690,2026-01-08,0,0.536727,0.484638,0.517764,0.539904,0.504761,0.51966,0.509737,0.517764,0.525783
2025020688,2026-01-08,1,0.536727,0.670029,0.646636,0.694941,0.683705,0.688045,0.648655,0.646636,0.638994
2025020683,2026-01-08,1,0.536727,0.477048,0.360123,0.452237,0.439496,0.430574,0.33674,0.360123,0.382074
2025020686,2026-01-08,0,0.536727,0.477526,0.562813,0.582966,0.548555,0.549681,0.557215,0.562813,0.564331
2025020685,2026-01-08,0,0.536727,0.527849,0.50846,0.515035,0.488654,0.491972,0.492337,0.50846,0.511626
2025020684,2026-01-08,1,0.536727,0.598123,0.524966,0.517847,0.524622,0.528071,0.520816,0.524966,0.534784
2025020682,2026-01-08,1,0.536727,0.54058,0.598856,0.579386,0.57602,0.570211,0.603052,0.598856,0.601613
2025020687,2026-01-08,1,0.536727,0.55199,0.546178,0.543264,0.549978,0.540993,0.546061,0.546178,0.555278
2025020694,2026-01-09,0,0.536727,0.404414,0.434922,0.431051,0.416714,0.43947,0.435817,0.434922,0.468434
2025020695,2026-01-09,1,0.536727,0.521979,0.436091,0.523873,0.490802,0.484388,0.408003,0.436091,0.446191
2025020696,2026-01-09,1,0.536727,0.583182,0.627889,0.612455,0.627436,0.624667,0.643563,0.627889,0.631989
2025020710,2026-01-10,1,0.536727,0.606251,0.725229,0.651371,0.654928,0.654991,0.741953,0.725229,0.712262
2025020709,2026-01-10,0,0.536727,0.588878,0.601122,0.546415,0.593128,0.579552,0.621436,0.601122,0.614422
2025020708,2026-01-10,0,0.536727,0.595892,0.607618,0.573923,0.589614,0.578533,0.613936,0.607618,0.608493
2025020707,2026-01-10,0,0.536727,0.594951,0.647486,0.624844,0.622698,0.625283,0.657032,0.647486,0.642748
2025020706,2026-01-10,1,0.536727,0.633469,0.689716,0.676242,0.65448,0.653811,0.689949,0.689716,0.669299
2025020705,2026-01-10,0,0.536727,0.401047,0.394703,0.401408,0.414398,0.412296,0.394834,0.394703,0.435574
2025020704,2026-01-10,0,0.536727,0.475629,0.496932,0.536308,0.527991,0.529946,0.497512,0.496932,0.517148
2025020702,2026-01-10,1,0.536727,0.648675,0.536754,0.561583,0.588055,0.572343,0.533783,0.536754,0.545571
2025020701,2026-01-10,1,0.536727,0.63348,0.567286,0.595634,0.583014,0.566102,0.548734,0.567286,0.557276
2025020700,2026-01-10,1,0.536727,0.347422,0.406859,0.444361,0.430703,0.427494,0.402738,0.406859,0.441953
2025020699,2026-01-10,1,0.536727,0.733995,0.719473,0.8082,0.740274,0.747685,0.692082,0.719473,0.671034
2025020698,2026-01-10,0,0.536727,0.560734,0.58366,0.606537,0.588698,0.579401,0.576682,0.58366,0.579176
2025020697,2026-01-10,1,0.536727,0.52242,0.513012,0.536755,0.527771,0.530622,0.509397,0.513012,0.52647
2025020703,2026-01-10,0,0.536727,0.548079,0.546615,0.550016,0.551272,0.550907,0.548253,0.546615,0.556899
2025020711,2026-01-11,1,0.536727,0.591693,0.545286,0.523908,0.521897,0.538788,0.545058,0.545286,0.554398
2025020712,2026-01-11,1,0.536727,0.546514,0.484874,0.480098,0.498655,0.504958,0.48844,0.484874,0.510022
2025020713,2026-01-11,1,0.536727,0.439327,0.405342,0.494884,0.464614,0.439037,0.375926,0.405342,0.420216
2025020714,2026-01-11,0,0.536727,0.582034,0.645527,0.623203,0.616565,0.612934,0.651178,0.645527,0.638065
2025020715,2026-01-11,0,0.536727,0.402,0.392667,0.385121,0.390433,0.38048,0.383448,0.392667,0.426343
2025020724,2026-01-12,0,0.536727,0.475154,0.534702,0.530082,0.53668,0.537585,0.54592,0.534702,0.555073
2025020723,2026-01-12,0,0.536727,0.667911,0.717142,0.771739,0.718554,0.737866,0.711953,0.717142,0.687302
2025020722,2026-01-12,0,0.536727,0.378878,0.395439,0.412675,0.387545,0.397739,0.383182,0.395439,0.426126
2025020721,2026-01-12,0,0.536727,0.628267,0.650739,0.617591,0.620408,0.620877,0.657968,0.650739,0.643497
2025020719,2026-01-12,0,0.536727,0.385739,0.38021,0.378515,0.398686,0.398343,0.383963,0.38021,0.426761
2025020718,2026-01-12,0,0.536727,0.552041,0.586221,0.591953,0.564786,0.563693,0.577716,0.586221,0.579988
2025020717,2026-01-12,1,0.536727,0.478238,0.391624,0.436158,0.442028,0.446494,0.384206,0.391624,0.426959
2025020716,2026-01-12,0,0.536727,0.499983,0.451751,0.460934,0.471981,0.471752,0.449426,0.451751,0.479242
2025020720,2026-01-12,1,0.536727,0.620297,0.556478,0.55484,0.536444,0.548123,0.544684,0.556478,0.554105
2025020734,2026-01-13,1,0.536727,0.371864,0.525503,0.495325,0.48001,0.481795,0.53367,0.525503,0.545483
2025020725,2026-01-13,1,0.536727,0.612196,0.68837,0.628331,0.637054,0.630481,0.700945,0.68837,0.678267
2025020726,2026-01-13,0,0.536727,0.38747,0.441015,0.356429,0.407288,0.404597,0.465272,0.441015,0.491775
2025020727,2026-01-13,1,0.536727,0.555515,0.578564,0.554148,0.541482,0.541329,0.57458,0.578564,0.577528
2025020728,2026-01-13,1,0.536727,0.537107,0.53168,0.531785,0.550523,0.542608,0.538475,0.53168,0.549244
2025020729,2026-01-13,1,0.536727,0.513392,0.591127,0.526446,0.559558,0.553714,0.613512,0.591127,0.608158
2025020730,2026-01-13,1,0.536727,0.414854,0.411099,0.374971,0.405723,0.409829,0.42183,0.411099,0.457277
2025020731,2026-01-13,1,0.536727,0.416507,0.518289,0.444348,0.445541,0.463276,0.532423,0.518289,0.544506
2025020732,2026-01-13,1,0.536727,0.554937,0.583638,0.575317,0.586918,0.588132,0.596086,0.583638,0.594422
2025020733,2026-01-13,1,0.536727,0.484191,0.613786,0.603477,0.584469,0.586957,0.622286,0.613786,0.615095
2025020737,2026-01-14,0,0.536727,0.516253,0.506701,0.465229,0.481142,0.476304,0.508081,0.506701,0.525438
2025020738,2026-01-14,0,0.536727,0.508482,0.489725,0.503229,0.482831,0.48401,0.475841,0.489725,0.500109
2025020735,2026-01-14,1,0.536727,0.526472,0.599322,0.60524,0.59732,0.596104,0.606668,0.599322,0.602757
2025020736,2026-01-14,1,0.536727,0.591873,0.495005,0.496999,0.509469,0.509293,0.489012,0.495005,0.510472
2025020747,2026-01-15,0,0.536727,0.600541,0.608046,0.585973,0.587858,0.580544,0.608805,0.608046,0.604442
2025020746,2026-01-15,1,0.536727,0.47841,0.516349,0.549814,0.538848,0.539964,0.517448,0.516349,0.532779
2025020745,2026-01-15,0,0.536727,0.468829,0.444929,0.49577,0.473075,0.486933,0.435788,0.444929,0.468411
2025020744,2026-01-15,0,0.536727,0.553939,0.563545,0.580309,0.584961,0.575433,0.566317,0.563545,0.571048
2025020748,2026-01-15,1,0.536727,0.530199,0.544953,0.60195,0.560844,0.544476,0.521381,0.544953,0.53586
2025020742,2026-01-15,0,0.536727,0.678605,0.597145,0.639238,0.661712,0.652055,0.602873,0.597145,0.599765
2025020741,2026-01-15,1,0.536727,0.554715,0.568928,0.570349,0.573351,0.562948,0.569899,0.568928,0.573857
2025020740,2026-01-15,1,0.536727,0.553273,0.421222,0.519489,0.489993,0.477682,0.387766,0.421222,0.429849
2025020739,2026-01-15,1,0.536727,0.570161,0.66294,0.617771,0.653346,0.649751,0.693057,0.66294,0.671828
2025020743,2026-01-15,1,0.536727,0.597075,0.555995,0.565918,0.55427,0.558238,0.548394,0.555995,0.55701
2025020749,2026-01-16,1,0.536727,0.651886,0.606947,0.609891,0.643138,0.638553,0.622506,0.606947,0.615269
2025020750,2026-01-16,1,0.536727,0.530782,0.538126,0.56289,0.560909,0.553837,0.537397,0.538126,0.5484
2025020751,2026-01-16,1,0.536727,0.363473,0.303634,0.328336,0.359678,0.344271,0.299862,0.303634,0.356653
2025020752,2026-01-16,0,0.536727,0.747187,0.729901,0.776363,0.727046,0.741934,0.717079,0.729901,0.69153
2025020753,2026-01-16,0,0.536727,0.61575,0.585224,0.537384,0.553376,0.557549,0.591028,0.585224,0.590443
2025020762,2026-01-17,0,0.536727,0.524201,0.591841,0.617296,0.582911,0.586475,0.58688,0.591841,0.587183
2025020765,2026-01-17,1,0.536727,0.613609,0.694118,0.585321,0.62586,0.625277,0.721426,0.694118,0.695128
2025020766,2026-01-17,1,0.536727,0.464337,0.448926,0.465692,0.487133,0.468722,0.448904,0.448926,0.478828
2025020764,2026-01-17,0,0.536727,0.387837,0.436135,0.442575,0.412837,0.428137,0.428123,0.436135,0.462303
2025020763,2026-01-17,0,0.536727,0.414749,0.42655,0.387902,0.38927,0.397325,0.424431,0.42655,0.459356
2025020761,2026-01-17,0,0.536727,0.513568,0.537927,0.516369,0.522241,0.51139,0.53816,0.537927,0.548997
2025020755,2026-01-17,0,0.536727,0.519967,0.581164,0.564966,0.576669,0.566208,0.591585,0.581164,0.590881
2025020759,2026-01-17,0,0.536727,0.433368,0.49045,0.428302,0.449198,0.446522,0.501201,0.49045,0.520042
2025020758,2026-01-17,0,0.536727,0.53732,0.606566,0.601254,0.605112,0.60187,0.618615,0.606566,0.61219
2025020757,2026-01-17,1,0.536727,0.590385,0.62266,0.614404,0.622595,0.619894,0.633579,0.62266,0.624048
2025020756,2026-01-17,1,0.536727,0.503628,0.565522,0.590825,0.562807,0.567619,0.562921,0.565522,0.568387
2025020754,2026-01-17,0,0.536727,0.540104,0.446678,0.479749,0.48347,0.481915,0.436076,0.446678,0.46864
2025020760,2026-01-17,0,0.536727,0.539045,0.534852,0.548902,0.546263,0.543542,0.533246,0.534852,0.545151
2025020767,2026-01-18,0,0.536727,0.478035,0.409378,0.426148,0.42959,0.427974,0.398589,0.409378,0.438607
2025020768,2026-01-18,1,0.536727,0.550964,0.478731,0.471092,0.493683,0.493992,0.480165,0.478731,0.503514
2025020769,2026-01-18,1,0.536727,0.634389,0.580217,0.703025,0.642746,0.64975,0.552262,0.580217,0.560038
2025020777,2026-01-19,0,0.536727,0.547694,0.507597,0.506011,0.507641,0.522468,0.50922,0.507597,0.526331
2025020779,2026-01-19,1,0.536727,0.493892,0.521601,0.524932,0.528036,0.522119,0.524129,0.521601,0.538013
2025020778,2026-01-19,0,0.536727,0.440119,0.495392,0.532866,0.515039,0.513668,0.492956,0.495392,0.51357
2025020775,2026-01-19,0,0.536727,0.642091,0.586977,0.615741,0.636023,0.623631,0.591791,0.586977,0.591043
2025020776,2026-01-19,1,0.536727,0.392515,0.392154,0.360537,0.37647,0.386926,0.397159,0.392154,0.437453
2025020773,2026-01-19,0,0.536727,0.698605,0.652376,0.669269,0.666143,0.663516,0.650784,0.652376,0.637751
2025020774,2026-01-19,0,0.536727,0.55013,0.429699,0.450901,0.462295,0.463124,0.419564,0.429699,0.455464
2025020772,2026-01-19,0,0.536727,0.515543,0.44242,0.434384,0.447055,0.446847,0.436275,0.44242,0.468799
2025020771,2026-01-19,1,0.536727,0.67545,0.679632,0.761714,0.717289,0.735601,0.674574,0.679632,0.656846
2025020770,2026-01-19,1,0.536727,0.584973,0.634794,0.626393,0.619796,0.619615,0.641043,0.634794,0.629982
2025020787,2026-01-20,1,0.537089,0.563023,0.642431,0.592276,0.612759,0.608012,0.655808,0.640456,0.641767
2025020785,2026-01-20,1,0.537089,0.598732,0.565657,0.633908,0.601295,0.60343,0.559597,0.567824,0.565783
2025020784,2026-01-20,0,0.537089,0.468216,0.593799,0.575374,0.566576,0.57335,0.606025,0.592625,0.60225
2025020786,2026-01-20,0,0.537089,0.63751,0.631957,0.658299,0.687394,0.680843,0.649386,0.634762,0.636634
2025020782,2026-01-20,0,0.537089,0.523015,0.455356,0.446407,0.449551,0.452856,0.44747,0.455212,0.477691
2025020781,2026-01-20,1,0.537089,0.748117,0.767344,0.798062,0.751229,0.765729,0.764316,0.767251,0.731249
2025020780,2026-01-20,1,0.537089,0.502631,0.520151,0.500647,0.509294,0.513018,0.524714,0.519742,0.53847
2025020783,2026-01-20,1,0.537089,0.580573,0.539193,0.544773,0.537542,0.536613,0.533357,0.539045,0.545238
2025020788,2026-01-21,0,0.537089,0.554165,0.486644,0.512341,0.502318,0.505358,0.478647,0.487717,0.502319
2025020789,2026-01-21,0,0.537089,0.747474,0.734153,0.789723,0.723083,0.73337,0.720037,0.734108,0.693977
2025020790,2026-01-21,1,0.537089,0.613223,0.576403,0.557426,0.54835,0.563879,0.572497,0.575684,0.575894
2025020791,2026-01-21,0,0.537089,0.517608,0.486439,0.46992,0.46401,0.475766,0.480985,0.485827,0.50416
2025020792,2026-01-21,1,0.537089,0.413052,0.468335,0.47711,0.447634,0.465701,0.467068,0.468184,0.493193
2025020793,2026-01-21,1,0.537089,0.489682,0.480859,0.497067,0.498203,0.494871,0.480934,0.481662,0.504119
2025020799,2026-01-22,0,0.537089,0.510599,0.466734,0.520023,0.494704,0.5122,0.461596,0.469343,0.488872
2025020801,2026-01-22,1,0.537089,0.549275,0.634418,0.574974,0.583906,0.579058,0.642589,0.631242,0.631214
2025020800,2026-01-22,0,0.537089,0.604595,0.635154,0.586131,0.604612,0.59339,0.641119,0.632758,0.630043
2025020798,2026-01-22,1,0.537089,0.481385,0.429581,0.426515,0.438473,0.441567,0.426911,0.430269,0.461336
2025020794,2026-01-22,1,0.537089,0.498216,0.447959,0.459896,0.458083,0.463706,0.442934,0.448863,0.474091
2025020796,2026-01-22,0,0.537089,0.713071,0.709774,0.727994,0.714132,0.721947,0.713894,0.710472,0.688901
2025020795,2026-01-22,0,0.537089,0.517392,0.584188,0.620682,0.589441,0.584735,0.584661,0.58422,0.58544
2025020797,2026-01-22,1,0.537089,0.44285,0.490445,0.487088,0.510126,0.503412,0.502705,0.491189,0.521222
2025020802,2026-01-23,0,0.537089,0.526749,0.474946,0.422344,0.482047,0.474251,0.484307,0.474906,0.50618
2025020803,2026-01-23,0,0.537089,0.304062,0.242071,0.358967,0.334332,0.311622,0.229287,0.246062,0.299193
2025020804,2026-01-23,1,0.537089,0.646634,0.559088,0.649514,0.635601,0.647252,0.559825,0.564147,0.563597
2025020805,2026-01-23,0,0.537089,0.738394,0.680096,0.68598,0.703484,0.707753,0.687728,0.681682,0.662425
2025020806,2026-01-23,0,0.537089,0.484024,0.477961,0.460195,0.462105,0.468879,0.476799,0.47744,0.500451
2025020807,2026-01-23,0,0.537089,0.463174,0.447335,0.468182,0.471691,0.47431,0.448578,0.448882,0.478836
2025020808,2026-01-23,1,0.537089,0.466278,0.491361,0.504763,0.503708,0.501736,0.494619,0.491957,0.514038
2025020809,2026-01-23,0,0.537089,0.548665,0.517172,0.522682,0.497625,0.487176,0.502103,0.515451,0.519734
2025020816,2026-01-24,0,0.537089,0.484041,0.354569,0.408554,0.423859,0.402174,0.344055,0.3573,0.396736
2025020817,2026-01-24,0,0.537089,0.523898,0.506264,0.539849,0.522404,0.519839,0.500981,0.507043,0.51888
2025020818,2026-01-24,1,0.537089,0.571014,0.622159,0.581912,0.603217,0.597731,0.633532,0.620757,0.620022
2025020815,2026-01-24,0,0.537089,0.534969,0.54772,0.557052,0.539424,0.544335,0.545868,0.547526,0.552988
2025020811,2026-01-24,0,0.537089,0.464288,0.45254,0.494542,0.47656,0.481773,0.449004,0.454217,0.479163
2025020813,2026-01-24,0,0.537089,0.460252,0.486821,0.526412,0.518088,0.517188,0.490705,0.488563,0.511057
2025020812,2026-01-24,1,0.537089,0.543263,0.486076,0.476437,0.478791,0.48478,0.480532,0.486002,0.503301
2025020810,2026-01-24,0,0.537089,0.486978,0.529996,0.494565,0.497506,0.5053,0.534363,0.528579,0.544248
2025020814,2026-01-24,1,0.537089,0.378119,0.418006,0.327107,0.400986,0.379337,0.434165,0.415788,0.467732
2025020823,2026-01-25,0,0.537089,0.374709,0.41016,0.335111,0.386608,0.371409,0.419632,0.407937,0.456482
2025020822,2026-01-25,0,0.537089,0.424122,0.418953,0.422524,0.397402,0.409326,0.408979,0.4184,0.448195
2025020824,2026-01-25,0,0.537089,0.537734,0.519824,0.503561,0.492455,0.504287,0.514848,0.518933,0.529424
2025020820,2026-01-25,1,0.537089,0.512501,0.458298,0.435507,0.443867,0.445099,0.451848,0.457541,0.481348
2025020819,2026-01-25,0,0.537089,0.40915,0.32445,0.365336,0.381214,0.374965,0.320016,0.327348,0.377142
2025020821,2026-01-25,1,0.537089,0.476751,0.432831,0.528216,0.504786,0.495552,0.426109,0.436429,0.461503
2025020825,2026-01-26,1,0.537089,0.626866,0.62281,0.605043,0.619772,0.592987,0.623314,0.621099,0.612136
2025020826,2026-01-26,1,0.537089,0.477438,0.5108,0.567875,0.527283,0.532167,0.506604,0.512025,0.523157
2025020827,2026-01-26,0,0.537089,0.516921,0.56308,0.553116,0.570213,0.561243,0.573588,0.562974,0.574071
2025020829,2026-01-26,1,0.537089,0.633182,0.683688,0.670534,0.670884,0.644465,0.686615,0.681438,0.661542
2025020836,2026-01-27,0,0.537089,0.412568,0.433272,0.434915,0.421247,0.444812,0.433925,0.433934,0.467547
2025020838,2026-01-27,0,0.537089,0.525353,0.487672,0.487743,0.493569,0.491029,0.484853,0.487865,0.506597
2025020837,2026-01-27,1,0.537089,0.678008,0.67981,0.688186,0.677942,0.669366,0.680061,0.679211,0.656356
2025020839,2026-01-27,1,0.537089,0.478256,0.432513,0.424215,0.442283,0.447044,0.432833,0.433347,0.466704
2025020835,2026-01-27,0,0.537089,0.495024,0.526699,0.504563,0.517819,0.516813,0.533392,0.526132,0.543511
2025020832,2026-01-27,1,0.537089,0.498571,0.493279,0.515773,0.497587,0.502444,0.489106,0.493804,0.509839
2025020833,2026-01-27,0,0.537089,0.563336,0.485377,0.528615,0.525044,0.519921,0.478978,0.487359,0.502115
2025020831,2026-01-27,0,0.537089,0.507348,0.495237,0.473698,0.50146,0.496231,0.501037,0.495294,0.518922
2025020830,2026-01-27,1,0.537089,0.596636,0.440618,0.547439,0.484546,0.496005,0.412603,0.443796,0.451018
2025020834,2026-01-27,0,0.537089,0.567281,0.617477,0.586434,0.590067,0.596274,0.625623,0.616261,0.613916
2025020840,2026-01-28,1,0.537089,0.576642,0.52396,0.551669,0.520424,0.528795,0.511665,0.524237,0.527005
2025020841,2026-01-28,1,0.537089,0.382734,0.445382,0.45738,0.447306,0.451131,0.449046,0.445712,0.479196
2025020842,2026-01-28,1,0.537089,0.561396,0.519272,0.540389,0.521498,0.531585,0.512676,0.519978,0.527773
2025020851,2026-01-29,1,0.537089,0.580568,0.579978,0.570971,0.567372,0.563868,0.578994,0.579054,0.578191
2025020856,2026-01-29,0,0.537089,0.500575,0.52582,0.557815,0.528711,0.531859,0.522349,0.526166,0.535123
2025020855,2026-01-29,1,0.537089,0.467578,0.480393,0.522113,0.490648,0.502311,0.476522,0.48165,0.50024
2025020854,2026-01-29,1,0.537089,0.680168,0.616012,0.650547,0.67446,0.653751,0.621529,0.618177,0.610761
2025020853,2026-01-29,1,0.537089,0.622699,0.613652,0.59166,0.594347,0.582705,0.611677,0.611876,0.603186
2025020852,2026-01-29,1,0.537089,0.417371,0.387199,0.405102,0.393913,0.40428,0.38068,0.388179,0.42599
2025020850,2026-01-29,1,0.537089,0.656599,0.660914,0.701878,0.697512,0.701056,0.670548,0.663217,0.648861
2025020857,2026-01-29,1,0.537089,0.492591,0.501764,0.53428,0.504988,0.513907,0.497201,0.50246,0.516003
2025020848,2026-01-29,1,0.537089,0.553123,0.539046,0.587475,0.562348,0.557419,0.53326,0.5401,0.543411
2025020847,2026-01-29,1,0.537089,0.652555,0.67165,0.743001,0.707042,0.716907,0.674875,0.674246,0.652265
2025020846,2026-01-29,0,0.537089,0.553642,0.506134,0.537641,0.535273,0.541279,0.505577,0.50815,0.522376
2025020845,2026-01-29,1,0.537089,0.394574,0.457362,0.389437,0.415495,0.421958,0.466918,0.455331,0.492899
2025020844,2026-01-29,1,0.537089,0.58054,0.486822,0.489183,0.506747,0.499282,0.481559,0.487537,0.504085
2025020843,2026-01-29,1,0.537089,0.605456,0.551555,0.544321,0.539188,0.548996,0.546596,0.551408,0.553541
2025020849,2026-01-29,0,0.537089,0.496516,0.485661,0.500013,0.497193,0.49471,0.484034,0.48618,0.505972
2025020858,2026-01-30,0,0.537089,0.418814,0.33728,0.375117,0.357154,0.353168,0.320642,0.338191,0.377657
2025020872,2026-01-31,0,0.537089,0.591036,0.626853,0.634124,0.624054,0.616073,0.629493,0.626235,0.616902
2025020871,2026-01-31,0,0.537089,0.556046,0.538436,0.545149,0.564453,0.562565,0.545999,0.53982,0.553088
2025020870,2026-01-31,0,0.537089,0.494906,0.500215,0.492098,0.497039,0.49915,0.502317,0.500154,0.519896
2025020868,2026-01-31,0,0.537089,0.479536,0.530611,0.48671,0.496073,0.5069,0.538177,0.529251,0.547145
2025020867,2026-01-31,0,0.537089,0.589906,0.529038,0.544437,0.516878,0.524241,0.515685,0.528763,0.53006
2025020866,2026-01-31,1,0.537089,0.581051,0.609751,0.593053,0.598085,0.58339,0.61264,0.608239,0.603926
2025020869,2026-01-31,0,0.537089,0.423774,0.480575,0.492961,0.462224,0.470403,0.477337,0.479991,0.500862
2025020864,2026-01-31,1,0.537089,0.460473,0.43122,0.455236,0.449877,0.443955,0.4252,0.431951,0.4608
2025020863,2026-01-31,1,0.537089,0.571787,0.529283,0.530929,0.507157,0.515806,0.518164,0.52851,0.531944
2025020862,2026-01-31,0,0.537089,0.581641,0.616828,0.629701,0.623684,0.615521,0.621401,0.616753,0.610663
2025020861,2026-01-31,1,0.537089,0.599653,0.618796,0.60069,0.611727,0.617069,0.628048,0.618697,0.615786
2025020860,2026-01-31,0,0.537089,0.418169,0.365076,0.390426,0.382757,0.377063,0.353979,0.365764,0.404728
2025020859,2026-01-31,0,0.537089,0.470683,0.51902,0.569664,0.553639,0.548491,0.523484,0.520711,0.535986
2025020865,2026-01-31,0,0.537089,0.579663,0.503223,0.527602,0.488,0.495971,0.48372,0.502807,0.505733
2025020873,2026-02-01,1,0.537089,0.650053,0.687383,0.747719,0.706653,0.723309,0.691175,0.689444,0.665162
2025020874,2026-02-01,1,0.537089,0.608061,0.608526,0.629089,0.609354,0.62055,0.609276,0.609215,0.601344
2025020875,2026-02-01,1,0.537089,0.454068,0.503222,0.501784,0.507202,0.513011,0.512236,0.503784,0.527439
2025020885,2026-02-02,0,0.537089,0.477833,0.530674,0.549821,0.522735,0.53621,0.532201,0.530992,0.542606
2025020884,2026-02-02,1,0.537089,0.672072,0.627959,0.658506,0.664246,0.670467,0.63488,0.630398,0.621064
2025020883,2026-02-02,0,0.537089,0.664937,0.69437,0.753291,0.719291,0.729187,0.69854,0.696368,0.671031
2025020882,2026-02-02,1,0.537089,0.6003,0.600843,0.571683,0.571489,0.56541,0.598871,0.59881,0.593371
2025020881,2026-02-02,1,0.537089,0.504446,0.480699,0.499027,0.475241,0.478367,0.470857,0.480565,0.495912
2025020877,2026-02-02,0,0.537089,0.53491,0.480889,0.507788,0.505048,0.51478,0.478998,0.482833,0.50213
2025020879,2026-02-02,1,0.537089,0.566082,0.570323,0.557571,0.545316,0.542054,0.565669,0.568702,0.568042
2025020878,2026-02-02,1,0.537089,0.556132,0.563104,0.564228,0.563105,0.563841,0.565754,0.563146,0.568107
2025020876,2026-02-02,0,0.537089,0.53139,0.612774,0.62607,0.610953,0.607043,0.619529,0.612445,0.609222
2025020880,2026-02-02,1,0.537089,0.54573,0.585841,0.564803,0.600214,0.571331,0.597455,0.585009,0.592287
2025020890,2026-02-03,1,0.536833,0.594202,0.599094,0.607207,0.565052,0.581389,0.596893,0.597025,0.591857
2025020892,2026-02-03,1,0.536833,0.504729,0.545547,0.541093,0.557877,0.551525,0.551906,0.546246,0.557576
2025020889,2026-02-03,1,0.536833,0.449472,0.599831,0.552072,0.571519,0.582791,0.621208,0.59784,0.610514
2025020891,2026-02-03,0,0.536833,0.578498,0.703528,0.652842,0.657767,0.658811,0.713352,0.698303,0.682921
2025020887,2026-02-03,0,0.536833,0.490348,0.533593,0.561347,0.528077,0.527575,0.526164,0.53289,0.538021
2025020886,2026-02-03,1,0.536833,0.615696,0.738683,0.707209,0.668348,0.702417,0.752748,0.734445,0.715212
2025020888,2026-02-03,1,0.536833,0.507742,0.45725,0.472247,0.457139,0.45163,0.446488,0.456593,0.477229
2025020902,2026-02-04,0,0.536833,0.566022,0.658984,0.605774,0.633721,0.646774,0.68215,0.657557,0.658007
2025020900,2026-02-04,1,0.536833,0.432524,0.458372,0.425381,0.428042,0.436297,0.463622,0.455792,0.490377
2025020899,2026-02-04,1,0.536833,0.674853,0.657487,0.67828,0.685352,0.679095,0.661276,0.660012,0.641592
2025020898,2026-02-04,1,0.536833,0.551992,0.558685,0.546401,0.55622,0.544241,0.556968,0.556997,0.561425
2025020901,2026-02-04,1,0.536833,0.670389,0.629913,0.672058,0.67974,0.669253,0.63096,0.63451,0.618035
2025020896,2026-02-04,0,0.536833,0.429711,0.457273,0.484597,0.47184,0.477543,0.459062,0.459641,0.486883
2025020895,2026-02-04,0,0.536833,0.524168,0.508293,0.529201,0.488898,0.501353,0.502185,0.507482,0.519796
2025020894,2026-02-04,1,0.536833,0.66385,0.546699,0.65211,0.654353,0.643829,0.543985,0.558049,0.551557
2025020893,2026-02-04,1,0.536833,0.559879,0.625892,0.603475,0.62083,0.618186,0.636359,0.624991,0.622209
2025020897,2026-02-04,1,0.536833,0.751132,0.707675,0.739089,0.709051,0.7218,0.708768,0.709326,0.679228
2025020903,2026-02-05,0,0.536833,0.582224,0.497064,0.492472,0.499151,0.514322,0.505367,0.49908,0.522217
2025020904,2026-02-05,1,0.536833,0.632243,0.662059,0.636511,0.644431,0.63948,0.6663,0.659421,0.645527
2025020905,2026-02-05,0,0.536833,0.498989,0.541843,0.564895,0.54953,0.547131,0.540046,0.542461,0.548566
2025020906,2026-02-05,0,0.536833,0.398361,0.373264,0.373274,0.376333,0.368671,0.366509,0.372728,0.414747
2025020907,2026-02-05,0,0.536833,0.456066,0.432404,0.454849,0.440855,0.442126,0.427522,0.43354,0.462597
2025020908,2026-02-05,1,0.536833,0.599896,0.625587,0.552932,0.568532,0.577189,0.636696,0.619932,0.62247
2025020909,2026-02-05,1,0.536833,0.565662,0.565139,0.560073,0.585191,0.585253,0.577071,0.56749,0.576725
2025020915,2026-02-25,0,0.537059,0.412365,0.445569,0.465945,0.440156,0.45765,0.446162,0.447,0.474103
2025020917,2026-02-25,1,0.537059,0.450471,0.421648,0.450762,0.461077,0.457017,0.424798,0.425836,0.457047
2025020916,2026-02-25,0,0.537059,0.492332,0.491498,0.488193,0.473346,0.482255,0.489058,0.490403,0.508076
2025020914,2026-02-25,0,0.537059,0.439042,0.4141,0.382523,0.415899,0.399153,0.415215,0.41233,0.449358
2025020910,2026-02-25,0,0.537059,0.435191,0.511724,0.553035,0.528155,0.513679,0.497518,0.511956,0.514747
2025020912,2026-02-25,1,0.537059,0.662005,0.699458,0.784696,0.720047,0.734239,0.68587,0.703577,0.66435
2025020911,2026-02-25,1,0.537059,0.614908,0.543731,0.548243,0.527437,0.535307,0.534963,0.542733,0.544214
2025020913,2026-02-25,1,0.537059,0.635552,0.660387,0.713479,0.698058,0.685261,0.654509,0.663333,0.638941
2025020929,2026-02-26,0,0.537059,0.483625,0.451241,0.511136,0.473288,0.479239,0.437197,0.454556,0.466959
2025020928,2026-02-26,0,0.537059,0.483574,0.47881,0.465393,0.497213,0.488358,0.489903,0.479941,0.508743
2025020927,2026-02-26,0,0.537059,0.616673,0.508198,0.572877,0.573918,0.565072,0.504107,0.514933,0.519938
2025020926,2026-02-26,1,0.537059,0.603409,0.598389,0.565234,0.589046,0.580213,0.605976,0.596237,0.600207
2025020925,2026-02-26,1,0.537059,0.493117,0.587836,0.533991,0.539815,0.548287,0.600365,0.583153,0.595762
2025020924,2026-02-26,0,0.537059,0.545879,0.539919,0.491,0.499021,0.505394,0.545218,0.535831,0.552279
2025020923,2026-02-26,1,0.537059,0.47086,0.540944,0.517829,0.544686,0.53688,0.555357,0.540463,0.560255
2025020921,2026-02-26,1,0.537059,0.557825,0.712748,0.627632,0.654271,0.667274,0.74075,0.707363,0.709901
2025020920,2026-02-26,0,0.537059,0.548823,0.624165,0.57409,0.600552,0.590591,0.636152,0.62019,0.62422
2025020919,2026-02-26,0,0.537059,0.569847,0.55201,0.541506,0.567292,0.560961,0.563063,0.55307,0.566322
2025020918,2026-02-26,1,0.537059,0.530377,0.505604,0.504408,0.488552,0.495384,0.500258,0.504394,0.516905
2025020922,2026-02-26,1,0.537059,0.610753,0.647343,0.605095,0.607262,0.605464,0.650089,0.642384,0.635387
2025020933,2026-02-27,1,0.537059,0.492253,0.48177,0.454628,0.489745,0.485777,0.496448,0.482245,0.513903
2025020932,2026-02-27,1,0.537059,0.5005,0.538396,0.539617,0.52344,0.539393,0.544629,0.538514,0.551816
2025020930,2026-02-27,0,0.537059,0.531128,0.559271,0.59291,0.578553,0.577022,0.557954,0.561373,0.5623
2025020931,2026-02-27,1,0.537059,0.519666,0.534938,0.479215,0.500495,0.516682,0.555389,0.532776,0.560281
2025020934,2026-02-28,1,0.537059,0.448337,0.397028,0.371289,0.42467,0.415979,0.414382,0.399272,0.448688
2025020935,2026-02-28,1,0.537059,0.452568,0.52534,0.504668,0.534159,0.527739,0.54231,0.525624,0.549992
2025020936,2026-02-28,1,0.537059,0.376802,0.356123,0.352251,0.360539,0.361406,0.356343,0.356749,0.401427
2025020937,2026-02-28,0,0.537059,0.549133,0.521295,0.52647,0.54816,0.542731,0.530805,0.523834,0.540944
2025020938,2026-02-28,1,0.537059,0.769082,0.727829,0.761505,0.720768,0.735646,0.721375,0.728755,0.693631
2025020939,2026-02-28,0,0.537059,0.524251,0.378855,0.39996,0.4411,0.434447,0.388765,0.385438,0.427986
2025020940,2026-02-28,1,0.537059,0.535179,0.585908,0.55468,0.55383,0.563181,0.595016,0.583217,0.591529
2025020941,2026-02-28,0,0.537059,0.629646,0.74271,0.731218,0.695753,0.712115,0.74579,0.739087,0.714172
2025020942,2026-02-28,1,0.537059,0.613709,0.611826,0.589012,0.602418,0.595659,0.616535,0.609911,0.608587
2025020943,2026-02-28,0,0.537059,0.539917,0.497842,0.490613,0.476776,0.491799,0.497424,0.497127,0.514673
2025020944,2026-02-28,1,0.537059,0.554364,0.54569,0.561756,0.56284,0.559705,0.547753,0.547349,0.554273
2025020945,2026-02-28,1,0.537059,0.66992,0.633349,0.678737,0.672313,0.675675,0.639709,0.638361,0.627065
2025020946,2026-02-28,1,0.537059,0.626955,0.543135,0.551458,0.558218,0.548445,0.537961,0.543764,0.546572
2025020952,2026-03-01,1,0.537059,0.551121,0.587742,0.527066,0.580871,0.570649,0.610899,0.585718,0.604112
2025020950,2026-03-01,1,0.537059,0.4285,0.374361,0.461327,0.441779,0.405595,0.342729,0.37806,0.390133
2025020951,2026-03-01,0,0.537059,0.659536,0.690159,0.684922,0.706902,0.717891,0.71833,0.693443,0.691094
2025020948,2026-03-01,1,0.537059,0.499221,0.422986,0.453879,0.41241,0.406895,0.391907,0.42108,0.430537
2025020947,2026-03-01,1,0.537059,0.522018,0.428172,0.499452,0.482533,0.490781,0.424822,0.435586,0.457066
2025020949,2026-03-01,0,0.537059,0.701416,0.714169,0.71844,0.726727,0.741861,0.737797,0.717448,0.707406
2025020953,2026-03-02,0,0.537059,0.468786,0.449464,0.449318,0.438801,0.442444,0.443735,0.448633,0.47217
2025020954,2026-03-02,0,0.537059,0.590822,0.489553,0.493277,0.505142,0.504321,0.490469,0.491301,0.509189
2025020955,2026-03-02,0,0.537059,0.471596,0.507342,0.488114,0.511499,0.501745,0.515576,0.506679,0.528965
2025020956,2026-03-02,0,0.537059,0.318144,0.342714,0.40804,0.389855,0.392419,0.339222,0.3486,0.387208
2025020957,2026-03-02,1,0.537059,0.407499,0.347784,0.397634,0.379755,0.377535,0.334337,0.351307,0.383122
2025020958,2026-03-02,0,0.537059,0.378803,0.396304,0.361116,0.365886,0.36947,0.396392,0.393127,0.434173
2025020967,2026-03-03,1,0.537131,0.451011,0.401042,0.428081,0.446015,0.44308,0.406393,0.406236,0.442255
2025020966,2026-03-03,1,0.537131,0.549275,0.53193,0.532403,0.520736,0.528755,0.533949,0.531537,0.543417
2025020965,2026-03-03,0,0.537131,0.384416,0.430886,0.411451,0.415766,0.443823,0.453199,0.432485,0.479698
2025020964,2026-03-03,1,0.537131,0.644851,0.601787,0.671291,0.656779,0.646279,0.593018,0.607285,0.589949
2025020959,2026-03-03,1,0.537131,0.518162,0.467518,0.430325,0.455261,0.457743,0.478534,0.466311,0.499767
2025020962,2026-03-03,0,0.537131,0.523906,0.564077,0.525698,0.51776,0.518305,0.56313,0.558422,0.566375
2025020961,2026-03-03,1,0.537131,0.442282,0.42495,0.471063,0.476735,0.477104,0.429444,0.431394,0.460765
2025020960,2026-03-03,1,0.537131,0.577447,0.516038,0.455209,0.502592,0.518535,0.546683,0.516346,0.553431
2025020968,2026-03-03,0,0.537131,0.364376,0.400424,0.344243,0.382024,0.382438,0.416661,0.398202,0.45052
2025020963,2026-03-03,1,0.537131,0.608185,0.534877,0.572462,0.542908,0.552449,0.529667,0.537048,0.540049
2025020969,2026-03-03,1,0.537131,0.39803,0.434224,0.446798,0.429942,0.447592,0.4404,0.435876,0.469513
2025020971,2026-03-04,1,0.537131,0.495759,0.509607,0.60863,0.551173,0.552358,0.489971,0.514889,0.508796
2025020974,2026-03-04,0,0.537131,0.569194,0.562594,0.569192,0.553817,0.547083,0.553833,0.560677,0.559056
2025020973,2026-03-04,1,0.537131,0.48644,0.447142,0.460507,0.469148,0.446177,0.434872,0.447023,0.465103
2025020970,2026-03-04,0,0.537131,0.529434,0.615156,0.502196,0.523983,0.536061,0.634025,0.605383,0.622521
2025020972,2026-03-04,0,0.537131,0.308323,0.307534,0.336778,0.366554,0.360104,0.315111,0.31403,0.366912
2025020975,2026-03-05,1,0.537131,0.483936,0.57982,0.555993,0.546576,0.555068,0.58648,0.576761,0.584784
2025020976,2026-03-05,0,0.537131,0.450475,0.537057,0.502163,0.521117,0.519789,0.548408,0.534923,0.554789
2025020977,2026-03-05,0,0.537131,0.492404,0.599583,0.607159,0.574084,0.569227,0.588117,0.595832,0.586077
2025020978,2026-03-05,1,0.537131,0.524863,0.495447,0.477915,0.474831,0.480158,0.497423,0.493558,0.514671
2025020979,2026-03-05,1,0.537131,0.455386,0.570566,0.540741,0.55074,0.546633,0.57762,0.567609,0.577792
2025020980,2026-03-05,1,0.537131,0.403914,0.348256,0.348971,0.374085,0.369655,0.353243,0.3509,0.398863
2025020981,2026-03-05,0,0.537131,0.447639,0.366645,0.426469,0.425448,0.425699,0.365328,0.373942,0.408832
2025020982,2026-03-05,1,0.537131,0.508685,0.642512,0.554417,0.561223,0.569673,0.655296,0.633512,0.639574
2025020988,2026-03-06,0,0.537131,0.497303,0.562881,0.532273,0.542396,0.541389,0.57046,0.560226,0.573061
2025020989,2026-03-06,0,0.537131,0.491104,0.507594,0.523141,0.512805,0.517225,0.508927,0.508784,0.525494
2025020987,2026-03-06,1,0.537131,0.478781,0.505496,0.500042,0.500173,0.505523,0.511617,0.505499,0.527574
2025020984,2026-03-06,0,0.537131,0.49339,0.513427,0.500823,0.50513,0.501736,0.514974,0.511983,0.53017
2025020985,2026-03-06,0,0.537131,0.558556,0.545022,0.558799,0.546879,0.551895,0.545931,0.545871,0.554092
2025020983,2026-03-06,0,0.537131,0.525827,0.573102,0.487259,0.492732,0.501319,0.581931,0.564232,0.581947
2025020986,2026-03-06,0,0.537131,0.481026,0.539025,0.473678,0.49577,0.492064,0.547779,0.533223,0.55552
2025021000,2026-03-07,0,0.537131,0.476347,0.424262,0.436571,0.436348,0.431748,0.4197,0.425187,0.455909
2025020997,2026-03-07,0,0.537131,0.492289,0.629617,0.560795,0.556244,0.565139,0.63858,0.62165,0.626136
2025020999,2026-03-07,0,0.537131,0.441661,0.439899,0.503536,0.470032,0.476756,0.432245,0.444453,0.465793
2025020998,2026-03-07,1,0.537131,0.361038,0.3845,0.349,0.376841,0.384291,0.400999,0.384474,0.441087
2025020996,2026-03-07,1,0.537131,0.670943,0.741536,0.718609,0.721243,0.732453,0.757209,0.740414,0.722365
2025020990,2026-03-07,1,0.537131,0.530398,0.525943,0.522498,0.504137,0.512283,0.524914,0.524255,0.537853
2025020994,2026-03-07,0,0.537131,0.398806,0.30729,0.337044,0.368945,0.35929,0.311098,0.313715,0.367729
2025020993,2026-03-07,0,0.537131,0.610713,0.611584,0.610948,0.578817,0.577809,0.60001,0.607411,0.595985
2025020992,2026-03-07,1,0.537131,0.664372,0.602578,0.535638,0.583407,0.587037,0.625615,0.600658,0.615964
2025020991,2026-03-07,1,0.537131,0.546122,0.58779,0.583373,0.592041,0.580834,0.588758,0.586931,0.587242
2025020995,2026-03-07,0,0.537131,0.516928,0.534626,0.525311,0.548107,0.539976,0.542229,0.535287,0.551232
2025021005,2026-03-08,0,0.537131,0.497042,0.463791,0.531903,0.495542,0.491844,0.447275,0.467257,0.477579
2025021004,2026-03-08,1,0.537131,0.745382,0.73885,0.776344,0.731534,0.7398,0.730542,0.738967,0.70007
2025021006,2026-03-08,0,0.537131,0.557572,0.577454,0.57131,0.567928,0.561963,0.575445,0.57554,0.576921
2025021002,2026-03-08,1,0.537131,0.534861,0.588145,0.57643,0.570313,0.585438,0.600548,0.587811,0.596404
2025021001,2026-03-08,1,0.537131,0.614191,0.622702,0.612493,0.604117,0.605864,0.624198,0.620622,0.614854
2025021003,2026-03-08,1,0.537131,0.492553,0.420897,0.423365,0.440869,0.423428,0.414523,0.42121,0.451818
2025021007,2026-03-08,0,0.537131,0.51852,0.529332,0.565083,0.534189,0.539475,0.52285,0.530585,0.536258
2025021011,2026-03-09,0,0.537131,0.361884,0.286705,0.30731,0.358851,0.347068,0.297495,0.294164,0.356223
2025021009,2026-03-09,1,0.537131,0.607747,0.605311,0.591507,0.588128,0.586273,0.605756,0.602959,0.600457
2025021010,2026-03-09,1,0.537131,0.360974,0.312323,0.333038,0.360419,0.319158,0.293798,0.313168,0.353073
2025020828,2026-03-09,0,0.537131,0.578841,0.554543,0.565019,0.564806,0.564762,0.557177,0.555806,0.562784
2025021008,2026-03-09,0,0.537131,0.541311,0.608541,0.570688,0.561543,0.566628,0.612026,0.603362,0.605344
2025021024,2026-03-10,0,0.537131,0.557567,0.538886,0.504611,0.50436,0.516526,0.547513,0.536123,0.555314
2025021023,2026-03-10,0,0.537131,0.642362,0.611033,0.65464,0.645613,0.654037,0.618367,0.616347,0.610294
2025021022,2026-03-10,0,0.537131,0.580925,0.614938,0.612543,0.587077,0.591896,0.611538,0.612091,0.604963
2025021020,2026-03-10,1,0.537131,0.622937,0.630868,0.647874,0.593498,0.600225,0.615531,0.627082,0.608079
2025021019,2026-03-10,0,0.537131,0.501148,0.484785,0.495573,0.505232,0.507083,0.491981,0.48754,0.512374
2025021018,2026-03-10,1,0.537131,0.619325,0.638517,0.622812,0.611813,0.620225,0.643754,0.636257,0.630209
2025021021,2026-03-10,1,0.537131,0.563848,0.602903,0.593518,0.596208,0.589391,0.604146,0.601234,0.599204
2025021016,2026-03-10,1,0.537131,0.551409,0.571023,0.56515,0.57025,0.562599,0.571687,0.569982,0.57401
2025021015,2026-03-10,0,0.537131,0.640486,0.772108,0.756099,0.739688,0.754512,0.783555,0.769934,0.744937
2025021014,2026-03-10,1,0.537131,0.586314,0.625434,0.594331,0.584886,0.577126,0.619892,0.619465,0.611486
2025021013,2026-03-10,1,0.537131,0.712654,0.64574,0.597463,0.615392,0.613289,0.652763,0.64173,0.637318
2025021012,2026-03-10,1,0.537131,0.566668,0.594652,0.531927,0.564275,0.580588,0.62214,0.592915,0.613244
2025021017,2026-03-10,1,0.537131,0.55961,0.536896,0.568866,0.557466,0.557717,0.535128,0.539469,0.545745
2025021025,2026-03-11,0,0.537131,0.548173,0.741093,0.632842,0.653419,0.64332,0.749407,0.729012,0.715789
2025021026,2026-03-11,1,0.537131,0.457563,0.468025,0.524606,0.50362,0.510397,0.466942,0.47326,0.492928
2025021035,2026-03-12,0,0.537131,0.661934,0.656036,0.638235,0.65835,0.655005,0.66708,0.655908,0.648673
2025021040,2026-03-12,0,0.537131,0.348933,0.384796,0.333531,0.3774,0.369025,0.397513,0.382847,0.438311
2025021039,2026-03-12,1,0.537131,0.532724,0.605196,0.56135,0.555509,0.558367,0.608458,0.59941,0.602562
2025021038,2026-03-12,1,0.537131,0.443466,0.398209,0.363805,0.429616,0.415142,0.41552,0.400301,0.452606
2025021037,2026-03-12,0,0.537131,0.685888,0.700622,0.727207,0.712647,0.724291,0.709614,0.703547,0.682895
2025021036,2026-03-12,0,0.537131,0.575113,0.612368,0.604137,0.57877,0.581751,0.607515,0.608585,0.601827
2025021034,2026-03-12,1,0.537131,0.591347,0.589376,0.573399,0.577721,0.587627,0.601198,0.58916,0.596909
2025021029,2026-03-12,1,0.537131,0.533387,0.486691,0.476282,0.474847,0.477656,0.487296,0.485574,0.508742
2025021032,2026-03-12,0,0.537131,0.573826,0.61439,0.611135,0.604817,0.60779,0.61884,0.613575,0.610664
2025021031,2026-03-12,1,0.537131,0.54344,0.590457,0.591165,0.569281,0.569312,0.58538,0.587844,0.584621
2025021030,2026-03-12,1,0.537131,0.63463,0.68733,0.672673,0.687184,0.673196,0.690812,0.685584,0.667666
2025021028,2026-03-12,0,0.537131,0.618317,0.636134,0.575,0.57779,0.593235,0.649855,0.630834,0.635021
2025021027,2026-03-12,0,0.537131,0.653577,0.5986,0.574806,0.601895,0.597975,0.609568,0.598523,0.603427
2025021033,2026-03-12,0,0.537131,0.675473,0.713424,0.734166,0.714941,0.728315,0.721863,0.715263,0.692916
2025021041,2026-03-13,0,0.537131,0.560604,0.594963,0.571184,0.569131,0.572847,0.600262,0.59223,0.596181
2025021042,2026-03-13,1,0.537131,0.461867,0.389481,0.45503,0.444856,0.430099,0.374916,0.3945,0.420203
2025021051,2026-03-14,1,0.537131,0.606588,0.59315,0.626303,0.565504,0.57144,0.573332,0.590468,0.575284
2025021056,2026-03-14,1,0.537131,0.670181,0.716929,0.736155,0.722872,0.729283,0.72348,0.718455,0.694245
2025021055,2026-03-14,0,0.537131,0.446633,0.430397,0.449813,0.472552,0.46955,0.439375,0.435234,0.471391
2025021054,2026-03-14,0,0.537131,0.555999,0.586589,0.560406,0.542817,0.556429,0.591066,0.582863,0.589034
2025021053,2026-03-14,1,0.537131,0.642576,0.637331,0.710025,0.672011,0.68267,0.634368,0.642933,0.622827
2025021052,2026-03-14,0,0.537131,0.466262,0.548968,0.537767,0.521748,0.524189,0.547849,0.545906,0.555574
2025021050,2026-03-14,1,0.537131,0.508523,0.609731,0.572379,0.580419,0.588781,0.624412,0.607143,0.615022
2025021048,2026-03-14,0,0.537131,0.665383,0.634438,0.597335,0.63439,0.619724,0.643242,0.63262,0.629806
2025021047,2026-03-14,1,0.537131,0.641925,0.649193,0.660945,0.673568,0.672887,0.66062,0.65212,0.643541
2025021046,2026-03-14,0,0.537131,0.635404,0.609151,0.646374,0.650503,0.645083,0.612594,0.613591,0.605787
2025021045,2026-03-14,1,0.537131,0.373076,0.414466,0.342441,0.399151,0.376769,0.423223,0.409808,0.45869
2025021044,2026-03-14,0,0.537131,0.542022,0.611449,0.598723,0.562464,0.563396,0.600852,0.605511,0.59664
2025021043,2026-03-14,1,0.537131,0.606899,0.69712,0.649798,0.630489,0.639546,0.700502,0.690006,0.675492
2025021049,2026-03-14,0,0.537131,0.556135,0.565155,0.536274,0.529133,0.55053,0.578684,0.563348,0.57943
2025021061,2026-03-15,1,0.537131,0.624968,0.657321,0.633629,0.604588,0.607063,0.650638,0.651111,0.635639
2025021057,2026-03-15,1,0.537131,0.562057,0.563549,0.610734,0.556027,0.563527,0.54817,0.563546,0.555822
2025021058,2026-03-15,1,0.537131,0.664821,0.716748,0.766105,0.725865,0.754123,0.727513,0.721366,0.697568
2025021059,2026-03-15,0,0.537131,0.599669,0.597042,0.582133,0.571364,0.572381,0.595779,0.593995,0.592695
2025021060,2026-03-15,0,0.537131,0.623607,0.630328,0.659301,0.627763,0.655624,0.641378,0.633453,0.628338
2025021062,2026-03-15,1,0.537131,0.458914,0.386937,0.453253,0.418889,0.404097,0.361312,0.389057,0.409197
2025021066,2026-03-16,0,0.537131,0.628864,0.627424,0.654953,0.632043,0.62249,0.615511,0.626814,0.608064
2025021065,2026-03-16,0,0.537131,0.538686,0.48213,0.477241,0.481236,0.491437,0.490416,0.48328,0.511161
2025021067,2026-03-16,0,0.537131,0.666687,0.650876,0.684885,0.684632,0.688826,0.660213,0.655565,0.643218
2025021063,2026-03-16,1,0.537131,0.613646,0.659722,0.631247,0.605717,0.613684,0.658571,0.654034,0.641916
2025021064,2026-03-16,1,0.537131,0.485745,0.563688,0.594432,0.564411,0.552066,0.547676,0.562252,0.555441
2025021076,2026-03-17,0,0.536808,0.396278,0.38743,0.382844,0.375266,0.37672,0.38466,0.386567,0.428036
2025021075,2026-03-17,0,0.536808,0.472588,0.558234,0.541105,0.546866,0.542958,0.562608,0.557003,0.566985
2025021074,2026-03-17,1,0.536808,0.36857,0.331602,0.36347,0.361476,0.361171,0.331291,0.333984,0.384581
2025021073,2026-03-17,1,0.536808,0.667186,0.675965,0.679689,0.672014,0.676803,0.677037,0.676033,0.656613
2025021069,2026-03-17,1,0.536808,0.552234,0.636665,0.57437,0.593175,0.597418,0.645277,0.633503,0.631409
2025021071,2026-03-17,0,0.536808,0.595385,0.575761,0.559322,0.552455,0.55975,0.575085,0.574471,0.576642
2025021070,2026-03-17,1,0.536808,0.456849,0.436642,0.449776,0.435384,0.430296,0.430704,0.436131,0.464581
2025021068,2026-03-17,0,0.536808,0.517769,0.432888,0.438963,0.458986,0.454908,0.437079,0.434662,0.46959
2025021072,2026-03-17,0,0.536808,0.357187,0.368616,0.356117,0.364045,0.366403,0.371892,0.368438,0.417764
2025021082,2026-03-18,0,0.536808,0.555357,0.571917,0.531754,0.544997,0.537059,0.574234,0.569109,0.575982
2025021077,2026-03-18,0,0.536808,0.540901,0.437425,0.409403,0.442261,0.438906,0.443929,0.437544,0.474961
2025021078,2026-03-18,1,0.536808,0.603402,0.554683,0.635356,0.58846,0.592497,0.542682,0.55773,0.551581
2025021079,2026-03-18,1,0.536808,0.493845,0.471702,0.411513,0.434776,0.424748,0.473974,0.467918,0.498399
2025021080,2026-03-18,0,0.536808,0.561835,0.543765,0.572187,0.542926,0.547748,0.536756,0.544086,0.547003
2025021081,2026-03-18,1,0.536808,0.483011,0.526325,0.516318,0.503816,0.506529,0.524606,0.52473,0.537615
2025021091,2026-03-19,0,0.536808,0.523541,0.562897,0.542401,0.556931,0.556492,0.569621,0.562381,0.572411
2025021090,2026-03-19,0,0.536808,0.296873,0.278142,0.32639,0.35805,0.350733,0.2885,0.283991,0.34854
2025021093,2026-03-19,0,0.536808,0.567023,0.644285,0.598959,0.587976,0.581552,0.640622,0.639231,0.627743
2025021092,2026-03-19,0,0.536808,0.346449,0.438146,0.426488,0.428618,0.428218,0.441993,0.437346,0.473444
2025021089,2026-03-19,0,0.536808,0.566503,0.53729,0.54171,0.527506,0.531027,0.533594,0.536785,0.54456
2025021084,2026-03-19,1,0.536808,0.570479,0.579645,0.574463,0.570191,0.558689,0.576578,0.577956,0.577798
2025021087,2026-03-19,1,0.536808,0.520407,0.581682,0.544756,0.561602,0.555561,0.587567,0.579577,0.586318
2025021086,2026-03-19,1,0.536808,0.608944,0.697663,0.644124,0.625312,0.625395,0.693286,0.69184,0.669659
2025021085,2026-03-19,1,0.536808,0.517284,0.594233,0.560215,0.542716,0.546359,0.591162,0.590376,0.589109
2025021088,2026-03-19,0,0.536808,0.710375,0.69117,0.71779,0.69946,0.716478,0.692088,0.693209,0.668694
2025021083,2026-03-19,1,0.536808,0.541352,0.552725,0.52887,0.507326,0.519769,0.548585,0.550069,0.556143
2025021094,2026-03-20,0,0.536808,0.41509,0.32373,0.389977,0.379768,0.372592,0.319127,0.327667,0.376028
2025021095,2026-03-20,1,0.536808,0.57817,0.525306,0.4676,0.504294,0.519556,0.538637,0.524843,0.54393
2025021096,2026-03-20,0,0.536808,0.296087,0.235257,0.308052,0.346313,0.304258,0.238747,0.240817,0.30854
2025021097,2026-03-20,1,0.536808,0.430338,0.455975,0.418228,0.418989,0.413762,0.454102,0.452574,0.48067
2025021098,2026-03-20,0,0.536808,0.61304,0.558013,0.566565,0.541617,0.531103,0.546071,0.555844,0.549481
2025021109,2026-03-21,0,0.536808,0.449183,0.489815,0.442128,0.506247,0.488808,0.508093,0.489734,0.521128
2025021108,2026-03-21,0,0.536808,0.537431,0.623045,0.583823,0.56323,0.565938,0.618837,0.618444,0.604158
2025021106,2026-03-21,1,0.536808,0.607212,0.790219,0.717925,0.680705,0.707462,0.788524,0.783551,0.739755
2025021105,2026-03-21,1,0.536808,0.552462,0.536329,0.508371,0.530461,0.526934,0.542444,0.535572,0.546773
2025021104,2026-03-21,1,0.536808,0.618943,0.6472,0.650001,0.619919,0.635291,0.643478,0.64624,0.622932
2025021107,2026-03-21,0,0.536808,0.432422,0.436662,0.393699,0.433201,0.420282,0.445892,0.435342,0.474479
2025021102,2026-03-21,0,0.536808,0.414147,0.500527,0.494692,0.465372,0.47422,0.495897,0.498407,0.512016
2025021101,2026-03-21,1,0.536808,0.476667,0.423883,0.398572,0.435547,0.426531,0.432174,0.424096,0.464104
2025021100,2026-03-21,1,0.536808,0.478383,0.492025,0.467727,0.465855,0.467275,0.491689,0.490031,0.508869
2025021099,2026-03-21,1,0.536808,0.56969,0.607957,0.579077,0.567821,0.558364,0.602758,0.603961,0.591996
2025021103,2026-03-21,0,0.536808,0.472638,0.507656,0.470126,0.495323,0.488769,0.515119,0.506134,0.526374
2025021118,2026-03-22,1,0.536808,0.593936,0.657226,0.598066,0.596565,0.594311,0.656746,0.652157,0.633124
2025021117,2026-03-22,1,0.536808,0.402048,0.51671,0.422888,0.444475,0.463648,0.529347,0.512434,0.536994
2025021116,2026-03-22,1,0.536808,0.34135,0.418919,0.398168,0.400845,0.405214,0.423065,0.417815,0.457188
2025021114,2026-03-22,1,0.536808,0.484134,0.537328,0.512124,0.512608,0.499205,0.535502,0.534256,0.541589
2025021115,2026-03-22,0,0.536808,0.638146,0.630126,0.687306,0.675817,0.679351,0.631836,0.634092,0.614039
2025021112,2026-03-22,0,0.536808,0.461127,0.376483,0.433409,0.430333,0.411179,0.371124,0.379278,0.417238
2025021111,2026-03-22,0,0.536808,0.422492,0.42191,0.399245,0.410745,0.390523,0.419666,0.419381,0.454601
2025021110,2026-03-22,0,0.536808,0.505906,0.563552,0.495351,0.497101,0.497824,0.563699,0.558256,0.56266
2025021113,2026-03-22,0,0.536808,0.447207,0.51426,0.467574,0.476126,0.48017,0.519102,0.511514,0.529348
2025021119,2026-03-23,0,0.536808,0.435588,0.273352,0.353157,0.374762,0.351026,0.273633,0.27961,0.338529
2025021129,2026-03-24,1,0.536808,0.61221,0.580154,0.567997,0.561133,0.556401,0.576104,0.57824,0.571952
2025021133,2026-03-24,1,0.536808,0.501214,0.482395,0.445798,0.458476,0.461008,0.485766,0.480672,0.504438
2025021132,2026-03-24,0,0.536808,0.542347,0.549673,0.543712,0.5095,0.521651,0.541756,0.547415,0.546259
2025021131,2026-03-24,1,0.536808,0.517522,0.507138,0.449274,0.450238,0.453084,0.505448,0.502782,0.519152
2025021134,2026-03-24,0,0.536808,0.414165,0.40097,0.406377,0.409231,0.411613,0.402831,0.401827,0.441739
2025021130,2026-03-24,0,0.536808,0.662408,0.593726,0.653817,0.653224,0.664761,0.599795,0.599449,0.589761
2025021128,2026-03-24,1,0.536808,0.49026,0.519615,0.515868,0.497696,0.511304,0.518613,0.518946,0.528983
2025021123,2026-03-24,1,0.536808,0.601289,0.635532,0.623929,0.632082,0.63369,0.641243,0.635383,0.621221
2025021126,2026-03-24,0,0.536808,0.417228,0.429744,0.410829,0.410918,0.415738,0.430888,0.428615,0.463128
2025021125,2026-03-24,0,0.536808,0.457608,0.534205,0.514849,0.505334,0.514306,0.535899,0.532602,0.541886
2025021124,2026-03-24,0,0.536808,0.661066,0.692232,0.741727,0.705004,0.720042,0.688486,0.694472,0.657802
2025021122,2026-03-24,0,0.536808,0.488091,0.543544,0.423248,0.46733,0.46035,0.553753,0.536841,0.555221
2025021121,2026-03-24,1,0.536808,0.455567,0.43653,0.428877,0.438779,0.424669,0.435781,0.435574,0.466836
2025021120,2026-03-24,0,0.536808,0.587854,0.644363,0.643519,0.601319,0.608206,0.634806,0.64145,0.616303
2025021127,2026-03-24,1,0.536808,0.601995,0.615096,0.589984,0.571491,0.570881,0.609051,0.611534,0.596748
2025021135,2026-03-25,0,0.536808,0.62541,0.670444,0.635921,0.620762,0.649968,0.674204,0.668794,0.646641
2025021136,2026-03-25,1,0.536808,0.562411,0.454212,0.529629,0.506767,0.497963,0.445117,0.457737,0.473894
2025021149,2026-03-26,0,0.536808,0.421264,0.392343,0.38425,0.387881,0.388137,0.392505,0.392004,0.433802
2025021148,2026-03-26,0,0.536808,0.498006,0.568036,0.551151,0.528825,0.535896,0.564719,0.565446,0.563424
2025021147,2026-03-26,0,0.536808,0.491678,0.505771,0.503288,0.505309,0.511853,0.509693,0.506261,0.522323
2025021146,2026-03-26,0,0.536808,0.554384,0.579792,0.558953,0.551255,0.55354,0.578802,0.577677,0.573976
2025021145,2026-03-26,0,0.536808,0.390011,0.38717,0.35358,0.374909,0.373435,0.392792,0.386063,0.434024
2025021144,2026-03-26,0,0.536808,0.527751,0.442504,0.402854,0.447561,0.436821,0.451368,0.442046,0.47861
2025021143,2026-03-26,1,0.536808,0.63089,0.580173,0.592284,0.579338,0.563532,0.571671,0.578832,0.568629
2025021141,2026-03-26,1,0.536808,0.436788,0.449929,0.428421,0.429816,0.428271,0.449831,0.448184,0.477451
2025021140,2026-03-26,0,0.536808,0.505424,0.525287,0.530513,0.539541,0.536335,0.529949,0.526177,0.537444
2025021139,2026-03-26,0,0.536808,0.706157,0.690168,0.728849,0.715625,0.729585,0.693031,0.693344,0.661375
2025021138,2026-03-26,0,0.536808,0.584174,0.641527,0.602862,0.606071,0.613806,0.646188,0.639293,0.625008
2025021137,2026-03-26,1,0.536808,0.526442,0.545772,0.52546,0.527294,0.526911,0.54712,0.544252,0.550265
2025021142,2026-03-26,1,0.536808,0.620524,0.693406,0.66869,0.624683,0.618003,0.679657,0.687331,0.65089
2025021150,2026-03-27,0,0.536808,0.628463,0.563388,0.578115,0.585238,0.559742,0.559155,0.563094,0.55926
2025021151,2026-03-27,1,0.536808,0.610534,0.68435,0.638669,0.631714,0.64077,0.686081,0.680839,0.655916
2025021160,2026-03-28,1,0.536808,0.539769,0.610986,0.592005,0.567497,0.581866,0.609023,0.608639,0.596728
2025021165,2026-03-28,1,0.536808,0.625508,0.617958,0.624997,0.600724,0.629257,0.618768,0.618868,0.604105
2025021164,2026-03-28,0,0.536808,0.492012,0.536209,0.535375,0.525368,0.52946,0.536425,0.535665,0.542278
2025021166,2026-03-28,0,0.536808,0.514725,0.621937,0.566802,0.601265,0.601007,0.636063,0.620251,0.617262
2025021162,2026-03-28,0,0.536808,0.681167,0.705455,0.763819,0.723198,0.737555,0.700106,0.708041,0.66696
2025021161,2026-03-28,0,0.536808,0.45885,0.4959,0.512416,0.500791,0.508974,0.497168,0.496954,0.512965
2025021159,2026-03-28,1,0.536808,0.664324,0.582027,0.721708,0.699172,0.717145,0.585857,0.592914,0.579272
2025021163,2026-03-28,0,0.536808,0.580853,0.527278,0.552073,0.510646,0.507214,0.512034,0.525662,0.524071
2025021157,2026-03-28,1,0.536808,0.646284,0.614766,0.599024,0.649024,0.618851,0.624577,0.615095,0.608515
2025021152,2026-03-28,1,0.536808,0.604934,0.54682,0.549769,0.527101,0.531741,0.539281,0.545605,0.544411
2025021153,2026-03-28,1,0.536808,0.518504,0.517958,0.509598,0.476754,0.492245,0.51077,0.515886,0.523127
2025021158,2026-03-28,0,0.536808,0.691196,0.65038,0.643744,0.663355,0.656505,0.655774,0.650874,0.632375
2025021155,2026-03-28,1,0.536808,0.497923,0.481975,0.415902,0.444267,0.438568,0.487256,0.478477,0.505552
2025021156,2026-03-28,0,0.536808,0.46151,0.474902,0.423864,0.456577,0.453284,0.484298,0.47316,0.503339
2025021154,2026-03-28,1,0.536808,0.589238,0.629143,0.596093,0.577322,0.579274,0.624246,0.625125,0.608263
2025021167,2026-03-29,1,0.536808,0.479084,0.506378,0.477889,0.487646,0.48873,0.510529,0.504956,0.522947
2025021168,2026-03-29,1,0.536808,0.697319,0.712109,0.74671,0.712828,0.734397,0.710067,0.713905,0.674871
2025021169,2026-03-29,0,0.536808,0.592224,0.658409,0.652758,0.636197,0.639982,0.65731,0.656924,0.633558
2025021170,2026-03-29,0,0.536808,0.548286,0.589958,0.572553,0.579105,0.583143,0.595405,0.589409,0.586454
2025021171,2026-03-29,1,0.536808,0.651529,0.660514,0.773667,0.711203,0.734249,0.650561,0.666455,0.628364
2025021172,2026-03-29,1,0.536808,0.415942,0.439343,0.417339,0.436335,0.405805,0.438062,0.436641,0.468562
2025021177,2026-03-30,1,0.536808,0.430222,0.552354,0.493858,0.49274,0.484307,0.551758,0.546871,0.55373
2025021176,2026-03-30,0,0.536808,0.549081,0.609807,0.600574,0.619519,0.604942,0.616017,0.609415,0.60202
2025021173,2026-03-30,0,0.536808,0.535025,0.565088,0.552304,0.52976,0.538798,0.56107,0.56297,0.560693
2025021174,2026-03-30,1,0.536808,0.71685,0.724292,0.748565,0.713903,0.729625,0.719587,0.724722,0.682488
2025021175,2026-03-30,1,0.536808,0.68242,0.757888,0.793477,0.736568,0.760797,0.749811,0.758122,0.707092
2025021184,2026-03-31,1,0.536077,0.576146,0.581836,0.564879,0.533345,0.549502,0.578144,0.577447,0.573482
2025021187,2026-03-31,1,0.536077,0.628823,0.676107,0.698532,0.665751,0.654664,0.653278,0.673196,0.630453
2025021186,2026-03-31,0,0.536077,0.390597,0.371122,0.386514,0.383125,0.402751,0.38493,0.375416,0.427955
2025021185,2026-03-31,0,0.536077,0.470867,0.41825,0.452691,0.434461,0.429488,0.408189,0.419775,0.445842
2025021183,2026-03-31,1,0.536077,0.548222,0.496104,0.531617,0.514142,0.504878,0.482882,0.497295,0.502278
2025021180,2026-03-31,0,0.536077,0.609697,0.647943,0.678499,0.640835,0.659783,0.64709,0.64955,0.625699
2025021181,2026-03-31,1,0.536077,0.488769,0.441248,0.484419,0.461216,0.463903,0.435506,0.444323,0.466628
2025021179,2026-03-31,1,0.536077,0.62844,0.653397,0.655443,0.640139,0.636888,0.643185,0.651156,0.622707
2025021178,2026-03-31,1,0.536077,0.473664,0.453425,0.436015,0.439913,0.43887,0.451994,0.45145,0.479082
2025021182,2026-03-31,1,0.536077,0.509874,0.449965,0.426373,0.439596,0.442448,0.45535,0.448945,0.48161
2025021188,2026-04-01,0,0.536077,0.800869,0.803853,0.813974,0.739055,0.76097,0.787553,0.798032,0.738917
2025021189,2026-04-01,1,0.536077,0.515331,0.6119,0.607975,0.566216,0.568164,0.593603,0.605963,0.585097
2025021190,2026-04-01,1,0.536077,0.446528,0.540488,0.549674,0.521116,0.527361,0.532128,0.538707,0.53907
2025021199,2026-04-02,1,0.536077,0.722218,0.787933,0.776265,0.75587,0.765861,0.784851,0.784937,0.73659
2025021203,2026-04-02,0,0.536077,0.45461,0.459207,0.456755,0.437016,0.433017,0.446098,0.455652,0.474635
2025021202,2026-04-02,1,0.536077,0.455294,0.55599,0.567476,0.566056,0.550925,0.543024,0.555303,0.547206
2025021201,2026-04-02,1,0.536077,0.594571,0.68356,0.651717,0.646734,0.650018,0.680322,0.679007,0.65141
2025021204,2026-04-02,0,0.536077,0.549755,0.583084,0.618664,0.573895,0.574755,0.565274,0.581953,0.563839
2025021197,2026-04-02,1,0.536077,0.613976,0.685936,0.686167,0.654069,0.653804,0.670604,0.681574,0.643843
2025021200,2026-04-02,1,0.536077,0.719765,0.754078,0.745834,0.728362,0.742412,0.75554,0.752495,0.711837
2025021198,2026-04-02,1,0.536077,0.611467,0.628786,0.627911,0.614087,0.607319,0.616299,0.625872,0.602233
2025021195,2026-04-02,0,0.536077,0.436246,0.488259,0.535234,0.483692,0.494818,0.476564,0.489149,0.497545
2025021194,2026-04-02,1,0.536077,0.486257,0.564459,0.568701,0.569027,0.559696,0.556325,0.563813,0.557144
2025021193,2026-04-02,1,0.536077,0.508381,0.527557,0.534082,0.535691,0.533361,0.525769,0.528344,0.534324
2025021192,2026-04-02,1,0.536077,0.627921,0.609065,0.613585,0.61634,0.600804,0.597401,0.607943,0.587957
2025021191,2026-04-02,1,0.536077,0.483467,0.564489,0.529031,0.538497,0.536482,0.563088,0.560687,0.562203
2025021196,2026-04-02,0,0.536077,0.513266,0.547552,0.530968,0.543847,0.54301,0.550093,0.546936,0.552486
2025021205,2026-04-03,0,0.536077,0.559499,0.625124,0.574856,0.553527,0.570709,0.623993,0.617738,0.607663
2025021206,2026-04-03,0,0.536077,0.528046,0.578428,0.554852,0.547213,0.545733,0.57097,0.57399,0.567285
2025021221,2026-04-04,0,0.536077,0.621169,0.654277,0.639796,0.609271,0.603185,0.634356,0.647342,0.615632
2025021220,2026-04-04,0,0.536077,0.478667,0.566419,0.553455,0.54273,0.543733,0.560207,0.56334,0.559145
2025021219,2026-04-04,0,0.536077,0.569708,0.547289,0.593592,0.578669,0.57581,0.540766,0.55116,0.544468
2025021218,2026-04-04,0,0.536077,0.589029,0.537402,0.523568,0.519785,0.531971,0.543174,0.536665,0.546284
2025021216,2026-04-04,0,0.536077,0.345979,0.313485,0.335322,0.368256,0.368434,0.328273,0.320943,0.380855
2025021215,2026-04-04,0,0.536077,0.554499,0.562299,0.565864,0.547611,0.556927,0.560646,0.56157,0.559477
2025021214,2026-04-04,1,0.536077,0.659275,0.728113,0.732966,0.733873,0.742499,0.734583,0.730065,0.695048
2025021217,2026-04-04,1,0.536077,0.535106,0.673706,0.648379,0.612219,0.610791,0.654163,0.665166,0.63096
2025021212,2026-04-04,0,0.536077,0.452693,0.590804,0.610357,0.574505,0.580497,0.579635,0.589405,0.573848
2025021211,2026-04-04,1,0.536077,0.542817,0.571751,0.560644,0.513591,0.527254,0.559753,0.565711,0.558802
2025021210,2026-04-04,1,0.536077,0.626592,0.641333,0.685519,0.652822,0.646157,0.623254,0.641987,0.607096
2025021209,2026-04-04,0,0.536077,0.491957,0.447408,0.483477,0.470051,0.475815,0.447738,0.451264,0.474129
2025021208,2026-04-04,0,0.536077,0.534223,0.560669,0.541799,0.543612,0.542661,0.558126,0.558225,0.557572
2025021207,2026-04-04,1,0.536077,0.49434,0.480489,0.527777,0.504699,0.516777,0.482228,0.485414,0.500295
2025021213,2026-04-04,1,0.536077,0.467599,0.482824,0.453663,0.458249,0.463569,0.485686,0.48021,0.50291
2025021228,2026-04-05,0,0.536077,0.676232,0.649657,0.731993,0.705801,0.72157,0.655939,0.659418,0.632341
2025021227,2026-04-05,1,0.536077,0.480024,0.465042,0.526404,0.522353,0.522414,0.466848,0.472829,0.488649
2025021225,2026-04-05,1,0.536077,0.461782,0.466079,0.466996,0.46356,0.457367,0.458715,0.464896,0.482477
2025021226,2026-04-05,0,0.536077,0.62389,0.513823,0.521918,0.532096,0.555194,0.536146,0.519438,0.540983
2025021223,2026-04-05,1,0.536077,0.561223,0.588033,0.581399,0.567645,0.585189,0.593911,0.587647,0.584687
2025021222,2026-04-05,0,0.536077,0.472673,0.461937,0.439097,0.447253,0.438413,0.455837,0.458744,0.48029
2025021224,2026-04-05,1,0.536077,0.484386,0.619267,0.547869,0.578183,0.578177,0.625388,0.613689,0.608734
2025021229,2026-04-06,1,0.536077,0.479436,0.460292,0.518619,0.486485,0.494086,0.455461,0.464879,0.480005
2025021230,2026-04-06,1,0.536077,0.609706,0.622762,0.617166,0.610497,0.623771,0.628568,0.622899,0.611177
2025021231,2026-04-06,1,0.536077,0.572042,0.658774,0.620328,0.630168,0.630423,0.659027,0.654925,0.634747
2025021232,2026-04-06,1,0.536077,0.537018,0.619565,0.588247,0.569399,0.569334,0.607827,0.612747,0.59529
2025021243,2026-04-07,0,0.536077,0.529294,0.670077,0.596931,0.606807,0.610616,0.670221,0.662006,0.643496
2025021242,2026-04-07,0,0.536077,0.361363,0.296279,0.307195,0.361166,0.352555,0.312823,0.303918,0.368302
2025021241,2026-04-07,1,0.536077,0.531735,0.590937,0.567411,0.534715,0.548381,0.584233,0.585161,0.577335
2025021240,2026-04-07,1,0.536077,0.670464,0.728578,0.729984,0.729494,0.744727,0.739331,0.73077,0.698955
2025021239,2026-04-07,1,0.536077,0.674504,0.682908,0.741924,0.707128,0.719347,0.679999,0.687854,0.651183
2025021238,2026-04-07,0,0.536077,0.400628,0.383555,0.358373,0.380524,0.372858,0.384557,0.382103,0.425485
2025021236,2026-04-07,0,0.536077,0.547003,0.559525,0.532148,0.525904,0.526169,0.553812,0.554997,0.554314
2025021233,2026-04-07,1,0.536077,0.599541,0.534819,0.567975,0.535747,0.552474,0.535176,0.537215,0.540251
2025021237,2026-04-07,1,0.536077,0.614952,0.657736,0.659454,0.642944,0.642869,0.649396,0.655718,0.627258
2025021235,2026-04-07,0,0.536077,0.514495,0.56176,0.541047,0.530792,0.539017,0.560856,0.558673,0.559635
2025021234,2026-04-07,1,0.536077,0.460236,0.567997,0.549667,0.560475,0.568771,0.576395,0.568102,0.571393
2025021244,2026-04-08,0,0.536077,0.437749,0.407908,0.440241,0.430005,0.431566,0.406129,0.411119,0.442229
2025021245,2026-04-08,0,0.536077,0.482836,0.417745,0.428108,0.436253,0.429172,0.415719,0.419296,0.449623
2025021246,2026-04-08,0,0.536077,0.394175,0.525919,0.461995,0.46387,0.468722,0.5243,0.518155,0.53205
2025021259,2026-04-09,1,0.536077,0.437391,0.399592,0.397447,0.402834,0.394709,0.394549,0.39893,0.433262
2025021257,2026-04-09,1,0.536077,0.604509,0.696825,0.685597,0.647094,0.661948,0.689428,0.692091,0.658639
2025021256,2026-04-09,1,0.536077,0.723305,0.756063,0.790044,0.73726,0.750623,0.743848,0.755325,0.702688
2025021255,2026-04-09,0,0.536077,0.293903,0.232697,0.339888,0.362108,0.351677,0.240661,0.248847,0.307248
2025021254,2026-04-09,1,0.536077,0.552847,0.548132,0.581672,0.552671,0.562033,0.544012,0.550019,0.546916
2025021253,2026-04-09,0,0.536077,0.516747,0.546978,0.58216,0.525115,0.539517,0.534418,0.545965,0.53968
2025021260,2026-04-09,1,0.536077,0.668558,0.71135,0.769142,0.717577,0.73311,0.702838,0.714304,0.669323
2025021251,2026-04-09,0,0.536077,0.481515,0.539888,0.545918,0.537401,0.540296,0.537585,0.539944,0.542068
2025021252,2026-04-09,1,0.536077,0.564156,0.74127,0.679882,0.664048,0.673619,0.736009,0.732088,0.69622
2025021247,2026-04-09,1,0.536077,0.603633,0.558719,0.623448,0.572196,0.572822,0.539964,0.560633,0.543863
2025021258,2026-04-09,1,0.536077,0.588946,0.677835,0.609472,0.618303,0.616416,0.673893,0.669498,0.646377
2025021249,2026-04-09,1,0.536077,0.599324,0.639162,0.609184,0.602159,0.59845,0.629959,0.633636,0.612247
2025021250,2026-04-09,1,0.536077,0.532206,0.530868,0.497654,0.493654,0.505217,0.534486,0.527386,0.539731
2025021248,2026-04-09,1,0.536077,0.486834,0.414015,0.439375,0.447249,0.444782,0.416556,0.418191,0.450267
2025021268,2026-04-11,1,0.536077,0.642885,0.627357,0.677571,0.669187,0.668854,0.625993,0.63299,0.609198
2025021275,2026-04-11,0,0.536077,0.591147,0.621931,0.58528,0.597317,0.592484,0.619523,0.617934,0.604235
2025021274,2026-04-11,0,0.536077,0.660763,0.603912,0.609247,0.618788,0.611936,0.60218,0.605001,0.590982
2025021273,2026-04-11,1,0.536077,0.526258,0.578213,0.573403,0.545324,0.550879,0.568628,0.574503,0.565512
2025021272,2026-04-11,0,0.536077,0.566251,0.527256,0.558216,0.514745,0.529329,0.520749,0.527537,0.529373
2025021271,2026-04-11,0,0.536077,0.594622,0.533137,0.572331,0.561595,0.560103,0.529168,0.536797,0.53572
2025021270,2026-04-11,0,0.536077,0.495161,0.411878,0.435706,0.431571,0.426268,0.406948,0.413831,0.442862
2025021269,2026-04-11,0,0.536077,0.471215,0.462852,0.451042,0.437866,0.441021,0.457555,0.459889,0.481596
2025021266,2026-04-11,0,0.536077,0.397966,0.391946,0.373877,0.38014,0.379287,0.391707,0.390227,0.431054
2025021265,2026-04-11,0,0.536077,0.556453,0.525531,0.485329,0.500815,0.523025,0.545482,0.525191,0.548025
2025021264,2026-04-11,1,0.536077,0.465457,0.536391,0.537338,0.52498,0.533027,0.536001,0.535934,0.540873
2025021263,2026-04-11,0,0.536077,0.557419,0.609222,0.592143,0.600472,0.587355,0.600215,0.606254,0.589485
2025021262,2026-04-11,0,0.536077,0.455543,0.516278,0.478376,0.451729,0.468654,0.51367,0.509814,0.524034
2025021261,2026-04-11,0,0.536077,0.447439,0.471753,0.464886,0.454801,0.451807,0.463303,0.469046,0.485961
2025021267,2026-04-11,1,0.536077,0.439234,0.414255,0.384029,0.404064,0.396258,0.413787,0.411812,0.448136
2025021281,2026-04-12,1,0.536077,0.417658,0.356432,0.401871,0.379048,0.373399,0.345063,0.358735,0.394335
2025021280,2026-04-12,0,0.536077,0.652701,0.752651,0.730826,0.733328,0.750806,0.764018,0.7524,0.719562
2025021279,2026-04-12,1,0.536077,0.444601,0.490839,0.492714,0.497555,0.490364,0.486289,0.490775,0.503366
2025021278,2026-04-12,0,0.536077,0.53722,0.564221,0.572625,0.550757,0.553857,0.556452,0.562815,0.556308
2025021276,2026-04-12,1,0.536077,0.532361,0.53037,0.493102,0.467322,0.477595,0.523152,0.523207,0.531184
2025021277,2026-04-12,0,0.536077,0.454828,0.55517,0.555708,0.538962,0.542802,0.549477,0.553491,0.55104
2025021282,2026-04-13,1,0.536077,0.656381,0.640579,0.675364,0.667222,0.672549,0.642784,0.644919,0.622138
2025021283,2026-04-13,1,0.536077,0.558887,0.535233,0.562177,0.542761,0.542198,0.527166,0.536178,0.534211
2025021284,2026-04-13,1,0.536077,0.412272,0.433833,0.433908,0.410662,0.420572,0.430252,0.432033,0.460777
2025021285,2026-04-13,0,0.536077,0.382621,0.330205,0.320095,0.364858,0.362607,0.346516,0.334603,0.395495
2025021286,2026-04-13,1,0.536077,0.468535,0.451069,0.452723,0.448734,0.453398,0.45204,0.451385,0.477403
2025021287,2026-04-13,0,0.536077,0.627291,0.57148,0.566206,0.557058,0.552376,0.562465,0.568887,0.560852
2025021288,2026-04-13,0,0.536077,0.296758,0.2826,0.315627,0.361166,0.353235,0.297127,0.292188,0.355385
2025021289,2026-04-13,0,0.536077,0.442539,0.437057,0.397313,0.446023,0.434735,0.445845,0.436742,0.472687
2025021290,2026-04-13,1,0.536077,0.550032,0.629355,0.604001,0.596606,0.595929,0.622499,0.624818,0.606517
2025021291,2026-04-13,0,0.536077,0.48424,0.471329,0.440146,0.438411,0.434212,0.463841,0.466291,0.486369
2025021300,2026-04-14,1,0.536168,0.38836,0.409875,0.342504,0.383922,0.381569,0.413612,0.407968,0.448001
2025021299,2026-04-14,1,0.536168,0.508927,0.420809,0.508086,0.465237,0.457603,0.414221,0.423558,0.44847
2025021297,2026-04-14,1,0.536168,0.574262,0.68081,0.614779,0.612681,0.618243,0.676246,0.676323,0.648228
2025021296,2026-04-14,1,0.536168,0.636188,0.516289,0.618025,0.629308,0.629995,0.52596,0.524171,0.533302
2025021298,2026-04-14,0,0.536168,0.335695,0.336122,0.292469,0.377394,0.370436,0.353736,0.338681,0.401239
2025021294,2026-04-14,1,0.536168,0.471146,0.500647,0.569623,0.527204,0.514926,0.496229,0.501949,0.510875
2025021293,2026-04-14,0,0.536168,0.392009,0.501582,0.411231,0.391943,0.409106,0.491134,0.494725,0.507027
2025021292,2026-04-14,1,0.536168,0.571756,0.551789,0.486231,0.494532,0.527753,0.548066,0.549282,0.549975
2025021295,2026-04-14,0,0.536168,0.512057,0.572195,0.564682,0.551518,0.569038,0.571397,0.571533,0.567608
2025021301,2026-04-15,0,0.536168,0.540108,0.563106,0.570476,0.541124,0.547638,0.556545,0.561867,0.556378
2025021302,2026-04-15,0,0.536168,0.675167,0.678953,0.666801,0.66583,0.671111,0.676545,0.678275,0.648463
2025021303,2026-04-15,1,0.536168,0.550012,0.513657,0.501545,0.505361,0.513999,0.51164,0.513463,0.522503
2025021304,2026-04-15,1,0.536168,0.664302,0.759396,0.769776,0.736329,0.74676,0.755167,0.758255,0.712115
2025021305,2026-04-15,1,0.536168,0.491008,0.457476,0.45552,0.440838,0.443936,0.451215,0.456457,0.476775
2025021306,2026-04-15,1,0.536168,0.634695,0.697212,0.75611,0.720127,0.716483,0.694815,0.698643,0.662919
2025021312,2026-04-16,1,0.536168,0.740809,0.786457,0.795293,0.767948,0.777404,0.781587,0.78559,0.734563
2025021311,2026-04-16,1,0.536168,0.717347,0.720079,0.704886,0.69307,0.697844,0.714173,0.718414,0.678434
2025021310,2026-04-16,1,0.536168,0.483424,0.389322,0.386101,0.426268,0.418589,0.394442,0.391549,0.433178
2025021307,2026-04-16,0,0.536168,0.557664,0.476712,0.485518,0.474314,0.483953,0.471274,0.476972,0.492004
2025021308,2026-04-16,0,0.536168,0.64541,0.693044,0.610686,0.654097,0.650648,0.694812,0.690186,0.662917
2025021309,2026-04-16,0,0.536168,0.566396,0.631873,0.634549,0.591822,0.60011,0.623018,0.629458,0.606914
2026020004,2026-09-29,0,0.536346,0.677332,0.666355,0.669155,0.674129,0.670083,0.665011,0.666677,0.639975
2026020001,2026-09-29,0,0.536346,0.663676,0.702793,0.71674,0.714681,0.719053,0.702177,0.703973,0.669854
2026020002,2026-09-29,0,0.536346,0.425584,0.416453,0.404865,0.415935,0.409779,0.416362,0.416001,0.447234
2026020003,2026-09-29,1,0.536346,0.566571,0.535979,0.51667,0.528873,0.520215,0.534098,0.534868,0.538162
2026020005,2026-09-29,1,0.536346,0.704705,0.715319,0.716935,0.693807,0.698717,0.710667,0.714012,0.676779
