game_id,game_date,away,home,player_id,player,stat,side,line,p_model,p_market,edge,ev,price,expected_shots,actual_shots,outcome
2026020009,2026-10-01,PHI,NJD,8478439,T. Konecny,sog,over,1.5,0.551748,0.521964,0.0297835,0.00969864,1.83,1.91362,1,lost
2026020009,2026-10-01,PHI,NJD,8478439,T. Konecny,sog,under,1.5,0.448252,0.478036,-0.0297835,-0.112461,1.98,1.91362,1,won
2026020009,2026-10-01,PHI,NJD,8480015,O. Tippett,sog,over,2.5,0.433864,0.46141,-0.0275461,-0.114917,2.04,2.45503,2,lost
2026020009,2026-10-01,PHI,NJD,8480015,O. Tippett,sog,under,2.5,0.566136,0.53859,0.0275461,0.00206033,1.77,2.45503,2,won
2026020009,2026-10-01,PHI,NJD,8481533,T. Zegras,sog,over,1.5,0.505241,0.513866,-0.00862489,-0.0602515,1.86,1.74313,1,lost
2026020009,2026-10-01,PHI,NJD,8481533,T. Zegras,sog,under,1.5,0.494759,0.486134,0.00862489,-0.0352202,1.95,1.74313,1,won
2026020009,2026-10-01,PHI,NJD,8482142,J. Drysdale,sog,over,1.5,0.362807,0.450676,-0.087869,-0.238105,2.1,1.28509,1,lost
2026020009,2026-10-01,PHI,NJD,8482142,J. Drysdale,sog,under,1.5,0.637193,0.549324,0.087869,0.108716,1.74,1.28509,1,won
2026020009,2026-10-01,PHI,NJD,8482159,T. Foerster,sog,over,1.5,0.55619,0.533703,0.0224862,-0.0155442,1.77,1.93064,2,won
2026020009,2026-10-01,PHI,NJD,8482159,T. Foerster,sog,under,1.5,0.44381,0.466297,-0.0224862,-0.112379,2,1.93064,2,lost
2026020009,2026-10-01,PHI,NJD,8483731,A. Bump,sog,over,1.5,0.331829,0.467289,-0.13546,-0.326387,2.03,1.19392,0,lost
2026020009,2026-10-01,PHI,NJD,8483731,A. Bump,sog,under,1.5,0.668171,0.532711,0.13546,0.202707,1.8,1.19392,0,won
2026020009,2026-10-01,PHI,NJD,8484387,M. Michkov,sog,over,1.5,0.555256,0.577494,-0.022238,-0.0838268,1.65,1.92705,1,lost
2026020009,2026-10-01,PHI,NJD,8484387,M. Michkov,sog,under,1.5,0.444744,0.422506,0.022238,-0.0126694,2.22,1.92705,1,won
2026020009,2026-10-01,PHI,NJD,8485406,P. Martone,sog,over,2.5,0.388045,0.415618,-0.0275733,-0.1269,2.25,2.26331,1,lost
2026020009,2026-10-01,PHI,NJD,8485406,P. Martone,sog,under,2.5,0.611955,0.584382,0.0275733,-0.00251263,1.63,2.26331,1,won
2026020010,2026-10-01,TBL,NYR,8476459,M. Zibanejad,sog,over,2.5,0.418963,0.454429,-0.0354654,-0.120177,2.1,2.39188,3,won
2026020010,2026-10-01,TBL,NYR,8476459,M. Zibanejad,sog,under,2.5,0.581037,0.545571,0.0354654,0.0342453,1.78,2.39188,3,lost
2026020010,2026-10-01,TBL,NYR,8476468,J. Miller,sog,over,1.5,0.567958,0.577221,-0.00926318,-0.0571903,1.66,1.97644,1,lost
2026020010,2026-10-01,TBL,NYR,8476468,J. Miller,sog,under,1.5,0.432042,0.422779,0.00926318,-0.0279046,2.25,1.97644,1,won
2026020010,2026-10-01,TBL,NYR,8477416,O. Bjorkstrand,sog,over,1.5,0.405729,0.454008,-0.0482792,-0.164198,2.06,1.41538,1,lost
2026020010,2026-10-01,TBL,NYR,8477416,O. Bjorkstrand,sog,under,1.5,0.594271,0.545992,0.0482792,0.0340312,1.74,1.41538,1,won
2026020010,2026-10-01,TBL,NYR,8479323,A. Fox,sog,over,1.5,0.44061,0.492814,-0.0522049,-0.15403,1.92,1.52556,0,lost
2026020010,2026-10-01,TBL,NYR,8479323,A. Fox,sog,under,1.5,0.55939,0.507186,0.0522049,0.0460601,1.87,1.52556,0,won
2026020010,2026-10-01,TBL,NYR,8480009,E. Tolvanen,sog,over,1.5,0.504357,0.463583,0.0407741,0.0238449,2.03,1.74001,1,lost
2026020010,2026-10-01,TBL,NYR,8480009,E. Tolvanen,sog,under,1.5,0.495643,0.536417,-0.0407741,-0.122712,1.77,1.74001,1,won
2026020010,2026-10-01,TBL,NYR,8481604,P. Dorofeyev,sog,over,2.5,0.496271,0.503539,-0.00726843,-0.0521229,1.91,2.73037,5,won
2026020010,2026-10-01,TBL,NYR,8481604,P. Dorofeyev,sog,under,2.5,0.503729,0.496461,0.00726843,-0.0278025,1.93,2.73037,5,lost
2026020010,2026-10-01,TBL,NYR,8482109,A. Lafrenière,sog,over,1.5,0.55699,0.584678,-0.0276875,-0.0809663,1.65,1.93372,3,won
2026020010,2026-10-01,TBL,NYR,8482109,A. Lafrenière,sog,under,1.5,0.44301,0.415322,0.0276875,0.0189227,2.3,1.93372,3,lost
2026020010,2026-10-01,TBL,NYR,8482157,W. Cuylle,sog,over,1.5,0.52628,0.474761,0.0515195,0.0525609,2,1.81859,3,won
2026020010,2026-10-01,TBL,NYR,8482157,W. Cuylle,sog,under,1.5,0.47372,0.525239,-0.0515195,-0.13783,1.82,1.81859,3,lost
2026020010,2026-10-01,TBL,NYR,8484210,G. Perreault,sog,over,1.5,0.463137,0.498585,-0.0354482,-0.124671,1.89,1.59921,1,lost
2026020010,2026-10-01,TBL,NYR,8484210,G. Perreault,sog,under,1.5,0.536863,0.501415,0.0354482,0.00393362,1.87,1.59921,1,won
2026020022,2026-10-03,CHI,BUF,8474141,P. Kane,sog,over,2.5,0.364442,0.467682,-0.10324,-0.234672,2.1,2.16702,0,lost
2026020022,2026-10-03,CHI,BUF,8474141,P. Kane,sog,under,2.5,0.635558,0.532318,0.10324,0.144004,1.8,2.16702,0,won
2026020022,2026-10-03,CHI,BUF,8477479,T. Bertuzzi,sog,over,1.5,0.49237,0.563245,-0.0708743,-0.128504,1.77,1.69819,1,lost
2026020022,2026-10-03,CHI,BUF,8477479,T. Bertuzzi,sog,under,1.5,0.50763,0.436755,0.0708743,0.116785,2.2,1.69819,1,won
2026020022,2026-10-03,CHI,BUF,8479420,T. Thompson,sog,over,3.5,0.360116,0.483062,-0.122946,-0.290572,1.97,3.04093,4,won
2026020022,2026-10-03,CHI,BUF,8479420,T. Thompson,sog,under,3.5,0.639884,0.516938,0.122946,0.196584,1.87,3.04093,4,lost
2026020022,2026-10-03,CHI,BUF,8480064,J. Norris,sog,over,1.5,0.482337,0.501466,-0.0191287,-0.0787365,1.91,1.66375,1,lost
2026020022,2026-10-03,CHI,BUF,8480064,J. Norris,sog,under,1.5,0.517663,0.498534,0.0191287,0.0353261,2,1.66375,1,won
2026020022,2026-10-03,CHI,BUF,8480802,R. McLeod,sog,over,1.5,0.276674,0.411165,-0.134491,-0.377485,2.25,1.0357,1,lost
2026020022,2026-10-03,CHI,BUF,8480802,R. McLeod,sog,under,1.5,0.723326,0.588835,0.134491,0.171789,1.62,1.0357,1,won
2026020022,2026-10-03,CHI,BUF,8480839,R. Dahlin,sog,over,2.5,0.398019,0.490501,-0.0924817,-0.223863,1.95,2.30445,3,won
2026020022,2026-10-03,CHI,BUF,8480839,R. Dahlin,sog,under,2.5,0.601981,0.509499,0.0924817,0.137744,1.89,2.30445,3,lost
2026020022,2026-10-03,CHI,BUF,8481522,P. Krebs,sog,over,1.5,0.376628,0.375527,0.00110066,-0.058431,2.5,1.32648,1,lost
2026020022,2026-10-03,CHI,BUF,8481522,P. Krebs,sog,under,1.5,0.623372,0.624473,-0.00110066,-0.0337728,1.55,1.32648,1,won
2026020022,2026-10-03,CHI,BUF,8481524,B. Byram,sog,over,1.5,0.307178,0.480167,-0.172989,-0.401003,1.95,1.12268,,void
2026020022,2026-10-03,CHI,BUF,8481524,B. Byram,sog,under,1.5,0.692822,0.519833,0.172989,0.254008,1.81,1.12268,,void
2026020022,2026-10-03,CHI,BUF,8482097,J. Quinn,sog,over,2.5,0.513476,0.479789,0.0336867,0.0218164,1.99,2.81004,5,won
2026020022,2026-10-03,CHI,BUF,8482097,J. Quinn,sog,under,2.5,0.486524,0.520211,-0.0336867,-0.0901993,1.87,2.81004,5,lost
2026020022,2026-10-03,CHI,BUF,8482659,J. Doan,sog,over,2.5,0.254839,0.389438,-0.134599,-0.375644,2.45,1.73022,1,lost
2026020022,2026-10-03,CHI,BUF,8482659,J. Doan,sog,under,2.5,0.745161,0.610562,0.134599,0.169902,1.57,1.73022,1,won
2026020022,2026-10-03,CHI,BUF,8482671,O. Power,sog,over,1.5,0.387161,0.461617,-0.0744567,-0.214064,2.03,1.35837,1,lost
2026020022,2026-10-03,CHI,BUF,8482671,O. Power,sog,under,1.5,0.612839,0.538383,0.0744567,0.0724687,1.75,1.35837,1,won
2026020022,2026-10-03,CHI,BUF,8483468,J.Kulich,sog,over,1.5,0.490109,0.49201,-0.00190087,-0.0344854,1.97,1.69038,1,lost
2026020022,2026-10-03,CHI,BUF,8483468,J.Kulich,sog,under,1.5,0.509891,0.50799,0.00190087,-0.026108,1.91,1.69038,1,won
2026020022,2026-10-03,CHI,BUF,8483493,F. Nazar,sog,over,1.5,0.511118,0.581005,-0.0698868,-0.156656,1.65,1.76395,2,won
2026020022,2026-10-03,CHI,BUF,8483493,F. Nazar,sog,under,1.5,0.488882,0.418995,0.0698868,0.0999849,2.25,1.76395,2,lost
2026020022,2026-10-03,CHI,BUF,8483500,N. Ostlund,sog,over,1.5,0.365613,0.437697,-0.0720839,-0.213932,2.15,1.29346,2,won
2026020022,2026-10-03,CHI,BUF,8483500,N. Ostlund,sog,under,1.5,0.634387,0.562303,0.0720839,0.0721137,1.69,1.29346,2,lost
2026020022,2026-10-03,CHI,BUF,8484145,Z. Benson,sog,over,1.5,0.571687,0.576944,-0.00525683,-0.0567167,1.65,1.99118,1,lost
2026020022,2026-10-03,CHI,BUF,8484145,Z. Benson,sog,under,1.5,0.428313,0.423056,0.00525683,-0.0148797,2.3,1.99118,1,won
2026020022,2026-10-03,CHI,BUF,8484197,O. Moore,sog,over,1.5,0.275492,0.407295,-0.131803,-0.366369,2.3,1.03235,1,lost
2026020022,2026-10-03,CHI,BUF,8484197,O. Moore,sog,under,1.5,0.724508,0.592705,0.131803,0.166458,1.61,1.03235,1,won
2026020022,2026-10-03,CHI,BUF,8484797,K. Helenius,sog,over,1.5,0.440523,0.531734,-0.0912114,-0.207059,1.8,1.52528,3,won
2026020022,2026-10-03,CHI,BUF,8484797,K. Helenius,sog,under,1.5,0.559477,0.468266,0.0912114,0.146928,2.05,1.52528,3,lost
2026020022,2026-10-03,CHI,BUF,8485391,A. Frondell,sog,over,2.5,0.413628,0.420591,-0.00696299,-0.00729367,2.4,2.36946,1,lost
2026020022,2026-10-03,CHI,BUF,8485391,A. Frondell,sog,under,2.5,0.586372,0.579409,0.00696299,-0.0207582,1.67,2.36946,1,won
2026020025,2026-10-03,CAR,PHI,8473533,J. Staal,sog,over,1.5,0.455958,0.477991,-0.0220329,-0.0880832,2,1.57551,1,lost
2026020025,2026-10-03,CAR,PHI,8473533,J. Staal,sog,under,1.5,0.544042,0.522009,0.0220329,-0.00440385,1.83,1.57551,1,won
2026020025,2026-10-03,CAR,PHI,8475791,T. Hall,sog,over,1.5,0.454859,0.552093,-0.0972333,-0.199448,1.76,1.5719,2,won
2026020025,2026-10-03,CAR,PHI,8475791,T. Hall,sog,under,1.5,0.545141,0.447907,0.0972333,0.172053,2.15,1.5719,2,lost
2026020025,2026-10-03,CAR,PHI,8476906,S. Gostisbehere,sog,over,1.5,0.44493,0.490068,-0.0451378,-0.132387,1.95,1.53952,4,won
2026020025,2026-10-03,CAR,PHI,8476906,S. Gostisbehere,sog,under,1.5,0.55507,0.509932,0.0451378,0.0379809,1.87,1.53952,4,lost
2026020025,2026-10-03,CAR,PHI,8476921,J. Martinook,sog,over,1.5,0.356742,0.451176,-0.0944345,-0.261544,2.07,1.26707,3,won
2026020025,2026-10-03,CAR,PHI,8476921,J. Martinook,sog,under,1.5,0.643258,0.548824,0.0944345,0.106404,1.72,1.26707,3,lost
2026020025,2026-10-03,CAR,PHI,8476958,J. Slavin,sog,over,1.5,0.496599,0.438694,0.0579051,0.0428581,2.1,1.71286,1,lost
2026020025,2026-10-03,CAR,PHI,8476958,J. Slavin,sog,under,1.5,0.503401,0.561306,-0.0579051,-0.15932,1.67,1.71286,1,won
2026020025,2026-10-03,CAR,PHI,8477940,N. Ehlers,sog,over,2.5,0.409055,0.434377,-0.0253223,-0.10008,2.2,2.35033,1,lost
2026020025,2026-10-03,CAR,PHI,8477940,N. Ehlers,sog,under,2.5,0.590945,0.565623,0.0253223,-0.00130248,1.69,2.35033,1,won
2026020025,2026-10-03,CAR,PHI,8477948,T. Sanheim,sog,over,1.5,0.457455,0.335535,0.12192,0.235129,2.7,1.58044,1,lost
2026020025,2026-10-03,CAR,PHI,8477948,T. Sanheim,sog,under,1.5,0.542545,0.664465,-0.12192,-0.224161,1.43,1.58044,1,won
2026020025,2026-10-03,CAR,PHI,8477989,C. Dvorak,sog,over,1.5,0.496627,0.461617,0.0350099,0.00815338,2.03,1.71295,1,lost
2026020025,2026-10-03,CAR,PHI,8477989,C. Dvorak,sog,under,1.5,0.503373,0.538383,-0.0350099,-0.119098,1.75,1.71295,1,won
2026020025,2026-10-03,CAR,PHI,8478427,S. Aho,sog,over,2.5,0.448284,0.406048,0.0422356,0.0848462,2.42,2.51699,6,won
2026020025,2026-10-03,CAR,PHI,8478427,S. Aho,sog,under,2.5,0.551716,0.593952,-0.0422356,-0.0786336,1.67,2.51699,6,lost
2026020025,2026-10-03,CAR,PHI,8478439,T. Konecny,sog,over,1.5,0.511789,0.482306,0.0294833,0.0235788,2,1.76634,1,lost
2026020025,2026-10-03,CAR,PHI,8478439,T. Konecny,sog,under,1.5,0.488211,0.517694,-0.0294833,-0.0870462,1.87,1.76634,1,won
2026020025,2026-10-03,CAR,PHI,8479336,C. Grundstrom,sog,over,1.5,0.263931,0.36443,-0.100498,-0.340172,2.5,0.999638,1,lost
2026020025,2026-10-03,CAR,PHI,8479336,C. Grundstrom,sog,under,1.5,0.736069,0.63557,0.100498,0.0967422,1.49,0.999638,1,won
2026020025,2026-10-03,CAR,PHI,8480015,O. Tippett,sog,over,2.5,0.398711,0.389078,0.00963293,-0.019171,2.46,2.30732,3,won
2026020025,2026-10-03,CAR,PHI,8480015,O. Tippett,sog,under,2.5,0.601289,0.610922,-0.00963293,-0.0439505,1.59,2.30732,3,lost
2026020025,2026-10-03,CAR,PHI,8480220,N. Cates,sog,over,1.5,0.467006,0.402859,0.0641465,0.074113,2.3,1.61208,0,lost
2026020025,2026-10-03,CAR,PHI,8480220,N. Cates,sog,under,1.5,0.532994,0.597141,-0.0641465,-0.147209,1.6,1.61208,0,won
2026020025,2026-10-03,CAR,PHI,8480336,S. Walker,sog,over,1.5,0.538702,0.498534,0.0401675,0.0774037,2,1.8644,4,won
2026020025,2026-10-03,CAR,PHI,8480336,S. Walker,sog,under,1.5,0.461298,0.501466,-0.0401675,-0.118921,1.91,1.8644,4,lost
2026020025,2026-10-03,CAR,PHI,8480762,E. Robinson,sog,over,1.5,0.24155,0.451176,-0.209626,-0.499991,2.07,0.93649,2,won
2026020025,2026-10-03,CAR,PHI,8480762,E. Robinson,sog,under,1.5,0.75845,0.548824,0.209626,0.304534,1.72,0.93649,2,lost
2026020025,2026-10-03,CAR,PHI,8480817,K. Miller,sog,over,1.5,0.420114,0.383106,0.0370084,0.0250783,2.44,1.46029,0,lost
2026020025,2026-10-03,CAR,PHI,8480817,K. Miller,sog,under,1.5,0.579886,0.616894,-0.0370084,-0.106976,1.54,1.46029,0,won
2026020025,2026-10-03,CAR,PHI,8480830,A. Svechnikov,sog,over,2.5,0.407567,0.4323,-0.0247331,-0.0952018,2.22,2.34413,4,won
2026020025,2026-10-03,CAR,PHI,8480830,A. Svechnikov,sog,under,2.5,0.592433,0.5677,0.0247331,0.00121221,1.69,2.34413,4,lost
2026020025,2026-10-03,CAR,PHI,8481533,T. Zegras,sog,over,1.5,0.469995,0.456091,0.0139039,-0.00361157,2.12,1.62207,0,lost
2026020025,2026-10-03,CAR,PHI,8481533,T. Zegras,sog,under,1.5,0.530005,0.543909,-0.0139039,-0.03009,1.83,1.62207,0,won
2026020025,2026-10-03,CAR,PHI,8482159,T. Foerster,sog,over,1.5,0.550002,0.468737,0.0812652,0.127504,2.05,1.90696,3,won
2026020025,2026-10-03,CAR,PHI,8482159,T. Foerster,sog,under,1.5,0.449998,0.531263,-0.0812652,-0.158503,1.87,1.90696,3,lost
2026020025,2026-10-03,CAR,PHI,8482702,L. Stankoven,sog,over,2.5,0.328542,0.391329,-0.0627864,-0.204927,2.42,2.02278,4,won
2026020025,2026-10-03,CAR,PHI,8482702,L. Stankoven,sog,under,2.5,0.671458,0.608671,0.0627864,0.0810466,1.61,2.02278,4,lost
2026020025,2026-10-03,CAR,PHI,8482809,J. Blake,sog,over,1.5,0.585243,0.610978,-0.0257349,-0.0636108,1.6,2.04567,2,won
2026020025,2026-10-03,CAR,PHI,8482809,J. Blake,sog,under,1.5,0.414757,0.389022,0.0257349,0.0368919,2.5,2.04567,2,lost
2026020025,2026-10-03,CAR,PHI,8484387,M. Michkov,sog,over,1.5,0.517761,0.545992,-0.0282314,-0.0783854,1.78,1.78772,2,won
2026020025,2026-10-03,CAR,PHI,8484387,M. Michkov,sog,under,1.5,0.482239,0.454008,0.0282314,0.0368138,2.15,1.78772,2,lost
2026020025,2026-10-03,CAR,PHI,8485406,P. Martone,sog,over,2.5,0.335574,0.387702,-0.0521278,-0.194622,2.4,2.05087,1,lost
2026020025,2026-10-03,CAR,PHI,8485406,P. Martone,sog,under,2.5,0.664426,0.612298,0.0521278,0.0564371,1.59,2.05087,1,won
2026020027,2026-10-03,UTA,CBJ,8475314,A. Lee,sog,over,1.5,0.618605,0.570557,0.0480483,0.00832687,1.63,2.18664,1,lost
2026020027,2026-10-03,UTA,CBJ,8475314,A. Lee,sog,under,1.5,0.381395,0.429443,-0.0480483,-0.153304,2.22,2.18664,1,won
2026020027,2026-10-03,UTA,CBJ,8475745,C. Coyle,sog,over,1.5,0.545654,0.493841,0.0518132,0.0640257,1.95,1.89049,0,lost
2026020027,2026-10-03,UTA,CBJ,8475745,C. Coyle,sog,under,1.5,0.454346,0.506159,-0.0518132,-0.1322,1.91,1.89049,0,won
2026020027,2026-10-03,UTA,CBJ,8476389,V. Trocheck,sog,over,1.5,0.478157,0.515638,-0.037481,-0.124972,1.83,1.64956,0,lost
2026020027,2026-10-03,UTA,CBJ,8476389,V. Trocheck,sog,under,1.5,0.521843,0.484362,0.037481,0.017593,1.95,1.64956,0,won
2026020027,2026-10-03,UTA,CBJ,8477346,M. Weegar,sog,over,1.5,0.432138,0.51739,-0.085252,-0.191902,1.87,1.49839,1,lost
2026020027,2026-10-03,UTA,CBJ,8477346,M. Weegar,sog,under,1.5,0.567862,0.48261,0.085252,0.107331,1.95,1.49839,1,won
2026020027,2026-10-03,UTA,CBJ,8477497,S. Monahan,sog,over,1.5,0.450857,0.503754,-0.0528964,-0.138862,1.91,1.5588,1,lost
2026020027,2026-10-03,UTA,CBJ,8477497,S. Monahan,sog,under,1.5,0.549143,0.496246,0.0528964,0.0488625,1.91,1.5588,1,won
2026020027,2026-10-03,UTA,CBJ,8477501,V. Nichushkin,sog,over,1.5,0.511304,0.581556,-0.070252,-0.151236,1.66,1.76461,2,won
2026020027,2026-10-03,UTA,CBJ,8477501,V. Nichushkin,sog,under,1.5,0.488696,0.418444,0.070252,0.148436,2.35,1.76461,2,lost
2026020027,2026-10-03,UTA,CBJ,8477951,N. Schmaltz,sog,over,2.5,0.497808,0.412315,0.0854929,0.144958,2.3,2.73742,8,won
2026020027,2026-10-03,UTA,CBJ,8477951,N. Schmaltz,sog,under,2.5,0.502192,0.587685,-0.0854929,-0.161339,1.67,2.73742,8,lost
2026020027,2026-10-03,UTA,CBJ,8478046,D. Heinen,sog,over,0.5,0.617407,0.551956,0.0654515,0.0434178,1.69,0.998672,0,lost
2026020027,2026-10-03,UTA,CBJ,8478046,D. Heinen,sog,under,0.5,0.382593,0.448044,-0.0654515,-0.215684,2.05,0.998672,0,won
2026020027,2026-10-03,UTA,CBJ,8478460,Z. Werenski,sog,over,3.5,0.406202,0.443252,-0.0370498,-0.106355,2.2,3.27347,1,lost
2026020027,2026-10-03,UTA,CBJ,8478460,Z. Werenski,sog,under,3.5,0.593798,0.556748,0.0370498,0.015394,1.71,3.27347,1,won
2026020027,2026-10-03,UTA,CBJ,8478474,L. Crouse,sog,over,1.5,0.532004,0.474977,0.0570272,0.048048,1.97,1.83958,2,won
2026020027,2026-10-03,UTA,CBJ,8478474,L. Crouse,sog,under,1.5,0.467996,0.525023,-0.0570272,-0.157607,1.8,1.83958,2,lost
2026020027,2026-10-03,UTA,CBJ,8478856,C. Garland,sog,over,1.5,0.376108,0.432511,-0.056403,-0.180085,2.18,1.32492,0,lost
2026020027,2026-10-03,UTA,CBJ,8478856,C. Garland,sog,under,1.5,0.623892,0.567489,0.056403,0.0419,1.67,1.32492,0,won
2026020027,2026-10-03,UTA,CBJ,8479066,R. Lomberg,sog,over,0.5,0.550596,0.484002,0.0665939,0.0516388,1.91,0.825978,2,won
2026020027,2026-10-03,UTA,CBJ,8479066,R. Lomberg,sog,under,0.5,0.449404,0.515998,-0.0665939,-0.191073,1.8,0.825978,2,lost
2026020027,2026-10-03,UTA,CBJ,8479343,C. Keller,sog,over,2.5,0.446251,0.48691,-0.0406594,-0.120886,1.97,2.5082,2,lost
2026020027,2026-10-03,UTA,CBJ,8479343,C. Keller,sog,under,2.5,0.553749,0.51309,0.0406594,0.0355113,1.87,2.5082,2,won
2026020027,2026-10-03,UTA,CBJ,8479410,M. Sergachev,sog,over,1.5,0.593925,0.569708,0.024217,0.0156115,1.71,2.08137,4,won
2026020027,2026-10-03,UTA,CBJ,8479410,M. Sergachev,sog,under,1.5,0.406075,0.430292,-0.024217,-0.0660272,2.3,2.08137,4,lost
2026020027,2026-10-03,UTA,CBJ,8479671,M. Olivier,sog,over,1.5,0.501481,0.43522,0.0662614,0.103258,2.2,1.72991,1,lost
2026020027,2026-10-03,UTA,CBJ,8479671,M. Olivier,sog,under,1.5,0.498519,0.56478,-0.0662614,-0.157503,1.69,1.72991,1,won
2026020027,2026-10-03,UTA,CBJ,8480849,B. Hayton,sog,over,1.5,0.482115,0.474352,0.00776261,-0.0116652,2.05,1.663,0,lost
2026020027,2026-10-03,UTA,CBJ,8480849,B. Hayton,sog,under,1.5,0.517885,0.525648,-0.00776261,-0.0574484,1.82,1.663,0,won
2026020027,2026-10-03,UTA,CBJ,8481716,D. Voronkov,sog,over,1.5,0.249462,0.482257,-0.232794,-0.50357,1.99,0.958795,1,lost
2026020027,2026-10-03,UTA,CBJ,8481716,D. Voronkov,sog,under,1.5,0.750538,0.517743,0.232794,0.373484,1.83,0.958795,1,won
2026020027,2026-10-03,UTA,CBJ,8482660,K. Johnson,sog,over,1.5,0.317289,0.544261,-0.226972,-0.441572,1.76,1.15178,5,won
2026020027,2026-10-03,UTA,CBJ,8482660,K. Johnson,sog,under,1.5,0.682711,0.455739,0.226972,0.399558,2.05,1.15178,5,lost
2026020027,2026-10-03,UTA,CBJ,8482699,D. Guenther,sog,over,2.5,0.463289,0.590605,-0.127316,-0.249472,1.62,2.58245,5,won
2026020027,2026-10-03,UTA,CBJ,8482699,D. Guenther,sog,under,2.5,0.536711,0.409395,0.127316,0.261271,2.35,2.58245,5,lost
2026020027,2026-10-03,UTA,CBJ,8482705,C. Sillinger,sog,over,1.5,0.470422,0.429369,0.0410527,0.0208148,2.17,1.6235,2,won
2026020027,2026-10-03,UTA,CBJ,8482705,C. Sillinger,sog,under,1.5,0.529578,0.570631,-0.0410527,-0.1209,1.66,1.6235,2,lost
2026020027,2026-10-03,UTA,CBJ,8482720,M. Knies,sog,over,1.5,0.477723,0.560414,-0.0826908,-0.17354,1.73,1.64808,1,lost
2026020027,2026-10-03,UTA,CBJ,8482720,M. Knies,sog,under,1.5,0.522277,0.439586,0.0826908,0.175124,2.25,1.64808,1,won
2026020027,2026-10-03,UTA,CBJ,8483431,L. Cooley,sog,over,1.5,0.477767,0.591651,-0.113884,-0.22124,1.63,1.64823,1,lost
2026020027,2026-10-03,UTA,CBJ,8483431,L. Cooley,sog,under,1.5,0.522233,0.408349,0.113884,0.279471,2.45,1.64823,1,won
2026020027,2026-10-03,UTA,CBJ,8483485,D. Mateychuk,sog,over,1.5,0.384392,0.458172,-0.0737799,-0.208152,2.06,1.34996,1,lost
2026020027,2026-10-03,UTA,CBJ,8483485,D. Mateychuk,sog,under,1.5,0.615608,0.541828,0.0737799,0.0711571,1.74,1.34996,1,won
2026020027,2026-10-03,UTA,CBJ,8484166,A. Fantilli,sog,over,2.5,0.422157,0.469483,-0.0473251,-0.134577,2.05,2.40534,1,lost
2026020027,2026-10-03,UTA,CBJ,8484166,A. Fantilli,sog,under,2.5,0.577843,0.530517,0.0473251,0.0574518,1.83,2.40534,1,won
2026020035,2026-10-04,WPG,DET,8475279,B. Chiarot,sog,over,1.5,0.363567,0.395204,-0.0316365,-0.149252,2.34,1.28736,1,lost
2026020035,2026-10-04,WPG,DET,8475279,B. Chiarot,sog,under,1.5,0.636433,0.604796,0.0316365,-0.000800834,1.57,1.28736,1,won
2026020035,2026-10-04,WPG,DET,8475753,J. Faulk,sog,over,1.5,0.523844,0.425179,0.0986649,0.178648,2.25,1.80972,3,won
2026020035,2026-10-04,WPG,DET,8475753,J. Faulk,sog,under,1.5,0.476156,0.574821,-0.0986649,-0.204819,1.67,1.80972,3,lost
2026020035,2026-10-04,WPG,DET,8475799,N. Niederreiter,sog,over,1.5,0.336387,0.474424,-0.138037,-0.357501,1.91,1.20721,0,lost
2026020035,2026-10-04,WPG,DET,8475799,N. Niederreiter,sog,under,1.5,0.663613,0.525576,0.138037,0.154687,1.74,1.20721,0,won
2026020035,2026-10-04,WPG,DET,8476460,M. Scheifele,sog,over,1.5,0.579645,0.603494,-0.0238493,-0.0667716,1.61,2.02298,2,won
2026020035,2026-10-04,WPG,DET,8476460,M. Scheifele,sog,under,1.5,0.420355,0.396506,0.0238493,-0.0121657,2.35,2.02298,2,lost
2026020035,2026-10-04,WPG,DET,8477429,A. Copp,sog,over,1.5,0.467641,0.499516,-0.0318757,-0.0881005,1.95,1.6142,1,lost
2026020035,2026-10-04,WPG,DET,8477429,A. Copp,sog,under,1.5,0.532359,0.500484,0.0318757,0.0168062,1.91,1.6142,1,won
2026020035,2026-10-04,WPG,DET,8477504,J. Morrissey,sog,over,2.5,0.37193,0.377941,-0.00601152,-0.040421,2.58,2.19742,7,won
2026020035,2026-10-04,WPG,DET,8477504,J. Morrissey,sog,under,2.5,0.62807,0.622059,0.00601152,-0.0139298,1.57,2.19742,7,lost
2026020035,2026-10-04,WPG,DET,8478042,V. Arvidsson,sog,over,2.5,0.302046,0.470421,-0.168375,-0.335498,2.2,1.91743,3,won
2026020035,2026-10-04,WPG,DET,8478042,V. Arvidsson,sog,under,2.5,0.697954,0.529579,0.168375,0.333092,1.91,1.91743,3,lost
2026020035,2026-10-04,WPG,DET,8478398,K. Connor,sog,over,3.5,0.485386,0.433386,0.0519999,0.0678482,2.2,3.69171,5,won
2026020035,2026-10-04,WPG,DET,8478398,K. Connor,sog,under,3.5,0.514614,0.566614,-0.0519999,-0.130302,1.69,3.69171,5,lost
2026020035,2026-10-04,WPG,DET,8479337,A. DeBrincat,sog,over,3.5,0.33044,0.46838,-0.137939,-0.339119,2,2.8935,4,won
2026020035,2026-10-04,WPG,DET,8479337,A. DeBrincat,sog,under,3.5,0.66956,0.53162,0.137939,0.225294,1.83,2.8935,4,lost
2026020035,2026-10-04,WPG,DET,8480014,G. Vilardi,sog,over,1.5,0.452624,0.557254,-0.104631,-0.212435,1.74,1.56458,2,won
2026020035,2026-10-04,WPG,DET,8480014,G. Vilardi,sog,under,1.5,0.547376,0.442746,0.104631,0.204228,2.2,1.56458,2,lost
2026020035,2026-10-04,WPG,DET,8480145,N. Pionk,sog,over,1.5,0.495757,0.499665,-0.00390895,0.0163009,2.05,1.70993,3,won
2026020035,2026-10-04,WPG,DET,8480145,N. Pionk,sog,under,1.5,0.504243,0.500335,0.00390895,0.00848692,2,1.70993,3,lost
2026020035,2026-10-04,WPG,DET,8481542,M. Seider,sog,over,2.5,0.407879,0.413638,-0.00575877,-0.0414842,2.35,2.34543,3,won
2026020035,2026-10-04,WPG,DET,8481542,M. Seider,sog,under,2.5,0.592121,0.586362,0.00575877,-0.0230004,1.65,2.34543,3,lost
2026020035,2026-10-04,WPG,DET,8482078,L. Raymond,sog,over,2.5,0.352474,0.450009,-0.0975351,-0.252756,2.12,2.11868,2,lost
2026020035,2026-10-04,WPG,DET,8482078,L. Raymond,sog,under,2.5,0.647526,0.549991,0.0975351,0.10727,1.71,2.11868,2,won
2026020035,2026-10-04,WPG,DET,8482149,C. Perfetti,sog,over,2.5,0.287403,0.405831,-0.118428,-0.327476,2.34,1.85939,2,lost
2026020035,2026-10-04,WPG,DET,8482149,C. Perfetti,sog,under,2.5,0.712597,0.594169,0.118428,0.175784,1.65,1.85939,2,won
2026020035,2026-10-04,WPG,DET,8484471,E. Finnie,sog,over,1.5,0.346735,0.525576,-0.178841,-0.396682,1.74,1.23753,2,won
2026020035,2026-10-04,WPG,DET,8484471,E. Finnie,sog,under,1.5,0.653265,0.474424,0.178841,0.247737,1.91,1.23753,2,lost
2026020040,2026-10-05,PHI,TBL,8474590,J. Carlson,sog,over,2.5,0.347804,0.407545,-0.0597412,-0.168749,2.39,2.09989,1,lost
2026020040,2026-10-05,PHI,TBL,8474590,J. Carlson,sog,under,2.5,0.652196,0.592455,0.0597412,0.0565578,1.62,2.09989,1,won
2026020040,2026-10-05,PHI,TBL,8476453,N. Kucherov,sog,over,2.5,0.509588,0.603324,-0.0937363,-0.15918,1.65,2.79188,1,lost
2026020040,2026-10-05,PHI,TBL,8476453,N. Kucherov,sog,under,2.5,0.490412,0.396676,0.0937363,0.22603,2.5,2.79188,1,won
2026020040,2026-10-05,PHI,TBL,8477404,J. Guentzel,sog,over,2.5,0.536624,0.5104,0.0262245,0.0195861,1.9,2.92035,5,won
2026020040,2026-10-05,PHI,TBL,8477404,J. Guentzel,sog,under,2.5,0.463376,0.4896,-0.0262245,-0.0732486,2,2.92035,5,lost
2026020040,2026-10-05,PHI,TBL,8477989,C. Dvorak,sog,over,1.5,0.474348,0.4106,0.0637475,0.091,2.3,1.63669,1,lost
2026020040,2026-10-05,PHI,TBL,8477989,C. Dvorak,sog,under,1.5,0.525652,0.5894,-0.0637475,-0.132674,1.65,1.63669,1,won
2026020040,2026-10-05,PHI,TBL,8478010,B. Point,sog,over,2.5,0.343857,0.414177,-0.0703202,-0.20913,2.3,2.08404,3,won
2026020040,2026-10-05,PHI,TBL,8478010,B. Point,sog,under,2.5,0.656143,0.585823,0.0703202,0.0629522,1.62,2.08404,3,lost
2026020040,2026-10-05,PHI,TBL,8478439,T. Konecny,sog,over,1.5,0.487068,0.517438,-0.0303709,-0.069701,1.91,1.67993,2,won
2026020040,2026-10-05,PHI,TBL,8478439,T. Konecny,sog,under,1.5,0.512932,0.482562,0.0303709,0.0668996,2.08,1.67993,2,lost
2026020040,2026-10-05,PHI,TBL,8478519,A. Cirelli,sog,over,1.5,0.526842,0.529012,-0.00216927,0.00626894,1.91,1.82064,1,lost
2026020040,2026-10-05,PHI,TBL,8478519,A. Cirelli,sog,under,1.5,0.473158,0.470988,0.00216927,-0.006369,2.1,1.82064,1,won
2026020040,2026-10-05,PHI,TBL,8479542,B. Hagel,sog,over,2.5,0.625429,0.592901,0.0325288,0.0444671,1.67,3.38637,8,won
2026020040,2026-10-05,PHI,TBL,8479542,B. Hagel,sog,under,2.5,0.374571,0.407099,-0.0325288,-0.101031,2.4,3.38637,8,lost
2026020040,2026-10-05,PHI,TBL,8480015,O. Tippett,sog,over,2.5,0.400446,0.401288,-0.000841732,-0.0709645,2.32,2.31451,0,lost
2026020040,2026-10-05,PHI,TBL,8480015,O. Tippett,sog,under,2.5,0.599554,0.598712,0.000841732,-0.0467097,1.59,2.31451,0,won
2026020040,2026-10-05,PHI,TBL,8480220,N. Cates,sog,over,1.5,0.426808,0.401624,0.0251844,0.0755566,2.52,1.48144,0,lost
2026020040,2026-10-05,PHI,TBL,8480220,N. Cates,sog,under,1.5,0.573192,0.598376,-0.0251844,-0.0542335,1.65,1.48144,0,won
2026020040,2026-10-05,PHI,TBL,8481533,T. Zegras,sog,over,1.5,0.445237,0.437345,0.00789215,-0.0204782,2.2,1.54052,0,lost
2026020040,2026-10-05,PHI,TBL,8481533,T. Zegras,sog,under,1.5,0.554763,0.562655,-0.00789215,-0.0513556,1.71,1.54052,0,won
2026020040,2026-10-05,PHI,TBL,8482142,J. Drysdale,sog,over,1.5,0.318032,0.367053,-0.0490219,-0.204921,2.5,1.15393,0,lost
2026020040,2026-10-05,PHI,TBL,8482142,J. Drysdale,sog,under,1.5,0.681968,0.632947,0.0490219,0.0297723,1.51,1.15393,0,won
2026020040,2026-10-05,PHI,TBL,8482159,T. Foerster,sog,over,1.5,0.564514,0.541362,0.023152,-0.000810395,1.77,1.96293,4,won
2026020040,2026-10-05,PHI,TBL,8482159,T. Foerster,sog,under,1.5,0.435486,0.458638,-0.023152,-0.0941889,2.08,1.96293,4,lost
2026020040,2026-10-05,PHI,TBL,8482201,G. Goncalves,sog,over,1.5,0.310205,0.429528,-0.119323,-0.33306,2.15,1.13138,2,won
2026020040,2026-10-05,PHI,TBL,8482201,G. Goncalves,sog,under,1.5,0.689795,0.570472,0.119323,0.138162,1.65,1.13138,2,lost
2026020040,2026-10-05,PHI,TBL,8484387,M. Michkov,sog,over,1.5,0.517773,0.542687,-0.0249137,-0.0835416,1.77,1.78776,1,lost
2026020040,2026-10-05,PHI,TBL,8484387,M. Michkov,sog,under,1.5,0.482227,0.457313,0.0249137,0.0608992,2.2,1.78776,1,won
2026020040,2026-10-05,PHI,TBL,8485406,P. Martone,sog,over,1.5,0.551638,0.542573,0.00906449,-0.0236012,1.77,1.9132,0,lost
2026020040,2026-10-05,PHI,TBL,8485406,P. Martone,sog,under,1.5,0.448362,0.457427,-0.00906449,-0.0808574,2.05,1.9132,0,won
2026020041,2026-10-05,OTT,BOS,8473512,C. Giroux,sog,over,1.5,0.551167,0.487668,0.0634991,0.0747749,1.95,1.9114,1,lost
2026020041,2026-10-05,OTT,BOS,8473512,C. Giroux,sog,under,1.5,0.448833,0.512332,-0.0634991,-0.13824,1.92,1.9114,1,won
2026020041,2026-10-05,OTT,BOS,8476854,H. Lindholm,sog,over,1.5,0.32495,0.384062,-0.0591113,-0.181125,2.52,1.17394,2,won
2026020041,2026-10-05,OTT,BOS,8476854,H. Lindholm,sog,under,1.5,0.67505,0.615938,0.0591113,0.0935805,1.62,1.17394,2,lost
2026020041,2026-10-05,OTT,BOS,8477496,E. Lindholm,sog,over,1.5,0.513294,0.445988,0.0673057,0.129247,2.2,1.77171,2,won
2026020041,2026-10-05,OTT,BOS,8477496,E. Lindholm,sog,under,1.5,0.486706,0.554012,-0.0673057,-0.153132,1.74,1.77171,2,lost
2026020041,2026-10-05,OTT,BOS,8477956,D. Pastrnak,sog,over,3.5,0.367584,0.426241,-0.0586573,-0.161909,2.28,3.07825,2,lost
2026020041,2026-10-05,OTT,BOS,8477956,D. Pastrnak,sog,under,3.5,0.632416,0.573759,0.0586573,0.0687837,1.69,3.07825,2,won
2026020041,2026-10-05,OTT,BOS,8477998,W. Foegele,sog,over,1.5,0.32573,0.490849,-0.165119,-0.364827,1.95,1.1762,0,lost
2026020041,2026-10-05,OTT,BOS,8477998,W. Foegele,sog,under,1.5,0.67427,0.509151,0.165119,0.281114,1.9,1.1762,0,won
2026020041,2026-10-05,OTT,BOS,8478401,P. Zacha,sog,over,1.5,0.516305,0.534134,-0.0178297,-0.0448361,1.85,1.78249,1,lost
2026020041,2026-10-05,OTT,BOS,8478401,P. Zacha,sog,under,1.5,0.483695,0.465866,0.0178297,0.0157599,2.1,1.78249,1,won
2026020041,2026-10-05,OTT,BOS,8478469,T. Chabot,sog,over,1.5,0.542871,0.61492,-0.0720495,-0.142264,1.58,1.88001,1,lost
2026020041,2026-10-05,OTT,BOS,8478469,T. Chabot,sog,under,1.5,0.457129,0.38508,0.0720495,0.0879673,2.38,1.88001,1,won
2026020041,2026-10-05,OTT,BOS,8479987,M. Geekie,sog,over,1.5,0.503868,0.579274,-0.0754062,-0.143424,1.7,1.73829,3,won
2026020041,2026-10-05,OTT,BOS,8479987,M. Geekie,sog,under,1.5,0.496132,0.420726,0.0754062,0.141104,2.3,1.73829,3,lost
2026020041,2026-10-05,OTT,BOS,8480188,F. Zetterlund,sog,over,1.5,0.378223,0.5014,-0.123177,-0.288941,1.88,1.33129,2,won
2026020041,2026-10-05,OTT,BOS,8480188,F. Zetterlund,sog,under,1.5,0.621777,0.4986,0.123177,0.187594,1.91,1.33129,2,lost
2026020041,2026-10-05,OTT,BOS,8480208,D. Batherson,sog,over,2.5,0.262632,0.416237,-0.153604,-0.382814,2.35,1.76119,2,lost
2026020041,2026-10-05,OTT,BOS,8480208,D. Batherson,sog,under,2.5,0.737368,0.583763,0.153604,0.246151,1.69,1.76119,2,won
2026020041,2026-10-05,OTT,BOS,8481528,D. Cozens,sog,over,2.5,0.439911,0.402984,0.0369271,0.0777812,2.45,2.4809,4,won
2026020041,2026-10-05,OTT,BOS,8481528,D. Cozens,sog,under,2.5,0.560089,0.597016,-0.0369271,-0.0926553,1.62,2.4809,4,lost
2026020041,2026-10-05,OTT,BOS,8481596,S. Pinto,sog,over,2.5,0.360354,0.391553,-0.0311994,-0.11353,2.46,2.15047,2,lost
2026020041,2026-10-05,OTT,BOS,8481596,S. Pinto,sog,under,2.5,0.639646,0.608447,0.0311994,0.00424484,1.57,2.15047,2,won
2026020041,2026-10-05,OTT,BOS,8481606,J. Spence,sog,over,1.5,0.516937,0.454142,0.0627949,0.0338738,2,1.78476,1,lost
2026020041,2026-10-05,OTT,BOS,8481606,J. Spence,sog,under,1.5,0.483063,0.545858,-0.0627949,-0.183623,1.69,1.78476,1,won
2026020041,2026-10-05,OTT,BOS,8482095,T. Kleven,sog,over,1.5,0.425989,0.454142,-0.028153,-0.148022,2,1.47885,1,lost
2026020041,2026-10-05,OTT,BOS,8482095,T. Kleven,sog,under,1.5,0.574011,0.545858,0.028153,-0.0299215,1.69,1.47885,1,won
2026020041,2026-10-05,OTT,BOS,8482116,T. Stützle,sog,over,2.5,0.387117,0.403616,-0.0164986,-0.0515627,2.45,2.2595,3,won
2026020041,2026-10-05,OTT,BOS,8482116,T. Stützle,sog,under,2.5,0.612883,0.596384,0.0164986,-0.00713,1.62,2.2595,3,lost
2026020041,2026-10-05,OTT,BOS,8482175,J. Peterka,sog,over,1.5,0.580129,0.609623,-0.0294938,-0.0949982,1.56,2.02494,0,lost
2026020041,2026-10-05,OTT,BOS,8482175,J. Peterka,sog,under,1.5,0.419871,0.390377,0.0294938,0.00768948,2.4,2.02494,0,won
2026020041,2026-10-05,OTT,BOS,8482667,W. Eklund,sog,over,1.5,0.528331,0.619749,-0.0914182,-0.17052,1.57,1.82609,2,won
2026020041,2026-10-05,OTT,BOS,8482667,W. Eklund,sog,under,1.5,0.471669,0.380251,0.0914182,0.169739,2.48,1.82609,2,lost
2026020041,2026-10-05,OTT,BOS,8484759,C. Yakemchuk,sog,over,1.5,0.29896,0.429453,-0.130493,-0.372184,2.1,1.09914,1,lost
2026020041,2026-10-05,OTT,BOS,8484759,C. Yakemchuk,sog,under,1.5,0.70104,0.570547,0.130493,0.135685,1.62,1.09914,1,won
2026020042,2026-10-05,WPG,PIT,8471215,E. Malkin,sog,over,2.5,0.40632,0.402869,0.00345095,0.023926,2.52,2.33893,4,won
2026020042,2026-10-05,WPG,PIT,8471215,E. Malkin,sog,under,2.5,0.59368,0.597131,-0.00345095,-0.0382381,1.62,2.33893,4,lost
2026020042,2026-10-05,WPG,PIT,8471675,S. Crosby,sog,over,2.5,0.372171,0.511639,-0.139468,-0.289154,1.91,2.1984,5,won
2026020042,2026-10-05,WPG,PIT,8471675,S. Crosby,sog,under,2.5,0.627829,0.488361,0.139468,0.255658,2,2.1984,5,lost
2026020042,2026-10-05,WPG,PIT,8474578,E. Karlsson,sog,over,2.5,0.36142,0.484455,-0.123034,-0.280774,1.99,2.15478,1,lost
2026020042,2026-10-05,WPG,PIT,8474578,E. Karlsson,sog,under,2.5,0.63858,0.515545,0.123034,0.168601,1.83,2.15478,1,won
2026020042,2026-10-05,WPG,PIT,8475799,N. Niederreiter,sog,over,1.5,0.302936,0.440872,-0.137936,-0.378981,2.05,1.11052,,void
2026020042,2026-10-05,WPG,PIT,8475799,N. Niederreiter,sog,under,1.5,0.697064,0.559128,0.137936,0.150156,1.65,1.11052,,void
2026020042,2026-10-05,WPG,PIT,8476460,M. Scheifele,sog,over,1.5,0.568313,0.580766,-0.0124534,-0.0566009,1.66,1.97784,3,won
2026020042,2026-10-05,WPG,PIT,8476460,M. Scheifele,sog,under,1.5,0.431687,0.419234,0.0124534,-0.0287036,2.25,1.97784,3,lost
2026020042,2026-10-05,WPG,PIT,8476483,R. Rakell,sog,over,2.5,0.459887,0.540971,-0.0810838,-0.158407,1.83,2.56752,2,lost
2026020042,2026-10-05,WPG,PIT,8476483,R. Rakell,sog,under,2.5,0.540113,0.459029,0.0810838,0.134238,2.1,2.56752,2,won
2026020042,2026-10-05,WPG,PIT,8477504,J. Morrissey,sog,over,1.5,0.668017,0.593822,0.0741945,0.0755066,1.61,2.41707,0,lost
2026020042,2026-10-05,WPG,PIT,8477504,J. Morrissey,sog,under,1.5,0.331983,0.406178,-0.0741945,-0.219839,2.35,2.41707,0,won
2026020042,2026-10-05,WPG,PIT,8478398,K. Connor,sog,over,3.5,0.477826,0.408326,0.0695006,0.137226,2.38,3.65039,6,won
2026020042,2026-10-05,WPG,PIT,8478398,K. Connor,sog,under,3.5,0.522174,0.591674,-0.0695006,-0.138413,1.65,3.65039,6,lost
2026020042,2026-10-05,WPG,PIT,8478438,T. Novak,sog,over,1.5,0.502473,0.518967,-0.0164944,-0.0804749,1.83,1.73339,2,won
2026020042,2026-10-05,WPG,PIT,8478438,T. Novak,sog,under,1.5,0.497527,0.481033,0.0164944,-0.0298218,1.95,1.73339,2,lost
2026020042,2026-10-05,WPG,PIT,8480014,G. Vilardi,sog,over,1.5,0.447124,0.552375,-0.105251,-0.244361,1.69,1.54664,3,won
2026020042,2026-10-05,WPG,PIT,8480014,G. Vilardi,sog,under,1.5,0.552876,0.447625,0.105251,0.166569,2.11,1.54664,3,lost
2026020042,2026-10-05,WPG,PIT,8481582,N. Robertson,sog,over,1.5,0.462981,0.508592,-0.0456116,-0.134226,1.87,1.59869,1,lost
2026020042,2026-10-05,WPG,PIT,8481582,N. Robertson,sog,under,1.5,0.537019,0.491408,0.0456116,0.0579282,1.97,1.59869,1,won
2026020042,2026-10-05,WPG,PIT,8482149,C. Perfetti,sog,over,2.5,0.275674,0.428501,-0.152828,-0.376978,2.26,1.81292,4,won
2026020042,2026-10-05,WPG,PIT,8482149,C. Perfetti,sog,under,2.5,0.724326,0.571499,0.152828,0.224112,1.69,1.81292,4,lost
2026020042,2026-10-05,WPG,PIT,8485414,B. Kindel,sog,over,1.5,0.483633,0.579516,-0.095883,-0.202006,1.65,1.66817,2,won
2026020042,2026-10-05,WPG,PIT,8485414,B. Kindel,sog,under,1.5,0.516367,0.420484,0.095883,0.161826,2.25,1.66817,2,lost
2026020045,2026-10-06,CAR,MTL,8473533,J. Staal,sog,over,1.5,0.477649,0.508107,-0.0304582,-0.0876906,1.91,1.64783,1,lost
2026020045,2026-10-06,CAR,MTL,8473533,J. Staal,sog,under,1.5,0.522351,0.491893,0.0304582,0.0185847,1.95,1.64783,1,won
2026020045,2026-10-06,CAR,MTL,8475184,C. Kreider,sog,over,1.5,0.46333,0.505641,-0.0423102,-0.133572,1.87,1.59985,1,lost
2026020045,2026-10-06,CAR,MTL,8475184,C. Kreider,sog,under,1.5,0.53667,0.494359,0.0423102,0.0304055,1.92,1.59985,1,won
2026020045,2026-10-06,CAR,MTL,8475791,T. Hall,sog,over,1.5,0.489495,0.577788,-0.0882936,-0.192334,1.65,1.68827,4,won
2026020045,2026-10-06,CAR,MTL,8475791,T. Hall,sog,under,1.5,0.510505,0.422212,0.0882936,0.133322,2.22,1.68827,4,lost
2026020045,2026-10-06,CAR,MTL,8476875,M. Matheson,sog,over,1.5,0.454345,0.497078,-0.0427331,-0.150375,1.87,1.57021,2,won
2026020045,2026-10-06,CAR,MTL,8476875,M. Matheson,sog,under,1.5,0.545655,0.502922,0.0427331,0.0203754,1.87,1.57021,2,lost
2026020045,2026-10-06,CAR,MTL,8476906,S. Gostisbehere,sog,over,1.5,0.511759,0.548749,-0.0369896,-0.0788336,1.8,1.76623,1,lost
2026020045,2026-10-06,CAR,MTL,8476906,S. Gostisbehere,sog,under,1.5,0.488241,0.451251,0.0369896,0.0253059,2.1,1.76623,1,won
2026020045,2026-10-06,CAR,MTL,8476921,J. Martinook,sog,over,1.5,0.421379,0.465079,-0.0437003,-0.157243,2,1.46428,3,won
2026020045,2026-10-06,CAR,MTL,8476921,J. Martinook,sog,under,1.5,0.578621,0.534921,0.0437003,0.0241599,1.77,1.46428,3,lost
2026020045,2026-10-06,CAR,MTL,8477940,N. Ehlers,sog,over,2.5,0.421227,0.486082,-0.0648547,-0.178607,1.95,2.40142,3,won
2026020045,2026-10-06,CAR,MTL,8477940,N. Ehlers,sog,under,2.5,0.578773,0.513918,0.0648547,0.0823052,1.87,2.40142,3,lost
2026020045,2026-10-06,CAR,MTL,8478427,S. Aho,sog,over,2.5,0.531563,0.510825,0.020738,-0.00597726,1.87,2.89591,3,won
2026020045,2026-10-06,CAR,MTL,8478427,S. Aho,sog,under,2.5,0.468437,0.489175,-0.020738,-0.077179,1.97,2.89591,3,lost
2026020045,2026-10-06,CAR,MTL,8480018,N. Suzuki,sog,over,1.5,0.65387,0.60565,0.0482197,0.033114,1.58,2.34808,2,won
2026020045,2026-10-06,CAR,MTL,8480018,N. Suzuki,sog,under,1.5,0.34613,0.39435,-0.0482197,-0.151981,2.45,2.34808,2,lost
2026020045,2026-10-06,CAR,MTL,8480074,A. Texier,sog,over,1.5,0.308857,0.416257,-0.1074,-0.305072,2.25,1.12751,0,lost
2026020045,2026-10-06,CAR,MTL,8480074,A. Texier,sog,under,1.5,0.691143,0.583743,0.1074,0.126563,1.63,1.12751,0,won
2026020045,2026-10-06,CAR,MTL,8480336,S. Walker,sog,over,1.5,0.606153,0.493683,0.11247,0.157752,1.91,2.13281,1,lost
2026020045,2026-10-06,CAR,MTL,8480336,S. Walker,sog,under,1.5,0.393847,0.506317,-0.11247,-0.247752,1.91,2.13281,1,won
2026020045,2026-10-06,CAR,MTL,8480830,A. Svechnikov,sog,over,2.5,0.464085,0.535076,-0.0709911,-0.150725,1.83,2.58596,3,won
2026020045,2026-10-06,CAR,MTL,8480830,A. Svechnikov,sog,under,2.5,0.535915,0.464924,0.0709911,0.125423,2.1,2.58596,3,lost
2026020045,2026-10-06,CAR,MTL,8481540,C. Caufield,sog,over,2.5,0.568431,0.555736,0.0126954,-0.0109298,1.74,3.07863,1,lost
2026020045,2026-10-06,CAR,MTL,8481540,C. Caufield,sog,under,2.5,0.431569,0.444264,-0.0126954,-0.0505486,2.2,3.07863,1,won
2026020045,2026-10-06,CAR,MTL,8481618,A. Newhook,sog,over,1.5,0.416014,0.488195,-0.0721807,-0.180452,1.97,1.44742,0,lost
2026020045,2026-10-06,CAR,MTL,8481618,A. Newhook,sog,under,1.5,0.583986,0.511805,0.0721807,0.092053,1.87,1.44742,0,won
2026020045,2026-10-06,CAR,MTL,8482702,L. Stankoven,sog,over,2.5,0.39128,0.431564,-0.0402839,-0.158748,2.15,2.27662,1,lost
2026020045,2026-10-06,CAR,MTL,8482702,L. Stankoven,sog,under,2.5,0.60872,0.568436,0.0402839,0.0226496,1.68,2.27662,1,won
2026020045,2026-10-06,CAR,MTL,8482809,J. Blake,sog,over,2.5,0.369835,0.444734,-0.0748987,-0.223346,2.1,2.1889,2,lost
2026020045,2026-10-06,CAR,MTL,8482809,J. Blake,sog,under,2.5,0.630165,0.555266,0.0748987,0.0775817,1.71,2.1889,2,won
2026020045,2026-10-06,CAR,MTL,8483457,L. Hutson,sog,over,1.5,0.369115,0.484002,-0.114887,-0.29499,1.91,1.30392,2,won
2026020045,2026-10-06,CAR,MTL,8483457,L. Hutson,sog,under,1.5,0.630885,0.515998,0.114887,0.135593,1.8,1.30392,2,lost
2026020045,2026-10-06,CAR,MTL,8483515,J. Slafkovský,sog,over,1.5,0.632919,0.583477,0.0494429,0.044317,1.65,2.25048,2,won
2026020045,2026-10-06,CAR,MTL,8483515,J. Slafkovský,sog,under,1.5,0.367081,0.416523,-0.0494429,-0.155715,2.3,2.25048,2,lost
2026020045,2026-10-06,CAR,MTL,8484984,I. Demidov,sog,over,1.5,0.505123,0.47141,0.0337128,0.0102451,2,1.74271,,void
2026020045,2026-10-06,CAR,MTL,8484984,I. Demidov,sog,under,1.5,0.494877,0.52859,-0.0337128,-0.0894255,1.84,1.74271,,void
2026020046,2026-10-06,OTT,DET,8473512,C. Giroux,sog,over,1.5,0.530991,0.557795,-0.0268046,-0.0601463,1.77,1.83585,0,lost
2026020046,2026-10-06,OTT,DET,8473512,C. Giroux,sog,under,1.5,0.469009,0.442205,0.0268046,0.00836985,2.15,1.83585,0,won
2026020046,2026-10-06,OTT,DET,8475753,J. Faulk,sog,over,1.5,0.538572,0.519872,0.0187,-0.0144134,1.83,1.86392,3,won
2026020046,2026-10-06,OTT,DET,8475753,J. Faulk,sog,under,1.5,0.461428,0.480128,-0.0187,-0.0863724,1.98,1.86392,3,lost
2026020046,2026-10-06,OTT,DET,8477429,A. Copp,sog,over,1.5,0.46585,0.535987,-0.0701375,-0.203397,1.71,1.60823,3,won
2026020046,2026-10-06,OTT,DET,8477429,A. Copp,sog,under,1.5,0.53415,0.464013,0.0701375,0.0415927,1.95,1.60823,3,lost
2026020046,2026-10-06,OTT,DET,8477998,W. Foegele,sog,over,1.5,0.305202,0.527866,-0.222664,-0.447585,1.81,1.11702,0,lost
2026020046,2026-10-06,OTT,DET,8477998,W. Foegele,sog,under,1.5,0.694798,0.472134,0.222664,0.389596,2,1.11702,0,won
2026020046,2026-10-06,OTT,DET,8478042,V. Arvidsson,sog,over,2.5,0.327562,0.554105,-0.226543,-0.430042,1.74,2.01887,3,won
2026020046,2026-10-06,OTT,DET,8478042,V. Arvidsson,sog,under,2.5,0.672438,0.445895,0.226543,0.439018,2.14,2.01887,3,lost
2026020046,2026-10-06,OTT,DET,8478469,T. Chabot,sog,over,1.5,0.524532,0.605024,-0.0804917,-0.124032,1.67,1.81222,5,won
2026020046,2026-10-06,OTT,DET,8478469,T. Chabot,sog,under,1.5,0.475468,0.394976,0.0804917,0.141124,2.4,1.81222,5,lost
2026020046,2026-10-06,OTT,DET,8479337,A. DeBrincat,sog,over,2.5,0.547832,0.588958,-0.0411258,-0.112512,1.62,2.97518,3,won
2026020046,2026-10-06,OTT,DET,8479337,A. DeBrincat,sog,under,2.5,0.452168,0.411042,0.0411258,0.0173777,2.25,2.97518,3,lost
2026020046,2026-10-06,OTT,DET,8480188,F. Zetterlund,sog,over,1.5,0.394116,0.507707,-0.113591,-0.247239,1.91,1.3796,0,lost
2026020046,2026-10-06,OTT,DET,8480188,F. Zetterlund,sog,under,1.5,0.605884,0.492293,0.113591,0.181474,1.95,1.3796,0,won
2026020046,2026-10-06,OTT,DET,8480208,D. Batherson,sog,over,2.5,0.260737,0.393311,-0.132574,-0.374231,2.4,1.75366,2,lost
2026020046,2026-10-06,OTT,DET,8480208,D. Batherson,sog,under,2.5,0.739263,0.606689,0.132574,0.175428,1.59,1.75366,2,won
2026020046,2026-10-06,OTT,DET,8481528,D. Cozens,sog,over,2.5,0.451649,0.439083,0.0125657,-0.00637265,2.2,2.53158,1,lost
2026020046,2026-10-06,OTT,DET,8481528,D. Cozens,sog,under,2.5,0.548351,0.560917,-0.0125657,-0.0623194,1.71,2.53158,1,won
2026020046,2026-10-06,OTT,DET,8481542,M. Seider,sog,over,1.5,0.664259,0.621916,0.0423438,0.0495298,1.58,2.39849,3,won
2026020046,2026-10-06,OTT,DET,8481542,M. Seider,sog,under,1.5,0.335741,0.378084,-0.0423438,-0.174078,2.46,2.39849,3,lost
2026020046,2026-10-06,OTT,DET,8481596,S. Pinto,sog,over,1.5,0.60394,0.60802,-0.00407938,-0.0397347,1.59,2.1234,1,lost
2026020046,2026-10-06,OTT,DET,8481596,S. Pinto,sog,under,1.5,0.39606,0.39198,0.00407938,-0.06926,2.35,2.1234,1,won
2026020046,2026-10-06,OTT,DET,8481606,J. Spence,sog,over,1.5,0.503615,0.486195,0.0174194,0.00219326,1.99,1.7374,1,lost
2026020046,2026-10-06,OTT,DET,8481606,J. Spence,sog,under,1.5,0.496385,0.513805,-0.0174194,-0.0717595,1.87,1.7374,1,won
2026020046,2026-10-06,OTT,DET,8482078,L. Raymond,sog,over,2.5,0.363435,0.399461,-0.0360263,-0.113218,2.44,2.16294,6,won
2026020046,2026-10-06,OTT,DET,8482078,L. Raymond,sog,under,2.5,0.636565,0.600539,0.0360263,0.0312352,1.62,2.16294,6,lost
2026020046,2026-10-06,OTT,DET,8482116,T. Stützle,sog,over,2.5,0.391801,0.374472,0.0173296,-0.024415,2.49,2.27877,2,lost
2026020046,2026-10-06,OTT,DET,8482116,T. Stützle,sog,under,2.5,0.608199,0.625528,-0.0173296,-0.0755378,1.52,2.27877,2,won
2026020046,2026-10-06,OTT,DET,8482667,W. Eklund,sog,over,1.5,0.53325,0.571618,-0.0383684,-0.0988083,1.69,1.84417,3,won
2026020046,2026-10-06,OTT,DET,8482667,W. Eklund,sog,under,1.5,0.46675,0.428382,0.0383684,0.0268511,2.2,1.84417,3,lost
2026020046,2026-10-06,OTT,DET,8484471,E. Finnie,sog,over,1.5,0.370309,0.5,-0.129691,-0.322334,1.83,1.3075,2,won
2026020046,2026-10-06,OTT,DET,8484471,E. Finnie,sog,under,1.5,0.629691,0.5,0.129691,0.152334,1.83,1.3075,2,lost
2026020046,2026-10-06,OTT,DET,8484759,C. Yakemchuk,sog,over,1.5,0.292612,0.45341,-0.160799,-0.385516,2.1,1.08102,2,won
2026020046,2026-10-06,OTT,DET,8484759,C. Yakemchuk,sog,under,1.5,0.707388,0.54659,0.160799,0.230856,1.74,1.08102,2,lost
2026020049,2026-10-06,MIN,BUF,8476399,B. Coleman,sog,over,2.5,0.408106,0.404702,0.00340433,-0.028708,2.38,2.34637,1,lost
2026020049,2026-10-06,MIN,BUF,8476399,B. Coleman,sog,under,2.5,0.591894,0.595298,-0.00340433,-0.0470505,1.61,2.34637,1,won
2026020049,2026-10-06,MIN,BUF,8477451,R. Hartman,sog,over,1.5,0.548956,0.540709,0.00824682,-0.0283474,1.77,1.90299,0,lost
2026020049,2026-10-06,MIN,BUF,8477451,R. Hartman,sog,under,1.5,0.451044,0.459291,-0.00824682,-0.0528082,2.1,1.90299,0,won
2026020049,2026-10-06,MIN,BUF,8478493,J. Eriksson Ek,sog,over,2.5,0.4155,0.496622,-0.0811221,-0.185621,1.96,2.37732,0,lost
2026020049,2026-10-06,MIN,BUF,8478493,J. Eriksson Ek,sog,under,2.5,0.5845,0.503378,0.0811221,0.116396,1.91,2.37732,0,won
2026020049,2026-10-06,MIN,BUF,8478508,Y. Trenin,sog,over,1.5,0.388953,0.432511,-0.0435583,-0.152084,2.18,1.36383,0,lost
2026020049,2026-10-06,MIN,BUF,8478508,Y. Trenin,sog,under,1.5,0.611047,0.567489,0.0435583,0.0204493,1.67,1.36383,0,won
2026020049,2026-10-06,MIN,BUF,8478864,K. Kaprizov,sog,over,3.5,0.331082,0.449139,-0.118057,-0.304729,2.1,2.89667,3,lost
2026020049,2026-10-06,MIN,BUF,8478864,K. Kaprizov,sog,under,3.5,0.668918,0.550861,0.118057,0.163918,1.74,2.89667,3,won
2026020049,2026-10-06,MIN,BUF,8479420,T. Thompson,sog,over,3.5,0.355927,0.425805,-0.0698779,-0.199164,2.25,3.02004,9,won
2026020049,2026-10-06,MIN,BUF,8479420,T. Thompson,sog,under,3.5,0.644073,0.574195,0.0698779,0.088483,1.69,3.02004,9,lost
2026020049,2026-10-06,MIN,BUF,8480064,J. Norris,sog,over,1.5,0.463371,0.478267,-0.014896,-0.0732586,2,1.59999,0,lost
2026020049,2026-10-06,MIN,BUF,8480064,J. Norris,sog,under,1.5,0.536629,0.521733,0.014896,0.0356945,1.93,1.59999,0,won
2026020049,2026-10-06,MIN,BUF,8480800,Q. Hughes,sog,over,2.5,0.411744,0.464057,-0.0523123,-0.135337,2.1,2.36158,1,lost
2026020049,2026-10-06,MIN,BUF,8480800,Q. Hughes,sog,under,2.5,0.588256,0.535943,0.0523123,0.0588601,1.8,2.36158,1,won
2026020049,2026-10-06,MIN,BUF,8480802,R. McLeod,sog,over,0.5,0.623227,0.614126,0.00910141,-0.0402303,1.54,1.01524,1,won
2026020049,2026-10-06,MIN,BUF,8480802,R. McLeod,sog,under,0.5,0.376773,0.385874,-0.00910141,-0.095745,2.4,1.01524,1,lost
2026020049,2026-10-06,MIN,BUF,8480839,R. Dahlin,sog,over,2.5,0.398346,0.494065,-0.0957198,-0.203309,2,2.30581,3,won
2026020049,2026-10-06,MIN,BUF,8480839,R. Dahlin,sog,under,2.5,0.601654,0.505935,0.0957198,0.14916,1.91,2.30581,3,lost
2026020049,2026-10-06,MIN,BUF,8481553,B. Brink,sog,over,1.5,0.334405,0.44056,-0.106155,-0.25762,2.22,1.20143,2,won
2026020049,2026-10-06,MIN,BUF,8481553,B. Brink,sog,under,1.5,0.665595,0.55944,0.106155,0.158135,1.74,1.20143,2,lost
2026020049,2026-10-06,MIN,BUF,8481557,M. Boldy,sog,over,3.5,0.353299,0.423619,-0.0703205,-0.222742,2.2,3.00695,7,won
2026020049,2026-10-06,MIN,BUF,8481557,M. Boldy,sog,under,3.5,0.646701,0.576381,0.0703205,0.0735238,1.66,3.00695,7,lost
2026020049,2026-10-06,MIN,BUF,8482097,J. Quinn,sog,over,2.5,0.527245,0.475107,0.0521379,0.0544896,2,2.8752,2,lost
2026020049,2026-10-06,MIN,BUF,8482097,J. Quinn,sog,under,2.5,0.472755,0.524893,-0.0521379,-0.0970376,1.91,2.8752,2,won
2026020049,2026-10-06,MIN,BUF,8482659,J. Doan,sog,over,1.5,0.486064,0.584286,-0.0982212,-0.207715,1.63,1.67649,0,lost
2026020049,2026-10-06,MIN,BUF,8482659,J. Doan,sog,under,1.5,0.513936,0.415714,0.0982212,0.156355,2.25,1.67649,0,won
2026020049,2026-10-06,MIN,BUF,8482671,O. Power,sog,over,1.5,0.377797,0.418554,-0.0407563,-0.16129,2.22,1.33001,2,won
2026020049,2026-10-06,MIN,BUF,8482671,O. Power,sog,under,1.5,0.622203,0.581446,0.0407563,0.0141902,1.63,1.33001,2,lost
2026020049,2026-10-06,MIN,BUF,8484145,Z. Benson,sog,over,1.5,0.552962,0.575551,-0.022589,-0.082083,1.66,1.91826,2,won
2026020049,2026-10-06,MIN,BUF,8484145,Z. Benson,sog,under,1.5,0.447038,0.424449,0.022589,0.00583534,2.25,1.91826,2,lost
2026020049,2026-10-06,MIN,BUF,8485702,M. Shabanov,sog,over,1.5,0.289152,0.459628,-0.170476,-0.369649,2.18,1.07116,2,won
2026020049,2026-10-06,MIN,BUF,8485702,M. Shabanov,sog,under,1.5,0.710848,0.540372,0.170476,0.279527,1.8,1.07116,2,lost
2026020053,2026-10-07,PIT,WSH,8471214,A. Ovechkin,assists,over,0.5,0.297894,0.350227,-0.0523328,-0.180791,2.75,0.354925,0,lost
2026020053,2026-10-07,PIT,WSH,8471214,A. Ovechkin,points,over,0.5,0.467114,0.524695,-0.0575814,-0.145182,1.83,0.633426,0,lost
2026020053,2026-10-07,PIT,WSH,8471214,A. Ovechkin,goals,over,0.5,0.236681,0.319066,-0.0823857,-0.289958,3,0.27191,0,lost
2026020053,2026-10-07,PIT,WSH,8471214,A. Ovechkin,sog,over,2.5,0.472016,0.533676,-0.0616608,-0.122051,1.86,2.62103,2,lost
2026020053,2026-10-07,PIT,WSH,8471214,A. Ovechkin,assists,under,0.5,0.702106,0.649773,0.0523328,0.0531588,1.5,0.354925,0,won
2026020053,2026-10-07,PIT,WSH,8471214,A. Ovechkin,points,under,0.5,0.532886,0.475305,0.0575814,0.07643,2.02,0.633426,0,won
2026020053,2026-10-07,PIT,WSH,8471214,A. Ovechkin,sog,under,2.5,0.527984,0.466324,0.0616608,0.108767,2.1,2.62103,2,won
2026020053,2026-10-07,PIT,WSH,8471215,E. Malkin,goals,over,0.5,0.278848,0.242114,0.0367344,0.185104,4.25,0.329592,0,lost
2026020053,2026-10-07,PIT,WSH,8471215,E. Malkin,points,over,0.5,0.56581,0.524396,0.0414145,0.0241164,1.81,0.841272,0,lost
2026020053,2026-10-07,PIT,WSH,8471215,E. Malkin,sog,over,1.5,0.65481,0.589348,0.0654621,0.0804366,1.65,2.35258,1,lost
2026020053,2026-10-07,PIT,WSH,8471215,E. Malkin,assists,over,0.5,0.373706,0.39231,-0.0186038,-0.0844211,2.45,0.470131,0,lost
2026020053,2026-10-07,PIT,WSH,8471215,E. Malkin,points,under,0.5,0.43419,0.475604,-0.0414145,-0.13162,2,0.841272,0,won
2026020053,2026-10-07,PIT,WSH,8471215,E. Malkin,sog,under,1.5,0.34519,0.410652,-0.0654621,-0.206063,2.3,2.35258,1,won
2026020053,2026-10-07,PIT,WSH,8471215,E. Malkin,assists,under,0.5,0.626294,0.60769,0.0186038,0.00833386,1.61,0.470131,0,won
2026020053,2026-10-07,PIT,WSH,8471675,S. Crosby,assists,over,0.5,0.408893,0.462644,-0.0537505,-0.182214,2,0.528532,0,lost
2026020053,2026-10-07,PIT,WSH,8471675,S. Crosby,points,over,0.5,0.544424,0.604346,-0.0599216,-0.128922,1.6,0.792406,0,lost
2026020053,2026-10-07,PIT,WSH,8471675,S. Crosby,goals,over,0.5,0.174212,0.29403,-0.119818,-0.43381,3.25,0.192337,0,lost
2026020053,2026-10-07,PIT,WSH,8471675,S. Crosby,sog,over,2.5,0.413367,0.425273,-0.0119061,-0.0285881,2.35,2.36837,2,lost
2026020053,2026-10-07,PIT,WSH,8471675,S. Crosby,assists,under,0.5,0.591107,0.537356,0.0537505,0.0285259,1.74,0.528532,0,won
2026020053,2026-10-07,PIT,WSH,8471675,S. Crosby,points,under,0.5,0.455576,0.395654,0.0599216,0.084271,2.38,0.792406,0,won
2026020053,2026-10-07,PIT,WSH,8471675,S. Crosby,sog,under,2.5,0.586633,0.574727,0.0119061,0.0207419,1.74,2.36837,2,won
2026020053,2026-10-07,PIT,WSH,8471724,K. Letang,goals,over,0.5,0.0392159,0.0941205,-0.0549046,-0.529409,12,0.0400456,0,lost
2026020053,2026-10-07,PIT,WSH,8471724,K. Letang,points,over,0.5,0.377812,0.346712,0.0311007,0.0200937,2.7,0.476773,0,lost
2026020053,2026-10-07,PIT,WSH,8471724,K. Letang,sog,over,1.5,0.358882,0.463327,-0.104445,-0.282235,2,1.27342,3,won
2026020053,2026-10-07,PIT,WSH,8471724,K. Letang,assists,over,0.5,0.297896,0.295181,0.00271447,-0.0616284,3.15,0.354927,0,lost
2026020053,2026-10-07,PIT,WSH,8471724,K. Letang,points,under,0.5,0.622188,0.653288,-0.0311007,-0.0791625,1.48,0.476773,0,won
2026020053,2026-10-07,PIT,WSH,8471724,K. Letang,sog,under,1.5,0.641118,0.536673,0.104445,0.147601,1.79,1.27342,3,lost
2026020053,2026-10-07,PIT,WSH,8471724,K. Letang,assists,under,0.5,0.702104,0.704819,-0.00271447,-0.0451382,1.36,0.354927,0,won
2026020053,2026-10-07,PIT,WSH,8474578,E. Karlsson,goals,over,0.5,0.218117,0.159546,0.0585709,0.308704,6,0.24757,0,lost
2026020053,2026-10-07,PIT,WSH,8474578,E. Karlsson,assists,over,0.5,0.381196,0.45244,-0.0712445,-0.199488,2.1,0.482278,0,lost
2026020053,2026-10-07,PIT,WSH,8474578,E. Karlsson,sog,over,2.5,0.327241,0.401422,-0.0741815,-0.214623,2.4,2.01759,4,won
2026020053,2026-10-07,PIT,WSH,8474578,E. Karlsson,points,over,0.5,0.54665,0.531675,0.0149751,-0.00509705,1.82,0.797382,0,lost
2026020053,2026-10-07,PIT,WSH,8474578,E. Karlsson,assists,under,0.5,0.618804,0.54756,0.0712445,0.0767189,1.74,0.482278,0,won
2026020053,2026-10-07,PIT,WSH,8474578,E. Karlsson,sog,under,2.5,0.672759,0.598578,0.0741815,0.110053,1.65,2.01759,4,lost
2026020053,2026-10-07,PIT,WSH,8474578,E. Karlsson,points,under,0.5,0.45335,0.468325,-0.0149751,-0.0706324,2.05,0.797382,0,won
2026020053,2026-10-07,PIT,WSH,8476432,B. Jenner,goals,over,0.5,0.190035,0.140662,0.0493728,0.330246,7,0.211879,0,lost
2026020053,2026-10-07,PIT,WSH,8476432,B. Jenner,sog,over,1.5,0.579118,0.478725,0.100393,0.146654,1.98,2.02086,2,won
2026020053,2026-10-07,PIT,WSH,8476432,B. Jenner,points,over,0.5,0.405063,0.335463,0.0695999,0.113923,2.75,0.522005,0,lost
2026020053,2026-10-07,PIT,WSH,8476432,B. Jenner,assists,over,0.5,0.272615,0.244933,0.0276818,0.0223055,3.75,0.319314,0,lost
2026020053,2026-10-07,PIT,WSH,8476432,B. Jenner,sog,under,1.5,0.420882,0.521275,-0.100393,-0.229786,1.83,2.02086,2,lost
2026020053,2026-10-07,PIT,WSH,8476432,B. Jenner,points,under,0.5,0.594937,0.664537,-0.0695999,-0.137341,1.45,0.522005,0,won
2026020053,2026-10-07,PIT,WSH,8476432,B. Jenner,assists,under,0.5,0.727385,0.755067,-0.0276818,-0.0762208,1.27,0.319314,0,won
2026020053,2026-10-07,PIT,WSH,8476483,R. Rakell,assists,over,0.5,0.322764,0.322993,-0.000228448,-0.047846,2.95,0.391258,0,lost
2026020053,2026-10-07,PIT,WSH,8476483,R. Rakell,sog,over,2.5,0.4402,0.444403,-0.00420314,-0.0535705,2.15,2.48214,3,won
2026020053,2026-10-07,PIT,WSH,8476483,R. Rakell,points,over,0.5,0.517628,0.497539,0.0200886,-0.0113315,1.91,0.73438,0,lost
2026020053,2026-10-07,PIT,WSH,8476483,R. Rakell,goals,over,0.5,0.284599,0.267884,0.0167151,0.0245565,3.6,0.337732,0,lost
2026020053,2026-10-07,PIT,WSH,8476483,R. Rakell,assists,under,0.5,0.677236,0.677007,0.000228448,-0.0247803,1.44,0.391258,0,won
2026020053,2026-10-07,PIT,WSH,8476483,R. Rakell,sog,under,2.5,0.5598,0.555597,0.00420314,-0.0259476,1.74,2.48214,3,lost
2026020053,2026-10-07,PIT,WSH,8476483,R. Rakell,points,under,0.5,0.482372,0.502461,-0.0200886,-0.0786685,1.91,0.73438,0,won
2026020053,2026-10-07,PIT,WSH,8476880,T. Wilson,assists,over,0.5,0.353036,0.408809,-0.0557732,-0.170365,2.35,0.437366,2,won
2026020053,2026-10-07,PIT,WSH,8476880,T. Wilson,points,over,0.5,0.51436,0.550301,-0.0359408,-0.120445,1.71,0.727529,3,won
2026020053,2026-10-07,PIT,WSH,8476880,T. Wilson,sog,over,1.5,0.551495,0.62168,-0.0701852,-0.167243,1.51,1.91265,2,won
2026020053,2026-10-07,PIT,WSH,8476880,T. Wilson,goals,over,0.5,0.250569,0.277435,-0.0268664,-0.135538,3.45,0.290531,1,won
2026020053,2026-10-07,PIT,WSH,8476880,T. Wilson,assists,under,0.5,0.646964,0.591191,0.0557732,0.0674906,1.65,0.437366,2,lost
2026020053,2026-10-07,PIT,WSH,8476880,T. Wilson,points,under,0.5,0.48564,0.449699,0.0359408,0.0295572,2.12,0.727529,3,lost
2026020053,2026-10-07,PIT,WSH,8476880,T. Wilson,sog,under,1.5,0.448505,0.37832,0.0701852,0.0764127,2.4,1.91265,2,lost
2026020053,2026-10-07,PIT,WSH,8477845,T. van Riemsdyk,goals,over,0.5,0.0943506,0.0577185,0.0366321,1.73617,29,0.099349,0,lost
2026020053,2026-10-07,PIT,WSH,8477845,T. van Riemsdyk,points,over,0.5,0.251284,0.238357,0.0129267,-0.0074284,3.95,0.290235,0,lost
2026020053,2026-10-07,PIT,WSH,8477845,T. van Riemsdyk,assists,over,0.5,0.191784,0.207297,-0.015513,-0.175328,4.3,0.21338,0,lost
2026020053,2026-10-07,PIT,WSH,8477845,T. van Riemsdyk,points,under,0.5,0.748716,0.761643,-0.0129267,-0.0491306,1.27,0.290235,0,won
2026020053,2026-10-07,PIT,WSH,8477845,T. van Riemsdyk,assists,under,0.5,0.808216,0.792703,0.015513,-0.0220588,1.21,0.21338,0,won
2026020053,2026-10-07,PIT,WSH,8477949,A. Tuch,assists,over,0.5,0.309806,0.342654,-0.0328487,-0.179015,2.65,0.37216,0,lost
2026020053,2026-10-07,PIT,WSH,8477949,A. Tuch,points,over,0.5,0.548013,0.558234,-0.0102203,-0.0738574,1.69,0.800442,1,won
2026020053,2026-10-07,PIT,WSH,8477949,A. Tuch,sog,over,2.5,0.432821,0.458257,-0.0254363,-0.0910767,2.1,2.45058,6,won
2026020053,2026-10-07,PIT,WSH,8477949,A. Tuch,goals,over,0.5,0.338991,0.322422,0.0165691,0.016974,3,0.418303,1,won
2026020053,2026-10-07,PIT,WSH,8477949,A. Tuch,assists,under,0.5,0.690194,0.657346,0.0328487,0.000781795,1.45,0.37216,0,won
2026020053,2026-10-07,PIT,WSH,8477949,A. Tuch,points,under,0.5,0.451987,0.441766,0.0102203,-0.0191891,2.17,0.800442,1,lost
2026020053,2026-10-07,PIT,WSH,8477949,A. Tuch,sog,under,2.5,0.567179,0.541743,0.0254363,0.0379383,1.83,2.45058,6,lost
2026020053,2026-10-07,PIT,WSH,8478438,T. Novak,points,over,0.5,0.413435,0.41729,-0.00385515,-0.0656365,2.26,0.536328,1,won
2026020053,2026-10-07,PIT,WSH,8478438,T. Novak,assists,over,0.5,0.268483,0.293639,-0.0251558,-0.167703,3.1,0.313614,0,lost
2026020053,2026-10-07,PIT,WSH,8478438,T. Novak,goals,over,0.5,0.198733,0.188474,0.0102591,-0.00633709,5,0.222792,1,won
2026020053,2026-10-07,PIT,WSH,8478438,T. Novak,sog,over,1.5,0.491964,0.504524,-0.0125606,-0.0800281,1.87,1.69678,3,won
2026020053,2026-10-07,PIT,WSH,8478438,T. Novak,points,under,0.5,0.586565,0.58271,0.00385515,-0.032168,1.65,0.536328,1,lost
2026020053,2026-10-07,PIT,WSH,8478438,T. Novak,assists,under,0.5,0.731517,0.706361,0.0251558,-0.0124518,1.35,0.313614,0,won
2026020053,2026-10-07,PIT,WSH,8478438,T. Novak,sog,under,1.5,0.508036,0.495476,0.0125606,0.000831705,1.97,1.69678,3,lost
2026020053,2026-10-07,PIT,WSH,8478440,D. Strome,goals,over,0.5,0.179787,0.237203,-0.0574154,-0.235904,4.25,0.199177,0,lost
2026020053,2026-10-07,PIT,WSH,8478440,D. Strome,assists,over,0.5,0.314169,0.414224,-0.100054,-0.27741,2.3,0.378551,1,won
2026020053,2026-10-07,PIT,WSH,8478440,D. Strome,points,over,0.5,0.44295,0.546269,-0.103319,-0.215978,1.77,0.588537,1,won
2026020053,2026-10-07,PIT,WSH,8478440,D. Strome,sog,over,1.5,0.430474,0.534007,-0.103533,-0.233756,1.78,1.49309,1,lost
2026020053,2026-10-07,PIT,WSH,8478440,D. Strome,assists,under,0.5,0.685831,0.585776,0.100054,0.13162,1.65,0.378551,1,lost
2026020053,2026-10-07,PIT,WSH,8478440,D. Strome,points,under,0.5,0.55705,0.453731,0.103319,0.197657,2.15,0.588537,1,lost
2026020053,2026-10-07,PIT,WSH,8478440,D. Strome,sog,under,1.5,0.569526,0.465993,0.103533,0.167528,2.05,1.49309,1,won
2026020053,2026-10-07,PIT,WSH,8478463,A. Beauvillier,goals,over,0.5,0.171351,0.211628,-0.0402769,-0.160381,4.9,0.188844,1,won
2026020053,2026-10-07,PIT,WSH,8478463,A. Beauvillier,points,over,0.5,0.325317,0.355972,-0.0306554,-0.150924,2.61,0.395064,1,won
2026020053,2026-10-07,PIT,WSH,8478463,A. Beauvillier,sog,over,1.5,0.461732,0.482888,-0.0211556,-0.0765352,2,1.59456,1,lost
2026020053,2026-10-07,PIT,WSH,8478463,A. Beauvillier,assists,over,0.5,0.208687,0.220232,-0.0115445,-0.165252,4,0.23461,0,lost
2026020053,2026-10-07,PIT,WSH,8478463,A. Beauvillier,points,under,0.5,0.674683,0.644028,0.0306554,-0.0014685,1.48,0.395064,1,lost
2026020053,2026-10-07,PIT,WSH,8478463,A. Beauvillier,sog,under,1.5,0.538268,0.517112,0.0211556,0.00656038,1.87,1.59456,1,won
2026020053,2026-10-07,PIT,WSH,8478463,A. Beauvillier,assists,under,0.5,0.791313,0.779768,0.0115445,-0.0345981,1.22,0.23461,0,won
2026020053,2026-10-07,PIT,WSH,8479345,J. Chychrun,points,over,0.5,0.497532,0.545955,-0.048423,-0.134295,1.74,0.692981,0,lost
2026020053,2026-10-07,PIT,WSH,8479345,J. Chychrun,assists,over,0.5,0.339451,0.427704,-0.0882531,-0.253208,2.2,0.416408,0,lost
2026020053,2026-10-07,PIT,WSH,8479345,J. Chychrun,sog,over,2.5,0.27028,0.471397,-0.201117,-0.432412,2.1,1.79153,1,lost
2026020053,2026-10-07,PIT,WSH,8479345,J. Chychrun,goals,over,0.5,0.232266,0.225081,0.00718575,0.0103586,4.35,0.266067,0,lost
2026020053,2026-10-07,PIT,WSH,8479345,J. Chychrun,points,under,0.5,0.502468,0.454045,0.048423,0.0451338,2.08,0.692981,0,won
2026020053,2026-10-07,PIT,WSH,8479345,J. Chychrun,assists,under,0.5,0.660549,0.572296,0.0882531,0.103117,1.67,0.416408,0,won
2026020053,2026-10-07,PIT,WSH,8479345,J. Chychrun,sog,under,2.5,0.72972,0.528603,0.201117,0.335387,1.83,1.79153,1,won
2026020053,2026-10-07,PIT,WSH,8479385,J. Kyrou,points,over,0.5,0.392131,0.451211,-0.0590803,-0.176526,2.1,0.500281,1,won
2026020053,2026-10-07,PIT,WSH,8479385,J. Kyrou,assists,over,0.5,0.268957,0.301825,-0.0328677,-0.206577,2.95,0.314266,1,won
2026020053,2026-10-07,PIT,WSH,8479385,J. Kyrou,goals,over,0.5,0.152841,0.2632,-0.110359,-0.426847,3.75,0.166556,0,lost
2026020053,2026-10-07,PIT,WSH,8479385,J. Kyrou,sog,over,1.5,0.515068,0.589298,-0.0742301,-0.150138,1.65,1.77805,1,lost
2026020053,2026-10-07,PIT,WSH,8479385,J. Kyrou,points,under,0.5,0.607869,0.548789,0.0590803,0.0698502,1.76,0.500281,1,lost
2026020053,2026-10-07,PIT,WSH,8479385,J. Kyrou,assists,under,0.5,0.731043,0.698175,0.0328677,0.0015291,1.37,0.314266,1,lost
2026020053,2026-10-07,PIT,WSH,8479385,J. Kyrou,sog,under,1.5,0.484932,0.410702,0.0742301,0.125042,2.32,1.77805,1,won
2026020053,2026-10-07,PIT,WSH,8479398,S. Girard,points,over,0.5,0.346907,0.28283,0.0640772,0.110104,3.2,0.427857,1,won
2026020053,2026-10-07,PIT,WSH,8479398,S. Girard,assists,over,0.5,0.257994,0.253358,0.00463636,-0.122819,3.4,0.299291,1,won
2026020053,2026-10-07,PIT,WSH,8479398,S. Girard,goals,over,0.5,0.101115,0.0907673,0.0103473,0.213376,12,0.106884,0,lost
2026020053,2026-10-07,PIT,WSH,8479398,S. Girard,points,under,0.5,0.653093,0.71717,-0.0640772,-0.131387,1.33,0.427857,1,lost
2026020053,2026-10-07,PIT,WSH,8479398,S. Girard,assists,under,0.5,0.742006,0.746642,-0.00463636,-0.0576529,1.27,0.299291,1,lost
2026020053,2026-10-07,PIT,WSH,8479400,P. Dubois,points,over,0.5,0.46806,0.528201,-0.0601413,-0.14345,1.83,0.635226,2,won
2026020053,2026-10-07,PIT,WSH,8479400,P. Dubois,sog,over,1.5,0.380132,0.518325,-0.138193,-0.285353,1.88,1.33706,3,won
2026020053,2026-10-07,PIT,WSH,8479400,P. Dubois,goals,over,0.5,0.139635,0.22262,-0.0829846,-0.399568,4.3,0.150966,1,won
2026020053,2026-10-07,PIT,WSH,8479400,P. Dubois,assists,over,0.5,0.339754,0.400083,-0.0603293,-0.18459,2.4,0.416871,1,won
2026020053,2026-10-07,PIT,WSH,8479400,P. Dubois,points,under,0.5,0.53194,0.471799,0.0601413,0.0904767,2.05,0.635226,2,lost
2026020053,2026-10-07,PIT,WSH,8479400,P. Dubois,sog,under,1.5,0.619868,0.481675,0.138193,0.239737,2,1.33706,3,lost
2026020053,2026-10-07,PIT,WSH,8479400,P. Dubois,assists,under,0.5,0.660246,0.599917,0.0603293,0.0695985,1.62,0.416871,1,lost
2026020053,2026-10-07,PIT,WSH,8479576,V. Desharnais,points,over,0.5,0.195629,0.242857,-0.0472285,-0.3153,3.5,0.218169,0,lost
2026020053,2026-10-07,PIT,WSH,8479576,V. Desharnais,assists,over,0.5,0.181306,0.211538,-0.030232,-0.292905,3.9,0.200446,0,lost
2026020053,2026-10-07,PIT,WSH,8479576,V. Desharnais,goals,over,0.5,0.044306,0.0689191,-0.0246131,-0.069575,21,0.0453688,0,lost
2026020053,2026-10-07,PIT,WSH,8479576,V. Desharnais,points,under,0.5,0.804371,0.757143,0.0472285,0.00546425,1.25,0.218169,0,won
2026020053,2026-10-07,PIT,WSH,8479576,V. Desharnais,assists,under,0.5,0.818694,0.788462,0.030232,-0.0175678,1.2,0.200446,0,won
2026020053,2026-10-07,PIT,WSH,8480043,T. Liljegren,points,over,0.5,0.236769,0.324925,-0.0881562,-0.322841,2.86,0.270926,0,lost
2026020053,2026-10-07,PIT,WSH,8480043,T. Liljegren,assists,over,0.5,0.18665,0.321429,-0.134779,-0.477381,2.8,0.207021,0,lost
2026020053,2026-10-07,PIT,WSH,8480043,T. Liljegren,goals,over,0.5,0.0816245,0.0581985,0.023426,0.714115,21,0.0853304,0,lost
2026020053,2026-10-07,PIT,WSH,8480043,T. Liljegren,points,under,0.5,0.763231,0.675075,0.0881562,0.0914205,1.43,0.270926,0,won
2026020053,2026-10-07,PIT,WSH,8480043,T. Liljegren,assists,under,0.5,0.81335,0.678571,0.134779,0.13869,1.4,0.207021,0,won
2026020053,2026-10-07,PIT,WSH,8480796,M. Fehérváry,points,over,0.5,0.326005,0.27586,0.0501444,0.108416,3.4,0.396093,0,lost
2026020053,2026-10-07,PIT,WSH,8480796,M. Fehérváry,goals,over,0.5,0.0980882,0.0639524,0.0341358,1.05985,21,0.103505,0,lost
2026020053,2026-10-07,PIT,WSH,8480796,M. Fehérváry,assists,over,0.5,0.250607,0.242846,0.00776079,0.00242803,4,0.289326,0,lost
2026020053,2026-10-07,PIT,WSH,8480796,M. Fehérváry,points,under,0.5,0.673995,0.72414,-0.0501444,-0.0968462,1.34,0.396093,0,won
2026020053,2026-10-07,PIT,WSH,8480796,M. Fehérváry,assists,under,0.5,0.749393,0.757154,-0.00776079,-0.033283,1.29,0.289326,0,won
2026020053,2026-10-07,PIT,WSH,8480980,C. Dewar,sog,over,1.5,0.363317,0.450568,-0.0872505,-0.226134,2.13,1.28661,0,lost
2026020053,2026-10-07,PIT,WSH,8480980,C. Dewar,points,over,0.5,0.286985,0.293532,-0.00654738,-0.139045,3,0.339399,0,lost
2026020053,2026-10-07,PIT,WSH,8480980,C. Dewar,assists,over,0.5,0.218869,0.194601,0.024268,-0.102638,4.1,0.247623,0,lost
2026020053,2026-10-07,PIT,WSH,8480980,C. Dewar,goals,over,0.5,0.0985535,0.117189,-0.0186354,-0.162295,8.5,0.104024,0,lost
2026020053,2026-10-07,PIT,WSH,8480980,C. Dewar,sog,under,1.5,0.636683,0.549432,0.0872505,0.0887276,1.71,1.28661,0,won
2026020053,2026-10-07,PIT,WSH,8480980,C. Dewar,points,under,0.5,0.713015,0.706468,0.00654738,-0.0445598,1.34,0.339399,0,won
2026020053,2026-10-07,PIT,WSH,8480980,C. Dewar,assists,under,0.5,0.781131,0.805399,-0.024268,-0.0860765,1.17,0.247623,0,won
2026020053,2026-10-07,PIT,WSH,8481481,B. Lizotte,points,over,0.5,0.258223,0.305964,-0.0477406,-0.256317,2.88,0.299601,1,won
2026020053,2026-10-07,PIT,WSH,8481481,B. Lizotte,assists,over,0.5,0.18747,0.225299,-0.0378291,-0.306361,3.7,0.208034,1,won
2026020053,2026-10-07,PIT,WSH,8481481,B. Lizotte,goals,over,0.5,0.101905,0.116237,-0.0143318,-0.0319024,9.5,0.107769,0,lost
2026020053,2026-10-07,PIT,WSH,8481481,B. Lizotte,points,under,0.5,0.741777,0.694036,0.0477406,0.00881617,1.36,0.299601,1,lost
2026020053,2026-10-07,PIT,WSH,8481481,B. Lizotte,assists,under,0.5,0.81253,0.774701,0.0378291,-0.00871334,1.22,0.208034,1,lost
2026020053,2026-10-07,PIT,WSH,8481527,K. Korczak,points,over,0.5,0.225625,0.194601,0.0310241,-0.0749381,4.1,0.256354,1,won
2026020053,2026-10-07,PIT,WSH,8481527,K. Korczak,assists,over,0.5,0.165262,0.17504,-0.00977739,-0.272845,4.4,0.180965,1,won
2026020053,2026-10-07,PIT,WSH,8481527,K. Korczak,goals,over,0.5,0.0250001,0.0487607,-0.0237606,-0.424998,23,0.0253339,0,lost
2026020053,2026-10-07,PIT,WSH,8481527,K. Korczak,points,under,0.5,0.774375,0.805399,-0.0310241,-0.0939811,1.17,0.256354,1,lost
2026020053,2026-10-07,PIT,WSH,8481527,K. Korczak,assists,under,0.5,0.834738,0.82496,0.00977739,-0.0483992,1.14,0.180965,1,lost
2026020053,2026-10-07,PIT,WSH,8481582,N. Robertson,assists,over,0.5,0.123472,0.186613,-0.0631403,-0.475243,4.25,0.131961,0,lost
2026020053,2026-10-07,PIT,WSH,8481582,N. Robertson,sog,over,1.5,0.439084,0.435414,0.00367012,-0.0427958,2.18,1.52065,1,lost
2026020053,2026-10-07,PIT,WSH,8481582,N. Robertson,points,over,0.5,0.27903,0.304767,-0.0257364,-0.190812,2.9,0.328231,1,won
2026020053,2026-10-07,PIT,WSH,8481582,N. Robertson,goals,over,0.5,0.179517,0.165821,0.0136961,0.0771041,6,0.198844,1,won
2026020053,2026-10-07,PIT,WSH,8481582,N. Robertson,assists,under,0.5,0.876528,0.813387,0.0631403,0.0167721,1.16,0.131961,0,won
2026020053,2026-10-07,PIT,WSH,8481582,N. Robertson,sog,under,1.5,0.560916,0.564586,-0.00367012,-0.0632711,1.67,1.52065,1,won
2026020053,2026-10-07,PIT,WSH,8481582,N. Robertson,points,under,0.5,0.72097,0.695233,0.0257364,-0.0194813,1.36,0.328231,1,lost
2026020053,2026-10-07,PIT,WSH,8481656,A. Protas,assists,over,0.5,0.293025,0.275431,0.0175938,0.0109374,3.45,0.347966,0,lost
2026020053,2026-10-07,PIT,WSH,8481656,A. Protas,sog,over,1.5,0.503504,0.455604,0.0479,0.0573581,2.1,1.73701,1,lost
2026020053,2026-10-07,PIT,WSH,8481656,A. Protas,points,over,0.5,0.436019,0.404503,0.0315156,0.00284286,2.3,0.576027,0,lost
2026020053,2026-10-07,PIT,WSH,8481656,A. Protas,goals,over,0.5,0.204642,0.202751,0.00189008,-0.0381849,4.7,0.230278,0,lost
2026020053,2026-10-07,PIT,WSH,8481656,A. Protas,sog,under,1.5,0.496496,0.544396,-0.0479,-0.121202,1.77,1.73701,1,won
2026020053,2026-10-07,PIT,WSH,8481656,A. Protas,points,under,0.5,0.563981,0.595497,-0.0315156,-0.09199,1.61,0.576027,0,won
2026020053,2026-10-07,PIT,WSH,8481656,A. Protas,assists,under,0.5,0.706975,0.724569,-0.0175938,-0.0526539,1.34,0.347966,0,won
2026020053,2026-10-07,PIT,WSH,8482088,J. Sourdif,goals,over,0.5,0.17693,0.145178,0.0317519,0.23851,7,0.195665,0,lost
2026020053,2026-10-07,PIT,WSH,8482088,J. Sourdif,sog,over,1.5,0.322296,0.40409,-0.0817946,-0.239382,2.36,1.16625,0,lost
2026020053,2026-10-07,PIT,WSH,8482088,J. Sourdif,assists,over,0.5,0.240366,0.262756,-0.0223899,-0.122665,3.65,0.275675,0,lost
2026020053,2026-10-07,PIT,WSH,8482088,J. Sourdif,points,over,0.5,0.367398,0.349568,0.0178301,-0.0263947,2.65,0.460017,0,lost
2026020053,2026-10-07,PIT,WSH,8482088,J. Sourdif,sog,under,1.5,0.677704,0.59591,0.0817946,0.091104,1.61,1.16625,0,won
2026020053,2026-10-07,PIT,WSH,8482088,J. Sourdif,assists,under,0.5,0.759634,0.737244,0.0223899,0.0103135,1.33,0.275675,0,won
2026020053,2026-10-07,PIT,WSH,8482088,J. Sourdif,points,under,0.5,0.632602,0.650432,-0.0178301,-0.0637494,1.48,0.460017,0,won
2026020053,2026-10-07,PIT,WSH,8482148,H. Lapierre,points,over,0.5,0.262366,0.322141,-0.0597755,-0.226021,2.95,0.305235,0,lost
2026020053,2026-10-07,PIT,WSH,8482148,H. Lapierre,assists,over,0.5,0.163546,0.194601,-0.0310548,-0.329461,4.1,0.178903,0,lost
2026020053,2026-10-07,PIT,WSH,8482148,H. Lapierre,goals,over,0.5,0.111698,0.190585,-0.0788866,-0.385659,5.5,0.118795,0,lost
2026020053,2026-10-07,PIT,WSH,8482148,H. Lapierre,points,under,0.5,0.737634,0.677859,0.0597755,0.0695695,1.45,0.305235,0,won
2026020053,2026-10-07,PIT,WSH,8482148,H. Lapierre,assists,under,0.5,0.836454,0.805399,0.0310548,-0.0213489,1.17,0.178903,0,won
2026020053,2026-10-07,PIT,WSH,8482758,V. Koivunen,assists,over,0.5,0.166321,0.214906,-0.0485846,-0.334716,4,0.182238,0,lost
2026020053,2026-10-07,PIT,WSH,8482758,V. Koivunen,points,over,0.5,0.251538,0.295629,-0.0440908,-0.220231,3.1,0.290576,0,lost
2026020053,2026-10-07,PIT,WSH,8482758,V. Koivunen,goals,over,0.5,0.112994,0.143144,-0.0301499,-0.209042,7,0.120264,0,lost
2026020053,2026-10-07,PIT,WSH,8482758,V. Koivunen,assists,under,0.5,0.833679,0.785094,0.0485846,0.033762,1.24,0.182238,0,won
2026020053,2026-10-07,PIT,WSH,8482758,V. Koivunen,points,under,0.5,0.748462,0.704371,0.0440908,0.0328772,1.38,0.290576,0,won
2026020053,2026-10-07,PIT,WSH,8483398,D. Carlile,goals,over,0.5,0.131247,0.0783705,0.0528765,1.09995,16,0.141192,0,lost
2026020053,2026-10-07,PIT,WSH,8483398,D. Carlile,points,over,0.5,0.264982,0.225299,0.0396828,-0.0195672,3.7,0.30881,0,lost
2026020053,2026-10-07,PIT,WSH,8483398,D. Carlile,assists,over,0.5,0.168377,0.180691,-0.0123142,-0.270929,4.33,0.184716,0,lost
2026020053,2026-10-07,PIT,WSH,8483398,D. Carlile,points,under,0.5,0.735018,0.774701,-0.0396828,-0.103278,1.22,0.30881,0,won
2026020053,2026-10-07,PIT,WSH,8483398,D. Carlile,assists,under,0.5,0.831623,0.819309,0.0123142,-0.0436331,1.15,0.184716,0,won
2026020053,2026-10-07,PIT,WSH,8484186,R. Leonard,sog,over,1.5,0.587863,0.52766,0.0602028,0.0993038,1.87,2.05638,2,won
2026020053,2026-10-07,PIT,WSH,8484186,R. Leonard,goals,over,0.5,0.235134,0.232951,0.0021828,-0.000681622,4.25,0.269859,1,won
2026020053,2026-10-07,PIT,WSH,8484186,R. Leonard,points,over,0.5,0.39749,0.391206,0.00628434,-0.0460229,2.4,0.509227,1,won
2026020053,2026-10-07,PIT,WSH,8484186,R. Leonard,assists,over,0.5,0.206915,0.230176,-0.0232608,-0.172339,4,0.232363,0,lost
2026020053,2026-10-07,PIT,WSH,8484186,R. Leonard,sog,under,1.5,0.412137,0.47234,-0.0602028,-0.134512,2.1,2.05638,2,lost
2026020053,2026-10-07,PIT,WSH,8484186,R. Leonard,points,under,0.5,0.60251,0.608794,-0.00628434,-0.05406,1.57,0.509227,1,lost
2026020053,2026-10-07,PIT,WSH,8484186,R. Leonard,assists,under,0.5,0.793085,0.769824,0.0232608,0.00721768,1.27,0.232363,0,won
2026020053,2026-10-07,PIT,WSH,8484873,C. Hutson,points,over,0.5,0.378829,0.412833,-0.0340037,-0.128693,2.3,0.478423,1,won
2026020053,2026-10-07,PIT,WSH,8484873,C. Hutson,sog,over,1.5,0.42065,0.509506,-0.0888561,-0.200765,1.9,1.46198,3,won
2026020053,2026-10-07,PIT,WSH,8484873,C. Hutson,assists,over,0.5,0.247214,0.315911,-0.0686971,-0.245997,3.05,0.284782,1,won
2026020053,2026-10-07,PIT,WSH,8484873,C. Hutson,goals,over,0.5,0.170517,0.152774,0.0177423,0.108358,6.5,0.187829,0,lost
2026020053,2026-10-07,PIT,WSH,8484873,C. Hutson,points,under,0.5,0.621171,0.587167,0.0340037,0.0373555,1.67,0.478423,1,lost
2026020053,2026-10-07,PIT,WSH,8484873,C. Hutson,sog,under,1.5,0.57935,0.490494,0.0888561,0.129733,1.95,1.46198,3,lost
2026020053,2026-10-07,PIT,WSH,8484873,C. Hutson,assists,under,0.5,0.752786,0.684089,0.0686971,0.076484,1.43,0.284782,1,lost
2026020053,2026-10-07,PIT,WSH,8484999,I. Protas,goals,over,0.5,0.159559,0.244766,-0.0852068,-0.377719,3.9,0.174586,0,lost
2026020053,2026-10-07,PIT,WSH,8484999,I. Protas,assists,over,0.5,0.271945,0.281684,-0.00973952,-0.102583,3.3,0.318387,0,lost
2026020053,2026-10-07,PIT,WSH,8484999,I. Protas,sog,over,1.5,0.390782,0.380159,0.0106226,-0.0386766,2.46,1.36941,1,lost
2026020053,2026-10-07,PIT,WSH,8484999,I. Protas,points,over,0.5,0.401434,0.418697,-0.0172629,-0.0767017,2.3,0.515861,0,lost
2026020053,2026-10-07,PIT,WSH,8484999,I. Protas,assists,under,0.5,0.728055,0.718316,0.00973952,-0.0244057,1.34,0.318387,0,won
2026020053,2026-10-07,PIT,WSH,8484999,I. Protas,sog,under,1.5,0.609218,0.619841,-0.0106226,-0.0678963,1.53,1.36941,1,won
2026020053,2026-10-07,PIT,WSH,8484999,I. Protas,points,under,0.5,0.598566,0.581303,0.0172629,-0.000394819,1.67,0.515861,0,won
2026020053,2026-10-07,PIT,WSH,8485414,B. Kindel,sog,over,1.5,0.478267,0.587632,-0.109366,-0.220425,1.63,1.64993,2,won
2026020053,2026-10-07,PIT,WSH,8485414,B. Kindel,assists,over,0.5,0.215928,0.235084,-0.0191554,-0.15788,3.9,0.243848,1,won
2026020053,2026-10-07,PIT,WSH,8485414,B. Kindel,points,over,0.5,0.353012,0.372627,-0.0196147,-0.11747,2.5,0.437329,1,won
2026020053,2026-10-07,PIT,WSH,8485414,B. Kindel,goals,over,0.5,0.17864,0.197268,-0.0186282,-0.124663,4.9,0.197765,0,lost
2026020053,2026-10-07,PIT,WSH,8485414,B. Kindel,sog,under,1.5,0.521733,0.412368,0.109366,0.199987,2.3,1.64993,2,lost
2026020053,2026-10-07,PIT,WSH,8485414,B. Kindel,points,under,0.5,0.646988,0.627373,0.0196147,-0.0101082,1.53,0.437329,1,lost
2026020053,2026-10-07,PIT,WSH,8485414,B. Kindel,assists,under,0.5,0.784072,0.764916,0.0191554,-0.00422895,1.27,0.243848,1,lost
2026020054,2026-10-07,COL,WPG,8470613,B. Burns,goals,over,0.5,0.114364,0.0953111,0.0190525,0.372364,12,0.121818,0,lost
2026020054,2026-10-07,COL,WPG,8470613,B. Burns,sog,over,1.5,0.468367,0.498677,-0.0303105,-0.10542,1.91,1.61662,2,won
2026020054,2026-10-07,COL,WPG,8470613,B. Burns,sog,under,1.5,0.531633,0.501323,0.0303105,-0.00584548,1.87,1.61662,2,lost
2026020054,2026-10-07,COL,WPG,8475172,N. Kadri,points,over,0.5,0.406985,0.534059,-0.127074,-0.267427,1.8,0.525275,0,lost
2026020054,2026-10-07,COL,WPG,8475172,N. Kadri,sog,over,2.5,0.371261,0.439512,-0.0682513,-0.20179,2.15,2.19469,4,won
2026020054,2026-10-07,COL,WPG,8475172,N. Kadri,assists,over,0.5,0.277113,0.371852,-0.0947392,-0.321073,2.45,0.325557,0,lost
2026020054,2026-10-07,COL,WPG,8475172,N. Kadri,goals,over,0.5,0.178009,0.280769,-0.10276,-0.385868,3.45,0.19699,0,lost
2026020054,2026-10-07,COL,WPG,8475172,N. Kadri,points,under,0.5,0.593015,0.465941,0.127074,0.215681,2.05,0.525275,0,won
2026020054,2026-10-07,COL,WPG,8475172,N. Kadri,sog,under,2.5,0.628739,0.560488,0.0682513,0.0940066,1.74,2.19469,4,lost
2026020054,2026-10-07,COL,WPG,8475172,N. Kadri,assists,under,0.5,0.722887,0.628148,0.0947392,0.0915596,1.51,0.325557,0,won
2026020054,2026-10-07,COL,WPG,8475754,B. Nelson,sog,over,1.5,0.564906,0.580484,-0.0155775,-0.0396591,1.7,1.96447,0,lost
2026020054,2026-10-07,COL,WPG,8475754,B. Nelson,points,over,0.5,0.526611,0.487534,0.0390766,0.0268906,1.95,0.753458,0,lost
2026020054,2026-10-07,COL,WPG,8475754,B. Nelson,goals,over,0.5,0.222371,0.284975,-0.0626034,-0.255056,3.35,0.253094,0,lost
2026020054,2026-10-07,COL,WPG,8475754,B. Nelson,assists,over,0.5,0.388004,0.292333,0.0956715,0.241614,3.2,0.493449,0,lost
2026020054,2026-10-07,COL,WPG,8475754,B. Nelson,points,under,0.5,0.473389,0.512466,-0.0390766,-0.114762,1.87,0.753458,0,won
2026020054,2026-10-07,COL,WPG,8475754,B. Nelson,sog,under,1.5,0.435094,0.419516,0.0155775,0.02247,2.35,1.96447,0,won
2026020054,2026-10-07,COL,WPG,8475754,B. Nelson,assists,under,0.5,0.611996,0.707667,-0.0956715,-0.155446,1.38,0.493449,0,won
2026020054,2026-10-07,COL,WPG,8475768,J. Schwartz,points,over,0.5,0.390962,0.398991,-0.00802875,-0.0929681,2.32,0.498342,2,won
2026020054,2026-10-07,COL,WPG,8475768,J. Schwartz,assists,over,0.5,0.279806,0.277462,0.00234378,-0.104621,3.2,0.329314,1,won
2026020054,2026-10-07,COL,WPG,8475768,J. Schwartz,goals,over,0.5,0.137005,0.197558,-0.0605528,-0.314975,5,0.147891,1,won
2026020054,2026-10-07,COL,WPG,8475768,J. Schwartz,points,under,0.5,0.609038,0.601009,0.00802875,-0.03772,1.58,0.498342,2,lost
2026020054,2026-10-07,COL,WPG,8475768,J. Schwartz,assists,under,0.5,0.720194,0.722538,-0.00234378,-0.0493438,1.32,0.329314,1,lost
2026020054,2026-10-07,COL,WPG,8475799,N. Niederreiter,goals,over,0.5,0.0911981,0.169924,-0.0787254,-0.49841,5.5,0.0958571,,void
2026020054,2026-10-07,COL,WPG,8476312,J. Manson,assists,over,0.5,0.232389,0.236508,-0.00411845,-0.128539,3.75,0.265174,0,lost
2026020054,2026-10-07,COL,WPG,8476312,J. Manson,goals,over,0.5,0.104802,0.0725749,0.0322271,0.676833,16,0.111017,0,lost
2026020054,2026-10-07,COL,WPG,8476312,J. Manson,points,over,0.5,0.325329,0.269153,0.0561759,0.0833461,3.33,0.395083,0,lost
2026020054,2026-10-07,COL,WPG,8476312,J. Manson,assists,under,0.5,0.767611,0.763492,0.00411845,-0.0328108,1.26,0.265174,0,won
2026020054,2026-10-07,COL,WPG,8476312,J. Manson,points,under,0.5,0.674671,0.730847,-0.0561759,-0.116181,1.31,0.395083,0,won
2026020054,2026-10-07,COL,WPG,8476331,D. DeMelo,goals,over,0.5,0.114667,0.0673349,0.0473325,1.52268,22,0.122163,0,lost
2026020054,2026-10-07,COL,WPG,8476392,A. Lowry,goals,over,0.5,0.139471,0.142963,-0.00349178,-0.0237023,7,0.150774,0,lost
2026020054,2026-10-07,COL,WPG,8476392,A. Lowry,assists,over,0.5,0.248825,0.212115,0.0367102,0.0201841,4.1,0.286937,0,lost
2026020054,2026-10-07,COL,WPG,8476392,A. Lowry,points,over,0.5,0.346052,0.300677,0.0453749,0.0519987,3.04,0.426537,0,lost
2026020054,2026-10-07,COL,WPG,8476392,A. Lowry,assists,under,0.5,0.751175,0.787885,-0.0367102,-0.083567,1.22,0.286937,0,won
2026020054,2026-10-07,COL,WPG,8476392,A. Lowry,points,under,0.5,0.653948,0.699323,-0.0453749,-0.104092,1.37,0.426537,0,won
2026020054,2026-10-07,COL,WPG,8476455,G. Landeskog,sog,over,1.5,0.563785,0.561784,0.00200044,-0.0190146,1.74,1.96008,3,won
2026020054,2026-10-07,COL,WPG,8476455,G. Landeskog,goals,over,0.5,0.242067,0.244092,-0.00202541,-0.0559389,3.9,0.27909,0,lost
2026020054,2026-10-07,COL,WPG,8476455,G. Landeskog,points,over,0.5,0.437438,0.465047,-0.0276085,-0.0988776,2.06,0.578576,0,lost
2026020054,2026-10-07,COL,WPG,8476455,G. Landeskog,assists,over,0.5,0.260919,0.292222,-0.0313022,-0.19115,3.1,0.303264,0,lost
2026020054,2026-10-07,COL,WPG,8476455,G. Landeskog,sog,under,1.5,0.436215,0.438216,-0.00200044,-0.0403264,2.2,1.96008,3,lost
2026020054,2026-10-07,COL,WPG,8476455,G. Landeskog,points,under,0.5,0.562562,0.534953,0.0276085,0.0294884,1.83,0.578576,0,won
2026020054,2026-10-07,COL,WPG,8476455,G. Landeskog,assists,under,0.5,0.739081,0.707778,0.0313022,0.0051495,1.36,0.303264,0,won
2026020054,2026-10-07,COL,WPG,8476460,M. Scheifele,points,over,0.5,0.62649,0.624037,0.00245267,-0.0352054,1.54,0.994573,2,won
2026020054,2026-10-07,COL,WPG,8476460,M. Scheifele,sog,over,1.5,0.605252,0.602968,0.00228352,-0.0255448,1.61,2.12897,1,lost
2026020054,2026-10-07,COL,WPG,8476460,M. Scheifele,assists,over,0.5,0.476626,0.4756,0.00102602,-0.0467482,2,0.651669,2,won
2026020054,2026-10-07,COL,WPG,8476460,M. Scheifele,goals,over,0.5,0.263252,0.294539,-0.0312879,-0.144433,3.25,0.307854,0,lost
2026020054,2026-10-07,COL,WPG,8476460,M. Scheifele,points,under,0.5,0.37351,0.375963,-0.00245267,-0.0774302,2.47,0.994573,2,lost
2026020054,2026-10-07,COL,WPG,8476460,M. Scheifele,assists,under,0.5,0.523374,0.5244,-0.00102602,-0.0422254,1.83,0.651669,2,lost
2026020054,2026-10-07,COL,WPG,8476460,M. Scheifele,sog,under,1.5,0.394748,0.397032,-0.00228352,-0.0723415,2.35,2.12897,1,won
2026020054,2026-10-07,COL,WPG,8476480,V. Namestnikov,goals,over,0.5,0.0909063,0.140519,-0.0496128,-0.318203,7.5,0.0955346,0,lost
2026020054,2026-10-07,COL,WPG,8476967,B. Kulak,goals,over,0.5,0.0412535,0.0721529,-0.0308994,-0.216184,19,0.0421729,0,lost
2026020054,2026-10-07,COL,WPG,8477476,A. Lehkonen,goals,over,0.5,0.279031,0.274357,0.00467412,0.00451282,3.6,0.32985,0,lost
2026020054,2026-10-07,COL,WPG,8477476,A. Lehkonen,points,over,0.5,0.499831,0.503874,-0.0040438,-0.0253302,1.95,0.697631,0,lost
2026020054,2026-10-07,COL,WPG,8477476,A. Lehkonen,assists,over,0.5,0.309782,0.319275,-0.0094936,-0.00869834,3.2,0.372125,0,lost
2026020054,2026-10-07,COL,WPG,8477476,A. Lehkonen,sog,over,1.5,0.537724,0.557962,-0.0202376,-0.0482279,1.77,1.86076,0,lost
2026020054,2026-10-07,COL,WPG,8477476,A. Lehkonen,points,under,0.5,0.500169,0.496126,0.0040438,-0.0296715,1.94,0.697631,0,won
2026020054,2026-10-07,COL,WPG,8477476,A. Lehkonen,assists,under,0.5,0.690218,0.680725,0.0094936,0.021523,1.48,0.372125,0,won
2026020054,2026-10-07,COL,WPG,8477476,A. Lehkonen,sog,under,1.5,0.462276,0.442038,0.0202376,0.0401202,2.25,1.86076,0,won
2026020054,2026-10-07,COL,WPG,8477492,N. MacKinnon,sog,over,3.5,0.515313,0.526792,-0.0114793,-0.0363645,1.87,3.85894,1,lost
2026020054,2026-10-07,COL,WPG,8477492,N. MacKinnon,goals,over,0.5,0.367678,0.435709,-0.0680316,-0.191109,2.2,0.463648,0,lost
2026020054,2026-10-07,COL,WPG,8477492,N. MacKinnon,assists,over,0.5,0.487323,0.607515,-0.120192,-0.239776,1.56,0.672593,0,lost
2026020054,2026-10-07,COL,WPG,8477492,N. MacKinnon,points,over,1.5,0.331394,0.45338,-0.121986,-0.320641,2.05,1.18568,0,lost
2026020054,2026-10-07,COL,WPG,8477492,N. MacKinnon,sog,under,3.5,0.484687,0.473208,0.0114793,-0.00639187,2.05,3.85894,1,won
2026020054,2026-10-07,COL,WPG,8477492,N. MacKinnon,assists,under,0.5,0.512677,0.392485,0.120192,0.20479,2.35,0.672593,0,won
2026020054,2026-10-07,COL,WPG,8477492,N. MacKinnon,points,under,1.5,0.668606,0.54662,0.121986,0.17006,1.75,1.18568,0,won
2026020054,2026-10-07,COL,WPG,8477504,J. Morrissey,points,over,0.5,0.486203,0.492293,-0.00609003,-0.0519048,1.95,0.670381,0,lost
2026020054,2026-10-07,COL,WPG,8477504,J. Morrissey,sog,over,1.5,0.652271,0.602204,0.0500673,0.0501571,1.61,2.34045,1,lost
2026020054,2026-10-07,COL,WPG,8477504,J. Morrissey,assists,over,0.5,0.379461,0.430782,-0.0513203,-0.127239,2.3,0.479452,0,lost
2026020054,2026-10-07,COL,WPG,8477504,J. Morrissey,goals,over,0.5,0.162327,0.13992,0.0224069,0.136288,7,0.177914,0,lost
2026020054,2026-10-07,COL,WPG,8477504,J. Morrissey,points,under,0.5,0.513797,0.507707,0.00609003,-0.0186471,1.91,0.670381,0,won
2026020054,2026-10-07,COL,WPG,8477504,J. Morrissey,sog,under,1.5,0.347729,0.397796,-0.0500673,-0.165452,2.4,2.34045,1,won
2026020054,2026-10-07,COL,WPG,8477504,J. Morrissey,assists,under,0.5,0.620539,0.569218,0.0513203,0.079737,1.74,0.479452,0,won
2026020054,2026-10-07,COL,WPG,8478038,D. Toews,points,over,0.5,0.429507,0.423518,0.00598878,-0.0550856,2.2,0.564415,0,lost
2026020054,2026-10-07,COL,WPG,8478038,D. Toews,sog,over,1.5,0.45819,0.456738,0.00145236,-0.0378001,2.1,1.58286,2,won
2026020054,2026-10-07,COL,WPG,8478038,D. Toews,goals,over,0.5,0.120528,0.122707,-0.00217876,-0.0357755,8,0.128847,0,lost
2026020054,2026-10-07,COL,WPG,8478038,D. Toews,assists,over,0.5,0.346763,0.364494,-0.0177319,-0.115756,2.55,0.427633,0,lost
2026020054,2026-10-07,COL,WPG,8478038,D. Toews,points,under,0.5,0.570493,0.576482,-0.00598878,-0.0586858,1.65,0.564415,0,won
2026020054,2026-10-07,COL,WPG,8478038,D. Toews,sog,under,1.5,0.54181,0.543262,-0.00145236,-0.0409971,1.77,1.58286,2,lost
2026020054,2026-10-07,COL,WPG,8478038,D. Toews,assists,under,0.5,0.653237,0.635506,0.0177319,-0.0201438,1.5,0.427633,0,won
2026020054,2026-10-07,COL,WPG,8478398,K. Connor,assists,over,0.5,0.420778,0.424079,-0.00330106,-0.0742879,2.2,0.549063,0,lost
2026020054,2026-10-07,COL,WPG,8478398,K. Connor,points,over,0.5,0.643481,0.633561,0.00991981,-0.0283434,1.51,1.04208,2,won
2026020054,2026-10-07,COL,WPG,8478398,K. Connor,goals,over,0.5,0.371911,0.36153,0.010381,-0.0144355,2.65,0.470523,2,won
2026020054,2026-10-07,COL,WPG,8478398,K. Connor,sog,over,3.5,0.523158,0.446345,0.0768132,0.150948,2.2,3.90384,4,won
2026020054,2026-10-07,COL,WPG,8478398,K. Connor,assists,under,0.5,0.579222,0.575921,0.00330106,-0.0442841,1.65,0.549063,0,won
2026020054,2026-10-07,COL,WPG,8478398,K. Connor,points,under,0.5,0.356519,0.366439,-0.00991981,-0.108703,2.5,1.04208,2,lost
2026020054,2026-10-07,COL,WPG,8478398,K. Connor,sog,under,3.5,0.476842,0.553655,-0.0768132,-0.1846,1.71,3.90384,4,lost
2026020054,2026-10-07,COL,WPG,8478462,N. Roy,goals,over,0.5,0.169658,0.145794,0.0238634,0.272434,7.5,0.186784,0,lost
2026020054,2026-10-07,COL,WPG,8479983,M. Ferraro,goals,over,0.5,0.164381,0.0706507,0.0937298,1.95885,18,0.180391,0,lost
2026020054,2026-10-07,COL,WPG,8480014,G. Vilardi,points,over,0.5,0.495005,0.492781,0.00222359,-0.0545412,1.91,0.687895,0,lost
2026020054,2026-10-07,COL,WPG,8480014,G. Vilardi,assists,over,0.5,0.350636,0.315762,0.0348739,0.0168435,2.9,0.433631,0,lost
2026020054,2026-10-07,COL,WPG,8480014,G. Vilardi,sog,over,1.5,0.483927,0.527125,-0.0431975,-0.0950557,1.87,1.66918,2,won
2026020054,2026-10-07,COL,WPG,8480014,G. Vilardi,goals,over,0.5,0.2051,0.268571,-0.0634711,-0.282152,3.5,0.230861,0,lost
2026020054,2026-10-07,COL,WPG,8480014,G. Vilardi,points,under,0.5,0.504995,0.507219,-0.00222359,-0.0556586,1.87,0.687895,0,won
2026020054,2026-10-07,COL,WPG,8480014,G. Vilardi,sog,under,1.5,0.516073,0.472875,0.0431975,0.0424666,2.02,1.66918,2,lost
2026020054,2026-10-07,COL,WPG,8480014,G. Vilardi,assists,under,0.5,0.649364,0.684238,-0.0348739,-0.09089,1.4,0.433631,0,won
2026020054,2026-10-07,COL,WPG,8480039,M. Necas,assists,over,0.5,0.497477,0.507316,-0.00983902,-0.0498193,1.91,0.69287,0,lost
2026020054,2026-10-07,COL,WPG,8480039,M. Necas,goals,over,0.5,0.362656,0.37839,-0.0157339,-0.0208294,2.7,0.455556,0,lost
2026020054,2026-10-07,COL,WPG,8480039,M. Necas,points,over,1.5,0.333911,0.353689,-0.0197778,-0.128493,2.61,1.19273,0,lost
2026020054,2026-10-07,COL,WPG,8480039,M. Necas,sog,over,2.5,0.58112,0.511732,0.0693876,0.0925052,1.88,3.14423,3,won
2026020054,2026-10-07,COL,WPG,8480039,M. Necas,assists,under,0.5,0.502523,0.492684,0.00983902,-0.0200798,1.95,0.69287,0,won
2026020054,2026-10-07,COL,WPG,8480039,M. Necas,points,under,1.5,0.666089,0.646311,0.0197778,-0.0208489,1.47,1.19273,0,won
2026020054,2026-10-07,COL,WPG,8480039,M. Necas,sog,under,2.5,0.41888,0.488268,-0.0693876,-0.178995,1.96,3.14423,3,lost
2026020054,2026-10-07,COL,WPG,8480049,D. Samberg,goals,over,0.5,0.0549516,0.0648096,-0.00985808,0.153983,21,0.056599,0,lost
2026020054,2026-10-07,COL,WPG,8480069,C. Makar,goals,over,0.5,0.19541,0.227569,-0.0321593,-0.153876,4.33,0.218608,0,lost
2026020054,2026-10-07,COL,WPG,8480069,C. Makar,assists,over,0.5,0.425828,0.5648,-0.138972,-0.259059,1.74,0.557916,0,lost
2026020054,2026-10-07,COL,WPG,8480069,C. Makar,sog,over,2.5,0.388789,0.470011,-0.081222,-0.210759,2.03,2.26637,4,won
2026020054,2026-10-07,COL,WPG,8480069,C. Makar,points,over,0.5,0.575524,0.658796,-0.0832716,-0.15398,1.47,0.864285,0,lost
2026020054,2026-10-07,COL,WPG,8480069,C. Makar,assists,under,0.5,0.574172,0.4352,0.138972,0.291887,2.25,0.557916,0,won
2026020054,2026-10-07,COL,WPG,8480069,C. Makar,sog,under,2.5,0.611211,0.529989,0.081222,0.10018,1.8,2.26637,4,lost
2026020054,2026-10-07,COL,WPG,8480069,C. Makar,points,under,0.5,0.424476,0.341204,0.0832716,0.188533,2.8,0.864285,0,won
2026020054,2026-10-07,COL,WPG,8480113,A. Iafallo,goals,over,0.5,0.189978,0.156508,0.0334701,0.187363,6.25,0.211808,0,lost
2026020054,2026-10-07,COL,WPG,8480113,A. Iafallo,assists,over,0.5,0.244567,0.17469,0.0698762,0.198376,4.9,0.281252,0,lost
2026020054,2026-10-07,COL,WPG,8480113,A. Iafallo,points,over,0.5,0.376224,0.295231,0.0809936,0.162533,3.09,0.474199,0,lost
2026020054,2026-10-07,COL,WPG,8480113,A. Iafallo,assists,under,0.5,0.755433,0.82531,-0.0698762,-0.116143,1.17,0.281252,0,won
2026020054,2026-10-07,COL,WPG,8480113,A. Iafallo,points,under,0.5,0.623776,0.704769,-0.0809936,-0.151665,1.36,0.474199,0,won
2026020054,2026-10-07,COL,WPG,8480145,N. Pionk,goals,over,0.5,0.0927168,0.112384,-0.0196672,-0.165549,9,0.0975377,0,lost
2026020054,2026-10-07,COL,WPG,8480289,M. Barron,goals,over,0.5,0.131592,0.117525,0.0140667,0.184324,9,0.141592,0,lost
2026020054,2026-10-07,COL,WPG,8480289,M. Barron,points,over,0.5,0.282891,0.257331,0.0255603,-0.0240262,3.45,0.333636,0,lost
2026020054,2026-10-07,COL,WPG,8480289,M. Barron,assists,over,0.5,0.191684,0.160455,0.0312288,0.00634233,5.25,0.213256,0,lost
2026020054,2026-10-07,COL,WPG,8480289,M. Barron,points,under,0.5,0.717109,0.742669,-0.0255603,-0.0749293,1.29,0.333636,0,won
2026020054,2026-10-07,COL,WPG,8480289,M. Barron,assists,under,0.5,0.808316,0.839545,-0.0312288,-0.0704369,1.15,0.213256,0,won
2026020054,2026-10-07,COL,WPG,8480448,P. Kelly,goals,over,0.5,0.188885,0.130853,0.0580321,0.605525,8.5,0.210445,0,lost
2026020054,2026-10-07,COL,WPG,8481030,J. St. Ivany,goals,over,0.5,0.0303855,0.0787014,-0.048316,-0.422676,19,0.0308805,0,lost
2026020054,2026-10-07,COL,WPG,8481043,C. Koepke,goals,over,0.5,0.130746,0.116467,0.014279,0.17671,9,0.140611,0,lost
2026020054,2026-10-07,COL,WPG,8482149,C. Perfetti,assists,over,0.5,0.29378,0.341507,-0.0477273,-0.206794,2.7,0.349041,0,lost
2026020054,2026-10-07,COL,WPG,8482149,C. Perfetti,points,over,0.5,0.450273,0.502733,-0.0524597,-0.139978,1.91,0.601929,1,won
2026020054,2026-10-07,COL,WPG,8482149,C. Perfetti,goals,over,0.5,0.219986,0.252786,-0.0327999,-0.142055,3.9,0.249993,1,won
2026020054,2026-10-07,COL,WPG,8482149,C. Perfetti,sog,over,2.5,0.32405,0.407129,-0.0830787,-0.254684,2.3,2.00487,2,lost
2026020054,2026-10-07,COL,WPG,8482149,C. Perfetti,assists,under,0.5,0.70622,0.658493,0.0477273,0.0240187,1.45,0.349041,0,won
2026020054,2026-10-07,COL,WPG,8482149,C. Perfetti,points,under,0.5,0.549727,0.497267,0.0524597,0.0719668,1.95,0.601929,1,lost
2026020054,2026-10-07,COL,WPG,8482149,C. Perfetti,sog,under,2.5,0.67595,0.592871,0.0830787,0.0882789,1.61,2.00487,2,won
2026020054,2026-10-07,COL,WPG,8482765,I. Rosen,goals,over,0.5,0.110117,0.153169,-0.0430522,-0.284243,6.5,0.117006,0,lost
2026020054,2026-10-07,COL,WPG,8482768,F. Svechkov,goals,over,0.5,0.0987718,0.126765,-0.0279929,-0.185133,8.25,0.104268,1,won
2026020054,2026-10-07,COL,WPG,8483471,B. Lambert,goals,over,0.5,0.0972105,0.11434,-0.0171291,-0.0765004,9.5,0.102528,0,lost
2026020054,2026-10-07,COL,WPG,8484258,S. Malinski,sog,over,1.5,0.565569,0.520116,0.0454525,0.0349906,1.83,1.96706,1,lost
2026020054,2026-10-07,COL,WPG,8484258,S. Malinski,goals,over,0.5,0.161092,0.101723,0.0593693,0.610925,10,0.176428,0,lost
2026020054,2026-10-07,COL,WPG,8484258,S. Malinski,assists,over,0.5,0.246312,0.223356,0.0229555,-0.0270679,3.95,0.283578,0,lost
2026020054,2026-10-07,COL,WPG,8484258,S. Malinski,points,over,0.5,0.360741,0.284193,0.0765481,0.136335,3.15,0.449454,0,lost
2026020054,2026-10-07,COL,WPG,8484258,S. Malinski,sog,under,1.5,0.434431,0.479884,-0.0454525,-0.152859,1.95,1.96706,1,won
2026020054,2026-10-07,COL,WPG,8484258,S. Malinski,assists,under,0.5,0.753688,0.776644,-0.0229555,-0.0654268,1.24,0.283578,0,won
2026020054,2026-10-07,COL,WPG,8484258,S. Malinski,points,under,0.5,0.639259,0.715807,-0.0765481,-0.143393,1.34,0.449454,0,won
2026020055,2026-10-07,EDM,ANA,8473986,A. Killorn,goals,over,0.5,0.244668,0.214983,0.0296852,0.101005,4.5,0.282575,0,lost
2026020055,2026-10-07,EDM,ANA,8473986,A. Killorn,points,over,0.5,0.42383,0.392787,0.0310429,0.000239578,2.36,0.554404,0,lost
2026020055,2026-10-07,EDM,ANA,8473986,A. Killorn,sog,over,1.5,0.475208,0.5143,-0.0390928,-0.0923536,1.91,1.63959,2,won
2026020055,2026-10-07,EDM,ANA,8473986,A. Killorn,assists,over,0.5,0.25175,0.246539,0.00521096,-0.106289,3.55,0.29086,0,lost
2026020055,2026-10-07,EDM,ANA,8473986,A. Killorn,points,under,0.5,0.57617,0.607213,-0.0310429,-0.0954136,1.57,0.554404,0,won
2026020055,2026-10-07,EDM,ANA,8473986,A. Killorn,sog,under,1.5,0.524792,0.4857,0.0390928,0.0233453,1.95,1.63959,2,lost
2026020055,2026-10-07,EDM,ANA,8473986,A. Killorn,assists,under,0.5,0.74825,0.753461,-0.00521096,-0.0422395,1.28,0.29086,0,won
2026020055,2026-10-07,EDM,ANA,8475218,M. Ekholm,points,over,0.5,0.291931,0.319386,-0.0274554,-0.124207,3,0.346408,1,won
2026020055,2026-10-07,EDM,ANA,8475218,M. Ekholm,assists,over,0.5,0.239985,0.272743,-0.0327583,-0.172052,3.45,0.275172,1,won
2026020055,2026-10-07,EDM,ANA,8475218,M. Ekholm,goals,over,0.5,0.0559902,0.0975652,-0.041575,-0.328118,12,0.0577018,0,lost
2026020055,2026-10-07,EDM,ANA,8475218,M. Ekholm,points,under,0.5,0.708069,0.680614,0.0274554,0.0196194,1.44,0.346408,1,lost
2026020055,2026-10-07,EDM,ANA,8475218,M. Ekholm,assists,under,0.5,0.760015,0.727257,0.0327583,0.01842,1.34,0.275172,1,lost
2026020055,2026-10-07,EDM,ANA,8475798,M. Granlund,points,over,0.5,0.561776,0.525202,0.0365745,0.0280502,1.83,0.83187,1,won
2026020055,2026-10-07,EDM,ANA,8475798,M. Granlund,assists,over,0.5,0.404156,0.400083,0.00407254,-0.0300259,2.4,0.520466,1,won
2026020055,2026-10-07,EDM,ANA,8475798,M. Granlund,goals,over,0.5,0.268544,0.26184,0.0067035,-0.0198156,3.65,0.315175,0,lost
2026020055,2026-10-07,EDM,ANA,8475798,M. Granlund,sog,over,1.5,0.561036,0.54292,0.0181161,0.0266957,1.83,1.94938,2,won
2026020055,2026-10-07,EDM,ANA,8475798,M. Granlund,points,under,0.5,0.438224,0.474798,-0.0365745,-0.123552,2,0.83187,1,lost
2026020055,2026-10-07,EDM,ANA,8475798,M. Granlund,assists,under,0.5,0.595844,0.599917,-0.00407254,-0.0347325,1.62,0.520466,1,lost
2026020055,2026-10-07,EDM,ANA,8475798,M. Granlund,sog,under,1.5,0.438964,0.45708,-0.0181161,-0.0913443,2.07,1.94938,2,lost
2026020055,2026-10-07,EDM,ANA,8476473,C. Murphy,points,over,0.5,0.242155,0.209212,0.032943,0.017049,4.2,0.278046,0,lost
2026020055,2026-10-07,EDM,ANA,8476473,C. Murphy,assists,over,0.5,0.198304,0.17469,0.0236132,-0.0283126,4.9,0.221514,0,lost
2026020055,2026-10-07,EDM,ANA,8476473,C. Murphy,goals,over,0.5,0.0795163,0.0594027,0.0201136,0.51081,19,0.0830278,0,lost
2026020055,2026-10-07,EDM,ANA,8476473,C. Murphy,points,under,0.5,0.757845,0.790788,-0.032943,-0.0754285,1.22,0.278046,0,won
2026020055,2026-10-07,EDM,ANA,8476473,C. Murphy,assists,under,0.5,0.801696,0.82531,-0.0236132,-0.0620152,1.17,0.221514,0,won
2026020055,2026-10-07,EDM,ANA,8477934,L. Draisaitl,points,over,1.5,0.290573,0.445557,-0.154985,-0.38108,2.13,1.07244,4,won
2026020055,2026-10-07,EDM,ANA,8477934,L. Draisaitl,assists,over,0.5,0.439683,0.594708,-0.155026,-0.292111,1.61,0.58262,4,won
2026020055,2026-10-07,EDM,ANA,8477934,L. Draisaitl,sog,over,3.5,0.316136,0.418306,-0.102171,-0.288694,2.25,2.82275,2,lost
2026020055,2026-10-07,EDM,ANA,8477934,L. Draisaitl,goals,over,0.5,0.344118,0.44731,-0.103192,-0.260147,2.15,0.426253,0,lost
2026020055,2026-10-07,EDM,ANA,8477934,L. Draisaitl,points,under,1.5,0.709427,0.554443,0.154985,0.213121,1.71,1.07244,4,lost
2026020055,2026-10-07,EDM,ANA,8477934,L. Draisaitl,assists,under,0.5,0.560317,0.405292,0.155026,0.28873,2.3,0.58262,4,lost
2026020055,2026-10-07,EDM,ANA,8477934,L. Draisaitl,sog,under,3.5,0.683864,0.581694,0.102171,0.135214,1.66,2.82275,2,won
2026020055,2026-10-07,EDM,ANA,8477953,K. Kapanen,sog,over,1.5,0.388969,0.553623,-0.164654,-0.315415,1.76,1.36388,3,won
2026020055,2026-10-07,EDM,ANA,8477953,K. Kapanen,points,over,0.5,0.31131,0.473364,-0.162054,-0.377381,2,0.374358,1,won
2026020055,2026-10-07,EDM,ANA,8477953,K. Kapanen,goals,over,0.5,0.161312,0.246734,-0.0854227,-0.370885,3.9,0.176692,1,won
2026020055,2026-10-07,EDM,ANA,8477953,K. Kapanen,assists,over,0.5,0.201776,0.300432,-0.0986556,-0.394671,3,0.225875,0,lost
2026020055,2026-10-07,EDM,ANA,8477953,K. Kapanen,points,under,0.5,0.68869,0.526636,0.162054,0.260303,1.83,0.374358,1,lost
2026020055,2026-10-07,EDM,ANA,8477953,K. Kapanen,sog,under,1.5,0.611031,0.446377,0.164654,0.313717,2.15,1.36388,3,lost
2026020055,2026-10-07,EDM,ANA,8477953,K. Kapanen,assists,under,0.5,0.798224,0.699568,0.0986556,0.085584,1.36,0.225875,0,won
2026020055,2026-10-07,EDM,ANA,8478013,J. Walman,goals,over,0.5,0.0651989,0.112817,-0.0476182,-0.315412,10.5,0.0675352,0,lost
2026020055,2026-10-07,EDM,ANA,8478402,C. McDavid,sog,over,3.5,0.409532,0.429551,-0.020019,-0.0785532,2.25,3.29051,1,lost
2026020055,2026-10-07,EDM,ANA,8478402,C. McDavid,assists,over,0.5,0.5789,0.661407,-0.0825075,-0.160595,1.45,0.872408,2,won
2026020055,2026-10-07,EDM,ANA,8478402,C. McDavid,goals,over,0.5,0.390795,0.442221,-0.0514262,-0.15979,2.15,0.501792,1,won
2026020055,2026-10-07,EDM,ANA,8478402,C. McDavid,points,over,1.5,0.435435,0.500466,-0.0650313,-0.150902,1.95,1.48707,3,won
2026020055,2026-10-07,EDM,ANA,8478402,C. McDavid,sog,under,3.5,0.590468,0.570449,0.020019,-0.00210893,1.69,3.29051,1,won
2026020055,2026-10-07,EDM,ANA,8478402,C. McDavid,assists,under,0.5,0.4211,0.338593,0.0825075,0.158026,2.75,0.872408,2,lost
2026020055,2026-10-07,EDM,ANA,8478402,C. McDavid,points,under,1.5,0.564565,0.499534,0.0650313,0.0839649,1.92,1.48707,3,lost
2026020055,2026-10-07,EDM,ANA,8478421,A. Greer,goals,over,0.5,0.199588,0.16754,0.0320481,0.197528,6,0.223872,0,lost
2026020055,2026-10-07,EDM,ANA,8478421,A. Greer,points,over,0.5,0.386198,0.36166,0.0245383,-0.0151943,2.55,0.490473,0,lost
2026020055,2026-10-07,EDM,ANA,8478421,A. Greer,assists,over,0.5,0.239925,0.262443,-0.0225182,-0.184254,3.4,0.275092,0,lost
2026020055,2026-10-07,EDM,ANA,8478421,A. Greer,assists,under,0.5,0.760075,0.737557,0.0225182,-0.0119028,1.3,0.275092,0,won
2026020055,2026-10-07,EDM,ANA,8478421,A. Greer,points,under,0.5,0.613802,0.63834,-0.0245383,-0.0792975,1.5,0.490473,0,won
2026020055,2026-10-07,EDM,ANA,8478472,M. Joseph,goals,over,0.5,0.0416481,0.115482,-0.0738336,-0.625167,9,0.0425855,0,lost
2026020055,2026-10-07,EDM,ANA,8478854,R. Shea,assists,over,0.5,0.293854,0.310095,-0.0162411,-0.147824,2.9,0.349146,0,lost
2026020055,2026-10-07,EDM,ANA,8478854,R. Shea,goals,over,0.5,0.150112,0.0937956,0.0563159,0.801339,12,0.163313,0,lost
2026020055,2026-10-07,EDM,ANA,8478854,R. Shea,points,over,0.5,0.411071,0.351803,0.0592674,0.0728944,2.61,0.532262,0,lost
2026020055,2026-10-07,EDM,ANA,8478854,R. Shea,assists,under,0.5,0.706146,0.689905,0.0162411,-0.0255183,1.38,0.349146,0,won
2026020055,2026-10-07,EDM,ANA,8478854,R. Shea,points,under,0.5,0.588929,0.648197,-0.0592674,-0.134274,1.47,0.532262,0,won
2026020055,2026-10-07,EDM,ANA,8479365,T. Frederic,goals,over,0.5,0.107289,0.193737,-0.0864488,-0.383091,5.75,0.113814,0,lost
2026020055,2026-10-07,EDM,ANA,8479365,T. Frederic,points,over,0.5,0.195326,0.291181,-0.0958549,-0.394489,3.1,0.217791,0,lost
2026020055,2026-10-07,EDM,ANA,8479365,T. Frederic,assists,over,0.5,0.117311,0.165217,-0.0479068,-0.413447,5,0.124938,0,lost
2026020055,2026-10-07,EDM,ANA,8479365,T. Frederic,points,under,0.5,0.804674,0.708819,0.0958549,0.0863099,1.35,0.217791,0,won
2026020055,2026-10-07,EDM,ANA,8479365,T. Frederic,assists,under,0.5,0.882689,0.834783,0.0479068,0.0150928,1.15,0.124938,0,won
2026020055,2026-10-07,EDM,ANA,8479368,M. Jones,goals,over,0.5,0.077367,0.133511,-0.0561444,-0.458431,7,0.080686,0,lost
2026020055,2026-10-07,EDM,ANA,8480068,R. Poehling,goals,over,0.5,0.152764,0.184706,-0.0319413,-0.190349,5.3,0.166465,0,lost
2026020055,2026-10-07,EDM,ANA,8480068,R. Poehling,points,over,0.5,0.348326,0.34238,0.00594588,-0.0560372,2.71,0.430049,0,lost
2026020055,2026-10-07,EDM,ANA,8480068,R. Poehling,assists,over,0.5,0.240819,0.223356,0.0174629,-0.0487634,3.95,0.276276,0,lost
2026020055,2026-10-07,EDM,ANA,8480068,R. Poehling,points,under,0.5,0.651674,0.65762,-0.00594588,-0.0550723,1.45,0.430049,0,won
2026020055,2026-10-07,EDM,ANA,8480068,R. Poehling,assists,under,0.5,0.759181,0.776644,-0.0174629,-0.0586161,1.24,0.276276,0,won
2026020055,2026-10-07,EDM,ANA,8480803,E. Bouchard,assists,over,0.5,0.469767,0.58911,-0.119343,-0.224885,1.65,0.63848,1,won
2026020055,2026-10-07,EDM,ANA,8480803,E. Bouchard,goals,over,0.5,0.278314,0.241132,0.0371817,0.141086,4.1,0.328839,2,won
2026020055,2026-10-07,EDM,ANA,8480803,E. Bouchard,sog,over,2.5,0.418366,0.531683,-0.113317,-0.217655,1.87,2.38936,4,won
2026020055,2026-10-07,EDM,ANA,8480803,E. Bouchard,points,over,1.5,0.285308,0.340734,-0.0554253,-0.238227,2.67,1.05793,3,won
2026020055,2026-10-07,EDM,ANA,8480803,E. Bouchard,assists,under,0.5,0.530233,0.41089,0.119343,0.246048,2.35,0.63848,1,lost
2026020055,2026-10-07,EDM,ANA,8480803,E. Bouchard,sog,under,2.5,0.581634,0.468317,0.113317,0.279594,2.2,2.38936,4,lost
2026020055,2026-10-07,EDM,ANA,8480803,E. Bouchard,points,under,1.5,0.714692,0.659266,0.0554253,0.036303,1.45,1.05793,3,lost
2026020055,2026-10-07,EDM,ANA,8480834,T. Emberson,goals,over,0.5,0.0386499,0.0802417,-0.0415917,-0.458901,14,0.0394555,0,lost
2026020055,2026-10-07,EDM,ANA,8481605,J. LaCombe,points,over,0.5,0.52271,0.563929,-0.0412187,-0.11662,1.69,0.745129,1,won
2026020055,2026-10-07,EDM,ANA,8481605,J. LaCombe,goals,over,0.5,0.160541,0.169385,-0.00884389,-0.0367511,6,0.175766,0,lost
2026020055,2026-10-07,EDM,ANA,8481605,J. LaCombe,assists,over,0.5,0.411478,0.492001,-0.0805235,-0.214078,1.91,0.532961,1,won
2026020055,2026-10-07,EDM,ANA,8481605,J. LaCombe,sog,over,1.5,0.504769,0.557483,-0.0527148,-0.136846,1.71,1.74146,0,lost
2026020055,2026-10-07,EDM,ANA,8481605,J. LaCombe,points,under,0.5,0.47729,0.436071,0.0412187,0.0261728,2.15,0.745129,1,lost
2026020055,2026-10-07,EDM,ANA,8481605,J. LaCombe,assists,under,0.5,0.588522,0.507999,0.0805235,0.100537,1.87,0.532961,1,lost
2026020055,2026-10-07,EDM,ANA,8481605,J. LaCombe,sog,under,1.5,0.495231,0.442517,0.0527148,0.0647476,2.15,1.74146,0,won
2026020055,2026-10-07,EDM,ANA,8481617,V. Podkolzin,assists,over,0.5,0.26961,0.390228,-0.120618,-0.352937,2.4,0.315165,0,lost
2026020055,2026-10-07,EDM,ANA,8481617,V. Podkolzin,points,over,0.5,0.449861,0.598381,-0.14852,-0.271225,1.62,0.60117,1,won
2026020055,2026-10-07,EDM,ANA,8481617,V. Podkolzin,sog,over,2.5,0.367756,0.471428,-0.103673,-0.246101,2.05,2.18045,3,won
2026020055,2026-10-07,EDM,ANA,8481617,V. Podkolzin,goals,over,0.5,0.251221,0.318596,-0.0673754,-0.221215,3.1,0.291414,1,won
2026020055,2026-10-07,EDM,ANA,8481617,V. Podkolzin,assists,under,0.5,0.73039,0.609772,0.120618,0.146713,1.57,0.315165,0,won
2026020055,2026-10-07,EDM,ANA,8481617,V. Podkolzin,points,under,0.5,0.550139,0.401619,0.14852,0.292827,2.35,0.60117,1,lost
2026020055,2026-10-07,EDM,ANA,8481617,V. Podkolzin,sog,under,2.5,0.632244,0.528572,0.103673,0.150685,1.82,2.18045,3,lost
2026020055,2026-10-07,EDM,ANA,8481754,N. Nesterenko,assists,over,0.5,0.141712,0.144479,-0.00276708,-0.185159,5.75,0.153049,0,lost
2026020055,2026-10-07,EDM,ANA,8481754,N. Nesterenko,points,over,0.5,0.188506,0.22987,-0.0413642,-0.274252,3.85,0.209315,0,lost
2026020055,2026-10-07,EDM,ANA,8481754,N. Nesterenko,goals,over,0.5,0.065391,0.127019,-0.061628,-0.444177,8.5,0.0677415,0,lost
2026020055,2026-10-07,EDM,ANA,8481754,N. Nesterenko,assists,under,0.5,0.858288,0.855521,0.00276708,-0.0301341,1.13,0.153049,0,won
2026020055,2026-10-07,EDM,ANA,8481754,N. Nesterenko,points,under,0.5,0.811494,0.77013,0.0413642,0.0143676,1.25,0.209315,0,won
2026020055,2026-10-07,EDM,ANA,8482408,J. Malott,goals,over,0.5,0.0659137,0.0951913,-0.0292777,-0.143122,13,0.0683028,0,lost
2026020055,2026-10-07,EDM,ANA,8482703,C. Dach,goals,over,0.5,0.0967697,0.132193,-0.035423,-0.274227,7.5,0.102037,,void
2026020055,2026-10-07,EDM,ANA,8482731,T. Hinds,goals,over,0.5,0.0493664,0.0789388,-0.0295724,-0.160771,17,0.0506907,0,lost
2026020055,2026-10-07,EDM,ANA,8483445,C. Gauthier,sog,over,3.5,0.344596,0.487449,-0.142853,-0.324591,1.96,2.96367,7,won
2026020055,2026-10-07,EDM,ANA,8483445,C. Gauthier,points,over,0.5,0.523278,0.638576,-0.115298,-0.199385,1.53,0.746336,0,lost
2026020055,2026-10-07,EDM,ANA,8483445,C. Gauthier,goals,over,0.5,0.323098,0.43354,-0.110442,-0.289183,2.2,0.394061,0,lost
2026020055,2026-10-07,EDM,ANA,8483445,C. Gauthier,assists,over,0.5,0.275686,0.390228,-0.114542,-0.338355,2.4,0.323572,0,lost
2026020055,2026-10-07,EDM,ANA,8483445,C. Gauthier,sog,under,3.5,0.655404,0.512551,0.142853,0.225605,1.87,2.96367,7,lost
2026020055,2026-10-07,EDM,ANA,8483445,C. Gauthier,points,under,0.5,0.476722,0.361424,0.115298,0.263314,2.65,0.746336,0,won
2026020055,2026-10-07,EDM,ANA,8483445,C. Gauthier,assists,under,0.5,0.724314,0.609772,0.114542,0.137174,1.57,0.323572,0,won
2026020055,2026-10-07,EDM,ANA,8483455,I. Howard,goals,over,0.5,0.0618143,0.162035,-0.100221,-0.598207,6.5,0.0639093,0,lost
2026020055,2026-10-07,EDM,ANA,8483455,I. Howard,points,over,0.5,0.189842,0.262877,-0.0730357,-0.356437,3.39,0.210969,0,lost
2026020055,2026-10-07,EDM,ANA,8483455,I. Howard,points,under,0.5,0.810158,0.737123,0.0730357,0.0532059,1.3,0.210969,0,won
2026020055,2026-10-07,EDM,ANA,8483482,T. Luneau,goals,over,0.5,0.125302,0.107289,0.0180135,0.315676,10.5,0.134326,0,lost
2026020055,2026-10-07,EDM,ANA,8483482,T. Luneau,assists,over,0.5,0.196774,0.288156,-0.0913824,-0.390002,3.1,0.219599,0,lost
2026020055,2026-10-07,EDM,ANA,8483482,T. Luneau,points,over,0.5,0.281148,0.349457,-0.0683096,-0.266204,2.61,0.331192,0,lost
2026020055,2026-10-07,EDM,ANA,8483482,T. Luneau,assists,under,0.5,0.803226,0.711844,0.0913824,0.0763234,1.34,0.219599,0,won
2026020055,2026-10-07,EDM,ANA,8483482,T. Luneau,points,under,0.5,0.718852,0.650543,0.0683096,0.0567126,1.47,0.331192,0,won
2026020055,2026-10-07,EDM,ANA,8483490,P. Mintyukov,goals,over,0.5,0.0824438,0.0959765,-0.0135328,-0.0931185,11,0.0862268,0,lost
2026020055,2026-10-07,EDM,ANA,8483490,P. Mintyukov,sog,over,1.5,0.292668,0.38877,-0.0961019,-0.294671,2.41,1.08118,2,won
2026020055,2026-10-07,EDM,ANA,8483490,P. Mintyukov,points,over,0.5,0.260028,0.31145,-0.0514214,-0.232917,2.95,0.302052,0,lost
2026020055,2026-10-07,EDM,ANA,8483490,P. Mintyukov,assists,over,0.5,0.205639,0.259462,-0.0538229,-0.300827,3.4,0.230748,0,lost
2026020055,2026-10-07,EDM,ANA,8483490,P. Mintyukov,sog,under,1.5,0.707332,0.61123,0.0961019,0.0892916,1.54,1.08118,2,lost
2026020055,2026-10-07,EDM,ANA,8483490,P. Mintyukov,points,under,0.5,0.739972,0.68855,0.0514214,0.0285608,1.39,0.302052,0,won
2026020055,2026-10-07,EDM,ANA,8483490,P. Mintyukov,assists,under,0.5,0.794361,0.740538,0.0538229,0.0247257,1.29,0.230748,0,won
2026020055,2026-10-07,EDM,ANA,8484153,L. Carlsson,points,over,0.5,0.571297,0.608964,-0.0376667,-0.103064,1.57,0.854205,2,won
2026020055,2026-10-07,EDM,ANA,8484153,L. Carlsson,assists,over,0.5,0.39284,0.434111,-0.041271,-0.155394,2.15,0.501461,2,won
2026020055,2026-10-07,EDM,ANA,8484153,L. Carlsson,goals,over,0.5,0.283691,0.329213,-0.0455221,-0.163112,2.95,0.336442,0,lost
2026020055,2026-10-07,EDM,ANA,8484153,L. Carlsson,sog,over,2.5,0.498588,0.449707,0.0488803,0.0968926,2.2,2.741,0,lost
2026020055,2026-10-07,EDM,ANA,8484153,L. Carlsson,points,under,0.5,0.428703,0.391036,0.0376667,0.0374616,2.42,0.854205,2,lost
2026020055,2026-10-07,EDM,ANA,8484153,L. Carlsson,assists,under,0.5,0.60716,0.565889,0.041271,0.0139574,1.67,0.501461,2,lost
2026020055,2026-10-07,EDM,ANA,8484153,L. Carlsson,sog,under,2.5,0.501412,0.550293,-0.0488803,-0.127542,1.74,2.741,0,won
2026020055,2026-10-07,EDM,ANA,8484262,T. Mitchell,assists,over,0.5,0.0896027,0.116883,-0.0272804,-0.372781,7,0.0939624,0,lost
2026020055,2026-10-07,EDM,ANA,8484262,T. Mitchell,goals,over,0.5,0.0762179,0.0721663,0.0040516,0.219486,16,0.0794364,0,lost
2026020055,2026-10-07,EDM,ANA,8484262,T. Mitchell,points,over,0.5,0.145653,0.160455,-0.0148024,-0.235321,5.25,0.157666,0,lost
2026020055,2026-10-07,EDM,ANA,8484262,T. Mitchell,assists,under,0.5,0.910397,0.883117,0.0272804,0.00143698,1.1,0.0939624,0,won
2026020055,2026-10-07,EDM,ANA,8484262,T. Mitchell,points,under,0.5,0.854347,0.839545,0.0148024,-0.017501,1.15,0.157666,0,won
2026020055,2026-10-07,EDM,ANA,8484509,J. Samanski,goals,over,0.5,0.0939971,0.119525,-0.0255278,-0.107027,9.5,0.0989568,0,lost
2026020055,2026-10-07,EDM,ANA,8484762,B. Sennecke,points,over,0.5,0.448215,0.588665,-0.140449,-0.278374,1.61,0.598147,2,won
2026020055,2026-10-07,EDM,ANA,8484762,B. Sennecke,assists,over,0.5,0.314538,0.408775,-0.0942375,-0.276563,2.3,0.379092,0,lost
2026020055,2026-10-07,EDM,ANA,8484762,B. Sennecke,goals,over,0.5,0.206943,0.307819,-0.100876,-0.348129,3.15,0.23321,2,won
2026020055,2026-10-07,EDM,ANA,8484762,B. Sennecke,sog,over,2.5,0.381287,0.425936,-0.0446493,-0.0849112,2.4,2.2356,7,won
2026020055,2026-10-07,EDM,ANA,8484762,B. Sennecke,points,under,0.5,0.551785,0.411335,0.140449,0.247034,2.26,0.598147,2,lost
2026020055,2026-10-07,EDM,ANA,8484762,B. Sennecke,assists,under,0.5,0.685462,0.591225,0.0942375,0.110449,1.62,0.379092,0,won
2026020055,2026-10-07,EDM,ANA,8484762,B. Sennecke,sog,under,2.5,0.618713,0.574064,0.0446493,0.045625,1.69,2.2356,7,lost
2026020055,2026-10-07,EDM,ANA,8485512,T. Washe,goals,over,0.5,0.0681779,0.0888267,-0.0206487,-0.181865,12,0.0707382,0,lost
2026020056,2026-10-08,UTA,BOS,8475314,A. Lee,points,over,0.5,0.354445,0.392538,-0.0380931,-0.131609,2.45,0.439566,0,lost
2026020056,2026-10-08,UTA,BOS,8475314,A. Lee,goals,over,0.5,0.178541,0.218176,-0.0396349,-0.178711,4.6,0.197643,0,lost
2026020056,2026-10-08,UTA,BOS,8475314,A. Lee,assists,over,0.5,0.219263,0.244449,-0.0251862,-0.144876,3.9,0.24813,0,lost
2026020056,2026-10-08,UTA,BOS,8475314,A. Lee,sog,over,1.5,0.565188,0.565069,0.000118943,-0.044832,1.69,1.96557,1,lost
2026020056,2026-10-08,UTA,BOS,8475314,A. Lee,points,under,0.5,0.645555,0.607462,0.0380931,0.0393429,1.61,0.439566,0,won
2026020056,2026-10-08,UTA,BOS,8475314,A. Lee,assists,under,0.5,0.780737,0.755551,0.0251862,0.00715124,1.29,0.24813,0,won
2026020056,2026-10-08,UTA,BOS,8475314,A. Lee,sog,under,1.5,0.434812,0.434931,-0.000118943,-0.0434139,2.2,1.96557,1,won
2026020056,2026-10-08,UTA,BOS,8476389,V. Trocheck,goals,over,0.5,0.194171,0.236877,-0.0427064,-0.2039,4.1,0.217053,0,lost
2026020056,2026-10-08,UTA,BOS,8476389,V. Trocheck,points,over,0.5,0.439365,0.48438,-0.0450155,-0.134451,1.97,0.582047,0,lost
2026020056,2026-10-08,UTA,BOS,8476389,V. Trocheck,assists,over,0.5,0.312617,0.334454,-0.0218376,-0.124673,2.8,0.376272,0,lost
2026020056,2026-10-08,UTA,BOS,8476389,V. Trocheck,sog,over,1.5,0.443892,0.506094,-0.062202,-0.125533,1.97,1.53616,3,won
2026020056,2026-10-08,UTA,BOS,8476389,V. Trocheck,points,under,0.5,0.560635,0.51562,0.0450155,0.025962,1.83,0.582047,0,won
2026020056,2026-10-08,UTA,BOS,8476389,V. Trocheck,assists,under,0.5,0.687383,0.665546,0.0218376,-0.00329423,1.45,0.376272,0,won
2026020056,2026-10-08,UTA,BOS,8476389,V. Trocheck,sog,under,1.5,0.556108,0.493906,0.062202,0.0621666,1.91,1.53616,3,lost
2026020056,2026-10-08,UTA,BOS,8476854,H. Lindholm,goals,over,0.5,0.138577,0.0984117,0.0401656,0.524351,11,0.149728,0,lost
2026020056,2026-10-08,UTA,BOS,8476854,H. Lindholm,points,over,0.5,0.330007,0.419889,-0.0898825,-0.257485,2.25,0.402096,1,won
2026020056,2026-10-08,UTA,BOS,8476854,H. Lindholm,assists,over,0.5,0.239456,0.359114,-0.119659,-0.377416,2.6,0.274471,1,won
2026020056,2026-10-08,UTA,BOS,8476854,H. Lindholm,sog,over,1.5,0.332501,0.448614,-0.116114,-0.268499,2.2,1.19588,1,lost
2026020056,2026-10-08,UTA,BOS,8476854,H. Lindholm,points,under,0.5,0.669993,0.580111,0.0898825,0.105489,1.65,0.402096,1,lost
2026020056,2026-10-08,UTA,BOS,8476854,H. Lindholm,assists,under,0.5,0.760544,0.640886,0.119659,0.140817,1.5,0.274471,1,lost
2026020056,2026-10-08,UTA,BOS,8476854,H. Lindholm,sog,under,1.5,0.667499,0.551386,0.116114,0.181474,1.77,1.19588,1,won
2026020056,2026-10-08,UTA,BOS,8477220,N. Schmidt,points,over,0.5,0.244904,0.17469,0.070214,0.200031,4.9,0.281701,0,lost
2026020056,2026-10-08,UTA,BOS,8477220,N. Schmidt,assists,over,0.5,0.202498,0.136905,0.0655937,0.214991,6,0.226784,0,lost
2026020056,2026-10-08,UTA,BOS,8477220,N. Schmidt,goals,over,0.5,0.063182,0.0729808,-0.00979888,0.0740932,17,0.0653728,0,lost
2026020056,2026-10-08,UTA,BOS,8477220,N. Schmidt,points,under,0.5,0.755096,0.82531,-0.070214,-0.116538,1.17,0.281701,0,won
2026020056,2026-10-08,UTA,BOS,8477220,N. Schmidt,assists,under,0.5,0.797502,0.863095,-0.0655937,-0.106798,1.12,0.226784,0,won
2026020056,2026-10-08,UTA,BOS,8477346,M. Weegar,points,over,0.5,0.337173,0.29786,0.0393135,0.0789546,3.2,0.412938,0,lost
2026020056,2026-10-08,UTA,BOS,8477346,M. Weegar,sog,over,1.5,0.429002,0.477802,-0.0487997,-0.141996,2,1.48841,2,won
2026020056,2026-10-08,UTA,BOS,8477346,M. Weegar,goals,over,0.5,0.127283,0.10002,0.0272627,0.33647,10.5,0.136608,0,lost
2026020056,2026-10-08,UTA,BOS,8477346,M. Weegar,assists,over,0.5,0.247251,0.248172,-0.000921592,-0.0109968,4,0.284831,0,lost
2026020056,2026-10-08,UTA,BOS,8477346,M. Weegar,points,under,0.5,0.662827,0.70214,-0.0393135,-0.0720426,1.4,0.412938,0,won
2026020056,2026-10-08,UTA,BOS,8477346,M. Weegar,sog,under,1.5,0.570998,0.522198,0.0487997,0.033506,1.81,1.48841,2,lost
2026020056,2026-10-08,UTA,BOS,8477346,M. Weegar,assists,under,0.5,0.752749,0.751828,0.000921592,-0.0138986,1.31,0.284831,0,won
2026020056,2026-10-08,UTA,BOS,8477365,C. Clifton,points,over,0.5,0.208007,0.144479,0.0635285,0.196041,5.75,0.233748,0,lost
2026020056,2026-10-08,UTA,BOS,8477365,C. Clifton,assists,over,0.5,0.181098,0.116883,0.0642146,0.267684,7,0.20019,0,lost
2026020056,2026-10-08,UTA,BOS,8477365,C. Clifton,goals,over,0.5,0.0504536,0.0636033,-0.0131497,-0.0918349,18,0.051838,0,lost
2026020056,2026-10-08,UTA,BOS,8477365,C. Clifton,points,under,0.5,0.791993,0.855521,-0.0635285,-0.105048,1.13,0.233748,0,won
2026020056,2026-10-08,UTA,BOS,8477365,C. Clifton,assists,under,0.5,0.818902,0.883117,-0.0642146,-0.0992075,1.1,0.20019,0,won
2026020056,2026-10-08,UTA,BOS,8477496,E. Lindholm,sog,over,1.5,0.498235,0.518168,-0.0199327,-0.0683002,1.87,1.71856,0,lost
2026020056,2026-10-08,UTA,BOS,8477496,E. Lindholm,assists,over,0.5,0.253722,0.259886,-0.00616433,-0.0739162,3.65,0.293515,1,won
2026020056,2026-10-08,UTA,BOS,8477496,E. Lindholm,points,over,0.5,0.390739,0.402534,-0.0117954,-0.0934854,2.32,0.497972,1,won
2026020056,2026-10-08,UTA,BOS,8477496,E. Lindholm,goals,over,0.5,0.20608,0.218426,-0.0123461,-0.0932481,4.4,0.232109,0,lost
2026020056,2026-10-08,UTA,BOS,8477496,E. Lindholm,sog,under,1.5,0.501765,0.481832,0.0199327,0.00352966,2,1.71856,0,won
2026020056,2026-10-08,UTA,BOS,8477496,E. Lindholm,assists,under,0.5,0.746278,0.740114,0.00616433,-0.0223753,1.31,0.293515,1,lost
2026020056,2026-10-08,UTA,BOS,8477496,E. Lindholm,points,under,0.5,0.609261,0.597466,0.0117954,-0.0190899,1.61,0.497972,1,lost
2026020056,2026-10-08,UTA,BOS,8477507,N. Zadorov,points,over,0.5,0.296533,0.203056,0.0934774,0.275093,4.3,0.352975,0,lost
2026020056,2026-10-08,UTA,BOS,8477507,N. Zadorov,assists,over,0.5,0.246111,0.17265,0.0734614,0.230555,5,0.28331,0,lost
2026020056,2026-10-08,UTA,BOS,8477507,N. Zadorov,sog,over,1.5,0.361128,0.425762,-0.0646333,-0.205517,2.2,1.2801,1,lost
2026020056,2026-10-08,UTA,BOS,8477507,N. Zadorov,goals,over,0.5,0.0620736,0.0627152,-0.000641647,0.179397,19,0.0641865,0,lost
2026020056,2026-10-08,UTA,BOS,8477507,N. Zadorov,points,under,0.5,0.703467,0.796944,-0.0934774,-0.148805,1.21,0.352975,0,won
2026020056,2026-10-08,UTA,BOS,8477507,N. Zadorov,assists,under,0.5,0.753889,0.82735,-0.0734614,-0.11795,1.17,0.28331,0,won
2026020056,2026-10-08,UTA,BOS,8477507,N. Zadorov,sog,under,1.5,0.638872,0.574238,0.0646333,0.0669154,1.67,1.2801,1,won
2026020056,2026-10-08,UTA,BOS,8477951,N. Schmaltz,points,over,0.5,0.609602,0.587314,0.0222884,-0.0124443,1.62,0.949492,0,lost
2026020056,2026-10-08,UTA,BOS,8477951,N. Schmaltz,sog,over,2.5,0.565658,0.463491,0.102168,0.1596,2.05,3.06449,3,won
2026020056,2026-10-08,UTA,BOS,8477951,N. Schmaltz,goals,over,0.5,0.370197,0.309622,0.0605746,0.147611,3.1,0.467734,0,lost
2026020056,2026-10-08,UTA,BOS,8477951,N. Schmaltz,assists,over,0.5,0.356879,0.423121,-0.0662414,-0.214865,2.2,0.443377,0,lost
2026020056,2026-10-08,UTA,BOS,8477951,N. Schmaltz,points,under,0.5,0.390398,0.412686,-0.0222884,-0.113797,2.27,0.949492,0,won
2026020056,2026-10-08,UTA,BOS,8477951,N. Schmaltz,sog,under,2.5,0.434342,0.536509,-0.102168,-0.218185,1.8,3.06449,3,lost
2026020056,2026-10-08,UTA,BOS,8477951,N. Schmaltz,assists,under,0.5,0.643121,0.576879,0.0662414,0.061149,1.65,0.443377,0,won
2026020056,2026-10-08,UTA,BOS,8477956,D. Pastrnak,assists,over,0.5,0.445606,0.491356,-0.0457501,-0.148893,1.91,0.593372,2,won
2026020056,2026-10-08,UTA,BOS,8477956,D. Pastrnak,points,over,0.5,0.572296,0.661108,-0.088812,-0.158724,1.47,0.856579,4,won
2026020056,2026-10-08,UTA,BOS,8477956,D. Pastrnak,goals,over,0.5,0.189798,0.365815,-0.176018,-0.497036,2.65,0.211583,2,won
2026020056,2026-10-08,UTA,BOS,8477956,D. Pastrnak,sog,over,3.5,0.330795,0.437822,-0.107027,-0.272251,2.2,2.89525,4,won
2026020056,2026-10-08,UTA,BOS,8477956,D. Pastrnak,assists,under,0.5,0.554394,0.508644,0.0457501,0.0145415,1.83,0.593372,2,lost
2026020056,2026-10-08,UTA,BOS,8477956,D. Pastrnak,points,under,0.5,0.427704,0.338892,0.088812,0.176185,2.75,0.856579,4,lost
2026020056,2026-10-08,UTA,BOS,8477956,D. Pastrnak,sog,under,3.5,0.669205,0.562178,0.107027,0.144341,1.71,2.89525,4,lost
2026020056,2026-10-08,UTA,BOS,8478401,P. Zacha,points,over,0.5,0.460824,0.50281,-0.0419861,-0.13826,1.87,0.621544,1,won
2026020056,2026-10-08,UTA,BOS,8478401,P. Zacha,sog,over,1.5,0.494635,0.544339,-0.0497035,-0.124496,1.77,1.70603,1,lost
2026020056,2026-10-08,UTA,BOS,8478401,P. Zacha,assists,over,0.5,0.283714,0.348978,-0.0652645,-0.219787,2.75,0.334791,1,won
2026020056,2026-10-08,UTA,BOS,8478401,P. Zacha,goals,over,0.5,0.247793,0.259686,-0.0118922,-0.0831645,3.7,0.286781,0,lost
2026020056,2026-10-08,UTA,BOS,8478401,P. Zacha,points,under,0.5,0.539176,0.49719,0.0419861,0.029827,1.91,0.621544,1,lost
2026020056,2026-10-08,UTA,BOS,8478401,P. Zacha,sog,under,1.5,0.505365,0.455661,0.0497035,0.0511592,2.08,1.70603,1,won
2026020056,2026-10-08,UTA,BOS,8478401,P. Zacha,assists,under,0.5,0.716286,0.651022,0.0652645,0.0744294,1.5,0.334791,1,lost
2026020056,2026-10-08,UTA,BOS,8478474,L. Crouse,assists,over,0.5,0.24787,0.213514,0.0343559,0.0162653,4.1,0.285658,0,lost
2026020056,2026-10-08,UTA,BOS,8478474,L. Crouse,goals,over,0.5,0.251295,0.167324,0.0839707,0.482641,5.9,0.291515,0,lost
2026020056,2026-10-08,UTA,BOS,8478474,L. Crouse,points,over,0.5,0.434416,0.344769,0.0896471,0.194643,2.75,0.573156,0,lost
2026020056,2026-10-08,UTA,BOS,8478474,L. Crouse,sog,over,1.5,0.56539,0.5,0.0653903,0.0346642,1.83,1.96636,1,lost
2026020056,2026-10-08,UTA,BOS,8478474,L. Crouse,assists,under,0.5,0.75213,0.786486,-0.0343559,-0.0824009,1.22,0.285658,0,won
2026020056,2026-10-08,UTA,BOS,8478474,L. Crouse,points,under,0.5,0.565584,0.655231,-0.0896471,-0.162935,1.48,0.573156,0,won
2026020056,2026-10-08,UTA,BOS,8478474,L. Crouse,sog,under,1.5,0.43461,0.5,-0.0653903,-0.204664,1.83,1.96636,1,won
2026020056,2026-10-08,UTA,BOS,8478507,J. Marino,assists,over,0.5,0.26083,0.272167,-0.0113366,-0.152302,3.25,0.303143,0,lost
2026020056,2026-10-08,UTA,BOS,8478507,J. Marino,goals,over,0.5,0.043769,0.0932742,-0.0495052,-0.343464,15,0.0448059,0,lost
2026020056,2026-10-08,UTA,BOS,8478507,J. Marino,points,over,0.5,0.320278,0.319555,0.000722426,-0.0840053,2.86,0.387566,0,lost
2026020056,2026-10-08,UTA,BOS,8478507,J. Marino,assists,under,0.5,0.73917,0.727833,0.0113366,-0.0316875,1.31,0.303143,0,won
2026020056,2026-10-08,UTA,BOS,8478507,J. Marino,points,under,0.5,0.679722,0.680445,-0.000722426,-0.048389,1.4,0.387566,0,won
2026020056,2026-10-08,UTA,BOS,8478831,K. Stenlund,goals,over,0.5,0.0598417,0.0869328,-0.0270911,-0.222057,13,0.0618023,0,lost
2026020056,2026-10-08,UTA,BOS,8478840,W. Borgen,assists,over,0.5,0.184854,0.126473,0.0583809,0.201548,6.5,0.204806,0,lost
2026020056,2026-10-08,UTA,BOS,8478840,W. Borgen,points,over,0.5,0.22981,0.160455,0.0693547,0.206503,5.25,0.261801,0,lost
2026020056,2026-10-08,UTA,BOS,8478840,W. Borgen,goals,over,0.5,0.0577572,0.061508,-0.00375088,0.270658,22,0.0595808,0,lost
2026020056,2026-10-08,UTA,BOS,8478840,W. Borgen,assists,under,0.5,0.815146,0.873527,-0.0583809,-0.0951874,1.11,0.204806,0,won
2026020056,2026-10-08,UTA,BOS,8478840,W. Borgen,points,under,0.5,0.77019,0.839545,-0.0693547,-0.114282,1.15,0.261801,0,won
2026020056,2026-10-08,UTA,BOS,8479343,C. Keller,goals,over,0.5,0.25481,0.291213,-0.0364029,-0.159126,3.3,0.29629,0,lost
2026020056,2026-10-08,UTA,BOS,8479343,C. Keller,sog,over,2.5,0.440194,0.472714,-0.0325198,-0.110808,2.02,2.48212,4,won
2026020056,2026-10-08,UTA,BOS,8479343,C. Keller,points,over,0.5,0.660475,0.641374,0.0191,-0.00928818,1.5,1.09196,0,lost
2026020056,2026-10-08,UTA,BOS,8479343,C. Keller,assists,over,0.5,0.488357,0.505844,-0.0174876,-0.106307,1.83,0.674638,0,lost
2026020056,2026-10-08,UTA,BOS,8479343,C. Keller,sog,under,2.5,0.559806,0.527286,0.0325198,0.0188464,1.82,2.48212,4,lost
2026020056,2026-10-08,UTA,BOS,8479343,C. Keller,points,under,0.5,0.339525,0.358626,-0.0191,-0.117234,2.6,1.09196,0,won
2026020056,2026-10-08,UTA,BOS,8479343,C. Keller,assists,under,0.5,0.511643,0.494156,0.0174876,-0.0432271,1.87,0.674638,0,won
2026020056,2026-10-08,UTA,BOS,8479369,A. Peeke,goals,over,0.5,0.114245,0.0567728,0.0574719,1.51338,22,0.121683,0,lost
2026020056,2026-10-08,UTA,BOS,8479410,M. Sergachev,points,over,0.5,0.558601,0.518951,0.0396498,0.0222403,1.83,0.824531,0,lost
2026020056,2026-10-08,UTA,BOS,8479410,M. Sergachev,assists,over,0.5,0.428547,0.450669,-0.0221219,-0.100051,2.1,0.562716,0,lost
2026020056,2026-10-08,UTA,BOS,8479410,M. Sergachev,sog,over,1.5,0.61662,0.587396,0.0292247,0.0174235,1.65,2.17795,0,lost
2026020056,2026-10-08,UTA,BOS,8479410,M. Sergachev,goals,over,0.5,0.139388,0.143203,-0.00381544,0.01056,7.25,0.150676,0,lost
2026020056,2026-10-08,UTA,BOS,8479410,M. Sergachev,points,under,0.5,0.441399,0.481049,-0.0396498,-0.121617,1.99,0.824531,0,won
2026020056,2026-10-08,UTA,BOS,8479410,M. Sergachev,assists,under,0.5,0.571453,0.549331,0.0221219,-0.00567176,1.74,0.562716,0,won
2026020056,2026-10-08,UTA,BOS,8479410,M. Sergachev,sog,under,1.5,0.38338,0.412604,-0.0292247,-0.0952239,2.36,2.17795,0,won
2026020056,2026-10-08,UTA,BOS,8479619,M. Carcone,goals,over,0.5,0.158591,0.162502,-0.00391107,-0.0484569,6,0.173424,0,lost
2026020056,2026-10-08,UTA,BOS,8479661,T. Jeannot,goals,over,0.5,0.0936617,0.10293,-0.00926778,0.123941,12,0.0985848,0,lost
2026020056,2026-10-08,UTA,BOS,8479987,M. Geekie,goals,over,0.5,0.237986,0.286937,-0.0489507,-0.190846,3.4,0.273646,1,won
2026020056,2026-10-08,UTA,BOS,8479987,M. Geekie,assists,over,0.5,0.278253,0.325631,-0.047378,-0.20698,2.85,0.327146,2,won
2026020056,2026-10-08,UTA,BOS,8479987,M. Geekie,sog,over,2.5,0.267141,0.394833,-0.127693,-0.326806,2.52,1.77908,1,lost
2026020056,2026-10-08,UTA,BOS,8479987,M. Geekie,points,over,0.5,0.436998,0.507707,-0.0707088,-0.165333,1.91,0.577786,3,won
2026020056,2026-10-08,UTA,BOS,8479987,M. Geekie,assists,under,0.5,0.721747,0.674369,0.047378,0.0320988,1.43,0.327146,2,lost
2026020056,2026-10-08,UTA,BOS,8479987,M. Geekie,sog,under,2.5,0.732859,0.605167,0.127693,0.179904,1.61,1.77908,1,won
2026020056,2026-10-08,UTA,BOS,8479987,M. Geekie,points,under,0.5,0.563002,0.492293,0.0707088,0.097853,1.95,0.577786,3,lost
2026020056,2026-10-08,UTA,BOS,8479999,C. Mittelstadt,goals,over,0.5,0.12809,0.165707,-0.0376168,-0.167417,6.5,0.13754,1,won
2026020056,2026-10-08,UTA,BOS,8479999,C. Mittelstadt,points,over,0.5,0.323098,0.403215,-0.0801164,-0.250412,2.32,0.391756,1,won
2026020056,2026-10-08,UTA,BOS,8479999,C. Mittelstadt,assists,over,0.5,0.233762,0.297843,-0.0640811,-0.275337,3.1,0.266973,0,lost
2026020056,2026-10-08,UTA,BOS,8479999,C. Mittelstadt,points,under,0.5,0.676902,0.596785,0.0801164,0.0898115,1.61,0.391756,1,lost
2026020056,2026-10-08,UTA,BOS,8479999,C. Mittelstadt,assists,under,0.5,0.766238,0.702157,0.0640811,0.0420833,1.36,0.266973,0,won
2026020056,2026-10-08,UTA,BOS,8480355,M. Kastelic,goals,over,0.5,0.145012,0.10269,0.0423218,0.522627,10.5,0.157283,0,lost
2026020056,2026-10-08,UTA,BOS,8480355,M. Kastelic,sog,over,1.5,0.272312,0.408801,-0.13649,-0.400915,2.2,1.02334,1,lost
2026020056,2026-10-08,UTA,BOS,8480355,M. Kastelic,sog,under,1.5,0.727688,0.591199,0.13649,0.142471,1.57,1.02334,1,won
2026020056,2026-10-08,UTA,BOS,8480849,B. Hayton,goals,over,0.5,0.12327,0.164136,-0.0408655,-0.26038,6,0.13199,0,lost
2026020056,2026-10-08,UTA,BOS,8480849,B. Hayton,sog,over,1.5,0.439743,0.395425,0.0443183,-0.010578,2.25,1.52277,3,won
2026020056,2026-10-08,UTA,BOS,8480849,B. Hayton,points,over,0.5,0.278368,0.32302,-0.0446518,-0.206652,2.85,0.327306,1,won
2026020056,2026-10-08,UTA,BOS,8480849,B. Hayton,assists,over,0.5,0.18363,0.212115,-0.0284854,-0.247118,4.1,0.203299,1,won
2026020056,2026-10-08,UTA,BOS,8480849,B. Hayton,sog,under,1.5,0.560257,0.604575,-0.0443183,-0.142807,1.53,1.52277,3,lost
2026020056,2026-10-08,UTA,BOS,8480849,B. Hayton,points,under,0.5,0.721632,0.67698,0.0446518,0.0247177,1.42,0.327306,1,lost
2026020056,2026-10-08,UTA,BOS,8480849,B. Hayton,assists,under,0.5,0.81637,0.787885,0.0284854,-0.00402825,1.22,0.203299,1,lost
2026020056,2026-10-08,UTA,BOS,8480855,J. McBain,goals,over,0.5,0.122204,0.114827,0.00737616,0.0387299,8.5,0.130766,1,won
2026020056,2026-10-08,UTA,BOS,8480855,J. McBain,points,over,0.5,0.226689,0.236508,-0.00981916,-0.149917,3.75,0.257736,1,won
2026020056,2026-10-08,UTA,BOS,8480855,J. McBain,assists,over,0.5,0.13462,0.152313,-0.0176928,-0.259591,5.5,0.144796,0,lost
2026020056,2026-10-08,UTA,BOS,8480855,J. McBain,points,under,0.5,0.773311,0.763492,0.00981916,-0.0256279,1.26,0.257736,1,lost
2026020056,2026-10-08,UTA,BOS,8480855,J. McBain,assists,under,0.5,0.86538,0.847687,0.0176928,-0.0134666,1.14,0.144796,0,won
2026020056,2026-10-08,UTA,BOS,8482175,J. Peterka,sog,over,1.5,0.536182,0.573491,-0.0373087,-0.0831291,1.71,1.85503,0,lost
2026020056,2026-10-08,UTA,BOS,8482175,J. Peterka,goals,over,0.5,0.227652,0.277745,-0.0500929,-0.180454,3.6,0.259995,0,lost
2026020056,2026-10-08,UTA,BOS,8482175,J. Peterka,points,over,0.5,0.383655,0.48627,-0.102615,-0.232691,2,0.486297,0,lost
2026020056,2026-10-08,UTA,BOS,8482175,J. Peterka,assists,over,0.5,0.218271,0.323052,-0.104781,-0.38884,2.8,0.246855,0,lost
2026020056,2026-10-08,UTA,BOS,8482175,J. Peterka,sog,under,1.5,0.463818,0.426509,0.0373087,0.0435909,2.25,1.85503,0,won
2026020056,2026-10-08,UTA,BOS,8482175,J. Peterka,points,under,0.5,0.616345,0.51373,0.102615,0.17722,1.91,0.486297,0,won
2026020056,2026-10-08,UTA,BOS,8482175,J. Peterka,assists,under,0.5,0.781729,0.676948,0.104781,0.0944201,1.4,0.246855,0,won
2026020056,2026-10-08,UTA,BOS,8482177,M. Khusnutdinov,goals,over,0.5,0.116133,0.140032,-0.0238992,-0.129,7.5,0.123831,0,lost
2026020056,2026-10-08,UTA,BOS,8482177,M. Khusnutdinov,points,over,0.5,0.271693,0.307173,-0.0354795,-0.198505,2.95,0.31804,0,lost
2026020056,2026-10-08,UTA,BOS,8482177,M. Khusnutdinov,assists,over,0.5,0.194194,0.203056,-0.00886169,-0.164965,4.3,0.216379,0,lost
2026020056,2026-10-08,UTA,BOS,8482177,M. Khusnutdinov,points,under,0.5,0.728307,0.692827,0.0354795,0.00506338,1.38,0.31804,0,won
2026020056,2026-10-08,UTA,BOS,8482177,M. Khusnutdinov,assists,under,0.5,0.805806,0.796944,0.00886169,-0.024975,1.21,0.216379,0,won
2026020056,2026-10-08,UTA,BOS,8482511,M. Lohrei,assists,over,0.5,0.210841,0.259462,-0.0486205,-0.283139,3.4,0.23735,0,lost
2026020056,2026-10-08,UTA,BOS,8482511,M. Lohrei,goals,over,0.5,0.0681003,0.11498,-0.0468798,-0.387097,9,0.0706546,1,won
2026020056,2026-10-08,UTA,BOS,8482511,M. Lohrei,points,over,0.5,0.26448,0.334183,-0.0697033,-0.275325,2.74,0.308123,1,won
2026020056,2026-10-08,UTA,BOS,8482511,M. Lohrei,assists,under,0.5,0.789159,0.740538,0.0486205,0.0180146,1.29,0.23735,0,won
2026020056,2026-10-08,UTA,BOS,8482511,M. Lohrei,points,under,0.5,0.73552,0.665817,0.0697033,0.0517939,1.43,0.308123,1,lost
2026020056,2026-10-08,UTA,BOS,8482699,D. Guenther,goals,over,0.5,0.304957,0.341039,-0.0360826,-0.130873,2.85,0.36711,0,lost
2026020056,2026-10-08,UTA,BOS,8482699,D. Guenther,sog,over,2.5,0.497742,0.559716,-0.0619732,-0.158815,1.69,2.73712,0,lost
2026020056,2026-10-08,UTA,BOS,8482699,D. Guenther,assists,over,0.5,0.355566,0.372956,-0.0173894,-0.128862,2.45,0.44132,0,lost
2026020056,2026-10-08,UTA,BOS,8482699,D. Guenther,points,over,0.5,0.570152,0.584357,-0.0142053,-0.0763543,1.62,0.851492,0,lost
2026020056,2026-10-08,UTA,BOS,8482699,D. Guenther,sog,under,2.5,0.502258,0.440284,0.0619732,0.0848763,2.16,2.73712,0,won
2026020056,2026-10-08,UTA,BOS,8482699,D. Guenther,points,under,0.5,0.429848,0.415643,0.0142053,-0.0371398,2.24,0.851492,0,won
2026020056,2026-10-08,UTA,BOS,8482699,D. Guenther,assists,under,0.5,0.644434,0.627044,0.0173894,-0.0269053,1.51,0.44132,0,won
2026020056,2026-10-08,UTA,BOS,8483431,L. Cooley,goals,over,0.5,0.234281,0.279995,-0.045714,-0.180016,3.5,0.26873,0,lost
2026020056,2026-10-08,UTA,BOS,8483431,L. Cooley,points,over,0.5,0.52299,0.55833,-0.0353395,-0.105686,1.71,0.745725,0,lost
2026020056,2026-10-08,UTA,BOS,8483431,L. Cooley,assists,over,0.5,0.362252,0.394646,-0.0323948,-0.130596,2.4,0.451841,0,lost
2026020056,2026-10-08,UTA,BOS,8483431,L. Cooley,sog,over,1.5,0.440325,0.589307,-0.148982,-0.25585,1.69,1.52465,0,lost
2026020056,2026-10-08,UTA,BOS,8483431,L. Cooley,points,under,0.5,0.47701,0.44167,0.0353395,0.0255706,2.15,0.745725,0,won
2026020056,2026-10-08,UTA,BOS,8483431,L. Cooley,assists,under,0.5,0.637748,0.605354,0.0323948,0.01402,1.59,0.451841,0,won
2026020056,2026-10-08,UTA,BOS,8483431,L. Cooley,sog,under,1.5,0.559675,0.410693,0.148982,0.320832,2.36,1.52465,0,won
2026020056,2026-10-08,UTA,BOS,8483489,F. Minten,points,over,0.5,0.334877,0.363713,-0.0288358,-0.136017,2.58,0.409451,0,lost
2026020056,2026-10-08,UTA,BOS,8483489,F. Minten,assists,over,0.5,0.226979,0.248322,-0.0213427,-0.171526,3.65,0.258113,0,lost
2026020056,2026-10-08,UTA,BOS,8483489,F. Minten,goals,over,0.5,0.162505,0.167736,-0.0052308,-0.0412186,5.9,0.178129,0,lost
2026020056,2026-10-08,UTA,BOS,8483489,F. Minten,sog,over,1.5,0.448871,0.43744,0.0114307,-0.034928,2.15,1.55233,4,won
2026020056,2026-10-08,UTA,BOS,8483489,F. Minten,points,under,0.5,0.665123,0.636287,0.0288358,-0.00231546,1.5,0.409451,0,won
2026020056,2026-10-08,UTA,BOS,8483489,F. Minten,assists,under,0.5,0.773021,0.751678,0.0213427,-0.0182634,1.27,0.258113,0,won
2026020056,2026-10-08,UTA,BOS,8483489,F. Minten,sog,under,1.5,0.551129,0.56256,-0.0114307,-0.0685915,1.69,1.55233,4,lost
2026020056,2026-10-08,UTA,BOS,8483505,M. Poitras,goals,over,0.5,0.0981492,0.106512,-0.00836316,-0.0185077,10,0.103573,1,won
2026020056,2026-10-08,UTA,BOS,8484386,D. Simashev,goals,over,0.5,0.0282835,0.0601019,-0.0318184,-0.490897,18,0.0287118,0,lost
2026020056,2026-10-08,UTA,BOS,8484388,D. But,goals,over,0.5,0.109766,0.154527,-0.0447606,-0.259076,6.75,0.11661,0,lost
2026020056,2026-10-08,UTA,BOS,8485395,J. Hagens,points,over,0.5,0.34381,0.377155,-0.0333455,-0.123286,2.55,0.423084,1,won
2026020056,2026-10-08,UTA,BOS,8485395,J. Hagens,assists,over,0.5,0.192473,0.254045,-0.0615721,-0.287851,3.7,0.214236,1,won
2026020056,2026-10-08,UTA,BOS,8485395,J. Hagens,goals,over,0.5,0.194999,0.17898,0.0160189,0.0919946,5.6,0.218092,0,lost
2026020056,2026-10-08,UTA,BOS,8485395,J. Hagens,sog,over,1.5,0.431071,0.428009,0.00306256,-0.0300901,2.25,1.49499,0,lost
2026020056,2026-10-08,UTA,BOS,8485395,J. Hagens,points,under,0.5,0.65619,0.622845,0.0333455,0.0302189,1.57,0.423084,1,lost
2026020056,2026-10-08,UTA,BOS,8485395,J. Hagens,assists,under,0.5,0.807527,0.745955,0.0615721,0.0740115,1.33,0.214236,1,lost
2026020056,2026-10-08,UTA,BOS,8485395,J. Hagens,sog,under,1.5,0.568929,0.571991,-0.00306256,-0.0385101,1.69,1.49499,0,won
2026020057,2026-10-08,DAL,BUF,8473994,J. Benn,goals,over,0.5,0.137727,0.177921,-0.040194,-0.208069,5.75,0.148734,0,lost
2026020057,2026-10-08,DAL,BUF,8473994,J. Benn,assists,over,0.5,0.189138,0.264915,-0.0757777,-0.338018,3.5,0.210097,0,lost
2026020057,2026-10-08,DAL,BUF,8473994,J. Benn,points,over,0.5,0.304578,0.388618,-0.0840399,-0.238555,2.5,0.364559,0,lost
2026020057,2026-10-08,DAL,BUF,8473994,J. Benn,sog,over,1.5,0.28734,0.440872,-0.153532,-0.410953,2.05,1.066,0,lost
2026020057,2026-10-08,DAL,BUF,8473994,J. Benn,assists,under,0.5,0.810862,0.735085,0.0757777,0.0622295,1.31,0.210097,0,won
2026020057,2026-10-08,DAL,BUF,8473994,J. Benn,points,under,0.5,0.695422,0.611382,0.0840399,0.126584,1.62,0.364559,0,won
2026020057,2026-10-08,DAL,BUF,8473994,J. Benn,sog,under,1.5,0.71266,0.559128,0.153532,0.175889,1.65,1.066,0,won
2026020057,2026-10-08,DAL,BUF,8474574,T. Myers,goals,over,0.5,0.0295032,0.0640231,-0.0345199,-0.321425,23,0.0299697,0,lost
2026020057,2026-10-08,DAL,BUF,8474574,T. Myers,points,over,0.5,0.16566,0.126473,0.0391872,0.0767886,6.5,0.181442,0,lost
2026020057,2026-10-08,DAL,BUF,8474574,T. Myers,assists,over,0.5,0.14721,0.099537,0.0476734,0.177684,8,0.159496,0,lost
2026020057,2026-10-08,DAL,BUF,8474574,T. Myers,points,under,0.5,0.83434,0.873527,-0.0391872,-0.0738824,1.11,0.181442,0,won
2026020057,2026-10-08,DAL,BUF,8474574,T. Myers,assists,under,0.5,0.85279,0.900463,-0.0476734,-0.0789873,1.08,0.159496,0,won
2026020057,2026-10-08,DAL,BUF,8475794,T. Seguin,assists,over,0.5,0.237331,0.232643,0.00468793,-0.00320924,4.2,0.271667,0,lost
2026020057,2026-10-08,DAL,BUF,8475794,T. Seguin,goals,over,0.5,0.144359,0.217114,-0.0727556,-0.33595,4.6,0.156513,0,lost
2026020057,2026-10-08,DAL,BUF,8475794,T. Seguin,sog,over,1.5,0.397896,0.476646,-0.0787495,-0.176355,2.07,1.3912,0,lost
2026020057,2026-10-08,DAL,BUF,8475794,T. Seguin,points,over,0.5,0.349319,0.401,-0.051681,-0.144167,2.45,0.431589,0,lost
2026020057,2026-10-08,DAL,BUF,8475794,T. Seguin,assists,under,0.5,0.762669,0.767357,-0.00468793,-0.0161572,1.29,0.271667,0,won
2026020057,2026-10-08,DAL,BUF,8475794,T. Seguin,sog,under,1.5,0.602104,0.523354,0.0787495,0.150019,1.91,1.3912,0,won
2026020057,2026-10-08,DAL,BUF,8475794,T. Seguin,points,under,0.5,0.650681,0.599,0.051681,0.0866364,1.67,0.431589,0,won
2026020057,2026-10-08,DAL,BUF,8476278,C. Blackwell,goals,over,0.5,0.0916803,0.101851,-0.0101709,-0.129037,9.5,0.0963904,0,lost
2026020057,2026-10-08,DAL,BUF,8476278,C. Blackwell,points,over,0.5,0.219353,0.19697,0.0223838,-0.0348446,4.4,0.248247,0,lost
2026020057,2026-10-08,DAL,BUF,8476278,C. Blackwell,assists,over,0.5,0.148865,0.126473,0.0223921,-0.0323791,6.5,0.161444,0,lost
2026020057,2026-10-08,DAL,BUF,8476278,C. Blackwell,assists,under,0.5,0.851135,0.873527,-0.0223921,-0.0552399,1.11,0.161444,0,won
2026020057,2026-10-08,DAL,BUF,8476278,C. Blackwell,points,under,0.5,0.780647,0.80303,-0.0223838,-0.0632242,1.2,0.248247,0,won
2026020057,2026-10-08,DAL,BUF,8476889,R. Faksa,points,over,0.5,0.183565,0.14836,0.0352052,0.0554999,5.75,0.20322,0,lost
2026020057,2026-10-08,DAL,BUF,8476889,R. Faksa,goals,over,0.5,0.0579005,0.0826308,-0.0247303,-0.247293,13,0.0597334,0,lost
2026020057,2026-10-08,DAL,BUF,8476889,R. Faksa,assists,over,0.5,0.137638,0.0882658,0.0493726,0.238746,9,0.1483,0,lost
2026020057,2026-10-08,DAL,BUF,8476889,R. Faksa,points,under,0.5,0.816435,0.85164,-0.0352052,-0.0692643,1.14,0.20322,0,won
2026020057,2026-10-08,DAL,BUF,8476889,R. Faksa,assists,under,0.5,0.862362,0.911734,-0.0493726,-0.0772731,1.07,0.1483,0,won
2026020057,2026-10-08,DAL,BUF,8476902,E. Lindell,assists,over,0.5,0.243286,0.22987,0.0134163,-0.0633474,3.85,0.279549,0,lost
2026020057,2026-10-08,DAL,BUF,8476902,E. Lindell,goals,over,0.5,0.100164,0.0869442,0.0132199,0.502462,15,0.105822,0,lost
2026020057,2026-10-08,DAL,BUF,8476902,E. Lindell,points,over,0.5,0.309847,0.272966,0.0368802,0.0317893,3.33,0.37222,0,lost
2026020057,2026-10-08,DAL,BUF,8476902,E. Lindell,assists,under,0.5,0.756714,0.77013,-0.0134163,-0.054108,1.25,0.279549,0,won
2026020057,2026-10-08,DAL,BUF,8476902,E. Lindell,points,under,0.5,0.690153,0.727034,-0.0368802,-0.0889975,1.32,0.37222,0,won
2026020057,2026-10-08,DAL,BUF,8478420,M. Rantanen,goals,over,0.5,0.229563,0.305667,-0.0761037,-0.276876,3.15,0.262505,1,won
2026020057,2026-10-08,DAL,BUF,8478420,M. Rantanen,sog,over,2.5,0.270893,0.400739,-0.129846,-0.344439,2.42,1.79396,2,lost
2026020057,2026-10-08,DAL,BUF,8478420,M. Rantanen,points,over,0.5,0.532263,0.659063,-0.126799,-0.21225,1.48,0.765653,4,won
2026020057,2026-10-08,DAL,BUF,8478420,M. Rantanen,assists,over,0.5,0.391213,0.510684,-0.11947,-0.268431,1.87,0.498759,3,won
2026020057,2026-10-08,DAL,BUF,8478420,M. Rantanen,sog,under,2.5,0.729107,0.599261,0.129846,0.173863,1.61,1.79396,2,won
2026020057,2026-10-08,DAL,BUF,8478420,M. Rantanen,points,under,0.5,0.467737,0.340937,0.126799,0.309662,2.8,0.765653,4,lost
2026020057,2026-10-08,DAL,BUF,8478420,M. Rantanen,assists,under,0.5,0.608787,0.489316,0.11947,0.187134,1.95,0.498759,3,lost
2026020057,2026-10-08,DAL,BUF,8478449,R. Hintz,sog,over,1.5,0.516615,0.606083,-0.0894676,-0.188914,1.57,1.7836,6,won
2026020057,2026-10-08,DAL,BUF,8478449,R. Hintz,assists,over,0.5,0.307179,0.403338,-0.0961598,-0.293489,2.3,0.368333,0,lost
2026020057,2026-10-08,DAL,BUF,8478449,R. Hintz,goals,over,0.5,0.147377,0.279029,-0.131652,-0.498918,3.4,0.160075,1,won
2026020057,2026-10-08,DAL,BUF,8478449,R. Hintz,points,over,0.5,0.424808,0.569839,-0.145032,-0.290571,1.67,0.556121,1,won
2026020057,2026-10-08,DAL,BUF,8478449,R. Hintz,sog,under,1.5,0.483385,0.393917,0.0894676,0.135954,2.35,1.7836,6,lost
2026020057,2026-10-08,DAL,BUF,8478449,R. Hintz,assists,under,0.5,0.692821,0.596662,0.0961598,0.101586,1.59,0.368333,0,won
2026020057,2026-10-08,DAL,BUF,8478449,R. Hintz,points,under,0.5,0.575192,0.430161,0.145032,0.265423,2.2,0.556121,1,lost
2026020057,2026-10-08,DAL,BUF,8479351,S. Steel,points,over,0.5,0.329891,0.319555,0.010336,-0.0565104,2.86,0.401922,1,won
2026020057,2026-10-08,DAL,BUF,8479351,S. Steel,assists,over,0.5,0.227303,0.212115,0.0151882,-0.0680564,4.1,0.258535,0,lost
2026020057,2026-10-08,DAL,BUF,8479351,S. Steel,goals,over,0.5,0.140422,0.161057,-0.0206356,-0.143427,6.1,0.151887,1,won
2026020057,2026-10-08,DAL,BUF,8479351,S. Steel,points,under,0.5,0.670109,0.680445,-0.010336,-0.061848,1.4,0.401922,1,lost
2026020057,2026-10-08,DAL,BUF,8479351,S. Steel,assists,under,0.5,0.772697,0.787885,-0.0151882,-0.05731,1.22,0.258535,0,won
2026020057,2026-10-08,DAL,BUF,8479359,B. Malenstyn,assists,over,0.5,0.0993414,0.0882658,0.0110756,-0.105927,9,0.104739,0,lost
2026020057,2026-10-08,DAL,BUF,8479359,B. Malenstyn,goals,over,0.5,0.0819104,0.0773607,0.00454976,0.0648356,13,0.0856432,0,lost
2026020057,2026-10-08,DAL,BUF,8479359,B. Malenstyn,points,over,0.5,0.158253,0.136905,0.0213478,-0.0504849,6,0.172572,0,lost
2026020057,2026-10-08,DAL,BUF,8479359,B. Malenstyn,assists,under,0.5,0.900659,0.911734,-0.0110756,-0.0362953,1.07,0.104739,0,won
2026020057,2026-10-08,DAL,BUF,8479359,B. Malenstyn,points,under,0.5,0.841747,0.863095,-0.0213478,-0.0572428,1.12,0.172572,0,won
2026020057,2026-10-08,DAL,BUF,8479420,T. Thompson,assists,over,0.5,0.369907,0.405292,-0.0353843,-0.149213,2.3,0.464028,0,lost
2026020057,2026-10-08,DAL,BUF,8479420,T. Thompson,sog,over,3.5,0.387571,0.429955,-0.0423838,-0.139593,2.22,3.17877,6,won
2026020057,2026-10-08,DAL,BUF,8479420,T. Thompson,points,over,0.5,0.568684,0.622318,-0.0536336,-0.124226,1.54,0.848026,0,lost
2026020057,2026-10-08,DAL,BUF,8479420,T. Thompson,goals,over,0.5,0.312042,0.36266,-0.0506182,-0.173089,2.65,0.377547,0,lost
2026020057,2026-10-08,DAL,BUF,8479420,T. Thompson,assists,under,0.5,0.630093,0.594708,0.0353843,0.0144493,1.61,0.464028,0,won
2026020057,2026-10-08,DAL,BUF,8479420,T. Thompson,sog,under,3.5,0.612429,0.570045,0.0423838,0.0472539,1.71,3.17877,6,lost
2026020057,2026-10-08,DAL,BUF,8479420,T. Thompson,points,under,0.5,0.431316,0.377682,0.0536336,0.0782892,2.5,0.848026,0,won
2026020057,2026-10-08,DAL,BUF,8479941,J. Danforth,goals,over,0.5,0.0974537,0.0856651,0.0117886,0.266898,13,0.102799,0,lost
2026020057,2026-10-08,DAL,BUF,8479941,J. Danforth,assists,over,0.5,0.14373,0.126473,0.0172576,-0.0657534,6.5,0.155411,0,lost
2026020057,2026-10-08,DAL,BUF,8479941,J. Danforth,points,over,0.5,0.21471,0.19697,0.0177406,-0.0552745,4.4,0.242288,0,lost
2026020057,2026-10-08,DAL,BUF,8479941,J. Danforth,assists,under,0.5,0.85627,0.873527,-0.0172576,-0.0495406,1.11,0.155411,0,won
2026020057,2026-10-08,DAL,BUF,8479941,J. Danforth,points,under,0.5,0.78529,0.80303,-0.0177406,-0.0576524,1.2,0.242288,0,won
2026020057,2026-10-08,DAL,BUF,8480027,J. Robertson,assists,over,0.5,0.37493,0.408809,-0.0338789,-0.118914,2.35,0.472107,0,lost
2026020057,2026-10-08,DAL,BUF,8480027,J. Robertson,sog,over,3.5,0.322822,0.408565,-0.0857434,-0.244597,2.34,2.8558,4,won
2026020057,2026-10-08,DAL,BUF,8480027,J. Robertson,points,over,0.5,0.574895,0.628363,-0.053468,-0.120411,1.53,0.862778,1,won
2026020057,2026-10-08,DAL,BUF,8480027,J. Robertson,goals,over,0.5,0.316953,0.380602,-0.0636484,-0.207617,2.5,0.384848,1,won
2026020057,2026-10-08,DAL,BUF,8480027,J. Robertson,assists,under,0.5,0.62507,0.591191,0.0338789,0.0313649,1.65,0.472107,0,won
2026020057,2026-10-08,DAL,BUF,8480027,J. Robertson,sog,under,3.5,0.677178,0.591435,0.0857434,0.090257,1.61,2.8558,4,lost
2026020057,2026-10-08,DAL,BUF,8480027,J. Robertson,points,under,0.5,0.425105,0.371637,0.053468,0.0840177,2.55,0.862778,1,lost
2026020057,2026-10-08,DAL,BUF,8480036,M. Heiskanen,goals,over,0.5,0.175435,0.155171,0.0202646,0.122786,6.4,0.193833,0,lost
2026020057,2026-10-08,DAL,BUF,8480036,M. Heiskanen,sog,over,1.5,0.477222,0.591662,-0.11444,-0.212584,1.65,1.64639,1,lost
2026020057,2026-10-08,DAL,BUF,8480036,M. Heiskanen,points,over,0.5,0.441304,0.545076,-0.103772,-0.223305,1.76,0.585552,0,lost
2026020057,2026-10-08,DAL,BUF,8480036,M. Heiskanen,assists,over,0.5,0.322176,0.481322,-0.159146,-0.355647,2,0.390384,0,lost
2026020057,2026-10-08,DAL,BUF,8480036,M. Heiskanen,points,under,0.5,0.558696,0.454924,0.103772,0.173261,2.1,0.585552,0,won
2026020057,2026-10-08,DAL,BUF,8480036,M. Heiskanen,sog,under,1.5,0.522778,0.408338,0.11444,0.20239,2.3,1.64639,1,won
2026020057,2026-10-08,DAL,BUF,8480036,M. Heiskanen,assists,under,0.5,0.677824,0.518678,0.159146,0.26753,1.87,0.390384,0,won
2026020057,2026-10-08,DAL,BUF,8480064,J. Norris,sog,over,1.5,0.415061,0.458401,-0.0433397,-0.12007,2.12,1.44444,3,won
2026020057,2026-10-08,DAL,BUF,8480064,J. Norris,points,over,0.5,0.425693,0.457937,-0.0322431,-0.0847592,2.15,0.557679,0,lost
2026020057,2026-10-08,DAL,BUF,8480064,J. Norris,assists,over,0.5,0.286381,0.304511,-0.0181301,-0.140856,3,0.338547,0,lost
2026020057,2026-10-08,DAL,BUF,8480064,J. Norris,goals,over,0.5,0.19198,0.248494,-0.0565137,-0.24168,3.95,0.214308,0,lost
2026020057,2026-10-08,DAL,BUF,8480064,J. Norris,sog,under,1.5,0.584939,0.541599,0.0433397,0.0177931,1.74,1.44444,3,lost
2026020057,2026-10-08,DAL,BUF,8480064,J. Norris,points,under,0.5,0.574307,0.542063,0.0322431,0.0222657,1.78,0.557679,0,won
2026020057,2026-10-08,DAL,BUF,8480064,J. Norris,assists,under,0.5,0.713619,0.695489,0.0181301,-0.000933672,1.4,0.338547,0,won
2026020057,2026-10-08,DAL,BUF,8480802,R. McLeod,goals,over,0.5,0.160241,0.158832,0.00140873,-0.0225304,6.1,0.175405,0,lost
2026020057,2026-10-08,DAL,BUF,8480802,R. McLeod,assists,over,0.5,0.289427,0.231579,0.0578478,0.0998215,3.8,0.342853,0,lost
2026020057,2026-10-08,DAL,BUF,8480802,R. McLeod,points,over,0.5,0.399251,0.339368,0.0598822,0.0819689,2.71,0.512183,0,lost
2026020057,2026-10-08,DAL,BUF,8480802,R. McLeod,assists,under,0.5,0.710573,0.768421,-0.0578478,-0.111783,1.25,0.342853,0,won
2026020057,2026-10-08,DAL,BUF,8480802,R. McLeod,points,under,0.5,0.600749,0.660632,-0.0598822,-0.134921,1.44,0.512183,0,won
2026020057,2026-10-08,DAL,BUF,8480807,M. Samuelsson,assists,over,0.5,0.252765,0.221774,0.0309909,0.0110605,4,0.292226,0,lost
2026020057,2026-10-08,DAL,BUF,8480807,M. Samuelsson,points,over,0.5,0.352586,0.288299,0.0642876,0.128276,3.2,0.436666,0,lost
2026020057,2026-10-08,DAL,BUF,8480807,M. Samuelsson,goals,over,0.5,0.155903,0.0944106,0.0614925,1.02674,13,0.170208,0,lost
2026020057,2026-10-08,DAL,BUF,8480807,M. Samuelsson,assists,under,0.5,0.747235,0.778226,-0.0309909,-0.0734288,1.24,0.292226,0,won
2026020057,2026-10-08,DAL,BUF,8480807,M. Samuelsson,points,under,0.5,0.647414,0.711701,-0.0642876,-0.119517,1.36,0.436666,0,won
2026020057,2026-10-08,DAL,BUF,8480839,R. Dahlin,points,over,0.5,0.552878,0.570347,-0.0174693,-0.0656362,1.69,0.811438,0,lost
2026020057,2026-10-08,DAL,BUF,8480839,R. Dahlin,sog,over,2.5,0.385827,0.412426,-0.0265989,-0.112598,2.3,2.2542,1,lost
2026020057,2026-10-08,DAL,BUF,8480839,R. Dahlin,goals,over,0.5,0.253483,0.201873,0.0516095,0.292763,5.1,0.294484,0,lost
2026020057,2026-10-08,DAL,BUF,8480839,R. Dahlin,assists,over,0.5,0.390396,0.491356,-0.10096,-0.254344,1.91,0.497403,0,lost
2026020057,2026-10-08,DAL,BUF,8480839,R. Dahlin,points,under,0.5,0.447122,0.429653,0.0174693,0.00602455,2.25,0.811438,0,won
2026020057,2026-10-08,DAL,BUF,8480839,R. Dahlin,sog,under,2.5,0.614173,0.587574,0.0265989,0.0379521,1.69,2.2542,1,won
2026020057,2026-10-08,DAL,BUF,8480839,R. Dahlin,assists,under,0.5,0.609604,0.508644,0.10096,0.115576,1.83,0.497403,0,won
2026020057,2026-10-08,DAL,BUF,8480840,O. Bäck,goals,over,0.5,0.0651143,0.0929273,-0.0278131,-0.153515,13,0.0674444,0,lost
2026020057,2026-10-08,DAL,BUF,8480840,O. Bäck,assists,over,0.5,0.161321,0.0882658,0.073055,0.451888,9,0.176237,0,lost
2026020057,2026-10-08,DAL,BUF,8480840,O. Bäck,points,over,0.5,0.208408,0.160455,0.0479523,0.0941409,5.25,0.234256,0,lost
2026020057,2026-10-08,DAL,BUF,8480840,O. Bäck,points,under,0.5,0.791592,0.839545,-0.0479523,-0.089669,1.15,0.234256,0,won
2026020057,2026-10-08,DAL,BUF,8480840,O. Bäck,assists,under,0.5,0.838679,0.911734,-0.073055,-0.102613,1.07,0.176237,0,won
2026020057,2026-10-08,DAL,BUF,8480878,N. Lundkvist,assists,over,0.5,0.143197,0.107951,0.0352461,0.0739791,7.5,0.154787,1,won
2026020057,2026-10-08,DAL,BUF,8480878,N. Lundkvist,points,over,0.5,0.171733,0.14836,0.0233725,-0.0125377,5.75,0.188775,1,won
2026020057,2026-10-08,DAL,BUF,8480878,N. Lundkvist,goals,over,0.5,0.0403031,0.0646396,-0.0243365,-0.153636,21,0.0411801,0,lost
2026020057,2026-10-08,DAL,BUF,8480878,N. Lundkvist,assists,under,0.5,0.856803,0.892049,-0.0352461,-0.066085,1.09,0.154787,1,lost
2026020057,2026-10-08,DAL,BUF,8480878,N. Lundkvist,points,under,0.5,0.828267,0.85164,-0.0233725,-0.0557751,1.14,0.188775,1,lost
2026020057,2026-10-08,DAL,BUF,8481522,P. Krebs,assists,over,0.5,0.250176,0.221774,0.0284021,0.000705342,4,0.288748,0,lost
2026020057,2026-10-08,DAL,BUF,8481522,P. Krebs,goals,over,0.5,0.147316,0.121571,0.0257445,0.252183,8.5,0.160003,0,lost
2026020057,2026-10-08,DAL,BUF,8481522,P. Krebs,points,over,0.5,0.364592,0.295231,0.0693611,0.126589,3.09,0.455551,0,lost
2026020057,2026-10-08,DAL,BUF,8481522,P. Krebs,assists,under,0.5,0.749824,0.778226,-0.0284021,-0.0702187,1.24,0.288748,0,won
2026020057,2026-10-08,DAL,BUF,8481522,P. Krebs,points,under,0.5,0.635408,0.704769,-0.0693611,-0.135845,1.36,0.455551,0,won
2026020057,2026-10-08,DAL,BUF,8481581,T. Harley,assists,over,0.5,0.285045,0.300869,-0.0158244,-0.0878563,3.2,0.336664,1,won
2026020057,2026-10-08,DAL,BUF,8481581,T. Harley,points,over,0.5,0.341344,0.376804,-0.03546,-0.129573,2.55,0.419302,1,won
2026020057,2026-10-08,DAL,BUF,8481581,T. Harley,goals,over,0.5,0.0813351,0.120875,-0.0395396,-0.308652,8.5,0.085014,0,lost
2026020057,2026-10-08,DAL,BUF,8481581,T. Harley,sog,over,1.5,0.43392,0.491703,-0.057783,-0.153857,1.95,1.50409,0,lost
2026020057,2026-10-08,DAL,BUF,8481581,T. Harley,assists,under,0.5,0.714955,0.699131,0.0158244,0.000937115,1.4,0.336664,1,lost
2026020057,2026-10-08,DAL,BUF,8481581,T. Harley,points,under,0.5,0.658656,0.623196,0.03546,0.0604363,1.61,0.419302,1,lost
2026020057,2026-10-08,DAL,BUF,8481581,T. Harley,sog,under,1.5,0.56608,0.508297,0.057783,0.0812134,1.91,1.50409,0,won
2026020057,2026-10-08,DAL,BUF,8481806,L. Crevier,goals,over,0.5,0.134866,0.0718551,0.0630111,1.15786,16,0.145397,0,lost
2026020057,2026-10-08,DAL,BUF,8481806,L. Crevier,assists,over,0.5,0.232246,0.0915338,0.140713,0.974094,8.5,0.264986,0,lost
2026020057,2026-10-08,DAL,BUF,8481806,L. Crevier,points,over,0.5,0.333731,0.136905,0.196826,1.00238,6,0.407715,0,lost
2026020057,2026-10-08,DAL,BUF,8481806,L. Crevier,assists,under,0.5,0.767754,0.908466,-0.140713,-0.178504,1.07,0.264986,0,won
2026020057,2026-10-08,DAL,BUF,8481806,L. Crevier,points,under,0.5,0.666269,0.863095,-0.196826,-0.253778,1.12,0.407715,0,won
2026020057,2026-10-08,DAL,BUF,8482097,J. Quinn,goals,over,0.5,0.25965,0.274642,-0.0149925,-0.0522791,3.65,0.302902,0,lost
2026020057,2026-10-08,DAL,BUF,8482097,J. Quinn,sog,over,2.5,0.493627,0.453721,0.0399053,0.0366159,2.1,2.71829,1,lost
2026020057,2026-10-08,DAL,BUF,8482097,J. Quinn,assists,over,0.5,0.249575,0.315911,-0.0663363,-0.238797,3.05,0.287941,0,lost
2026020057,2026-10-08,DAL,BUF,8482097,J. Quinn,points,over,0.5,0.435704,0.497148,-0.0614441,-0.159092,1.93,0.575462,0,lost
2026020057,2026-10-08,DAL,BUF,8482097,J. Quinn,sog,under,2.5,0.506373,0.546279,-0.0399053,-0.113847,1.75,2.71829,1,won
2026020057,2026-10-08,DAL,BUF,8482097,J. Quinn,assists,under,0.5,0.750425,0.684089,0.0663363,0.073108,1.43,0.287941,0,won
2026020057,2026-10-08,DAL,BUF,8482097,J. Quinn,points,under,0.5,0.564296,0.502852,0.0614441,0.0778062,1.91,0.575462,0,won
2026020057,2026-10-08,DAL,BUF,8482659,J. Doan,points,over,0.5,0.346457,0.436884,-0.0904269,-0.237794,2.2,0.427162,0,lost
2026020057,2026-10-08,DAL,BUF,8482659,J. Doan,assists,over,0.5,0.218637,0.280732,-0.062094,-0.256633,3.4,0.247326,0,lost
2026020057,2026-10-08,DAL,BUF,8482659,J. Doan,goals,over,0.5,0.179207,0.23911,-0.0599029,-0.265252,4.1,0.198462,0,lost
2026020057,2026-10-08,DAL,BUF,8482659,J. Doan,sog,over,1.5,0.432445,0.545004,-0.112559,-0.234572,1.77,1.49937,1,lost
2026020057,2026-10-08,DAL,BUF,8482659,J. Doan,points,under,0.5,0.653543,0.563116,0.0904269,0.111023,1.7,0.427162,0,won
2026020057,2026-10-08,DAL,BUF,8482659,J. Doan,assists,under,0.5,0.781363,0.719268,0.062094,0.062653,1.36,0.247326,0,won
2026020057,2026-10-08,DAL,BUF,8482659,J. Doan,sog,under,1.5,0.567555,0.454996,0.112559,0.220243,2.15,1.49937,1,won
2026020057,2026-10-08,DAL,BUF,8482671,O. Power,sog,over,1.5,0.383355,0.46611,-0.0827548,-0.217955,2.04,1.34682,2,won
2026020057,2026-10-08,DAL,BUF,8482671,O. Power,goals,over,0.5,0.163287,0.103985,0.0593023,0.714516,10.5,0.179071,0,lost
2026020057,2026-10-08,DAL,BUF,8482671,O. Power,assists,over,0.5,0.355919,0.29578,0.0601387,0.121144,3.15,0.441871,0,lost
2026020057,2026-10-08,DAL,BUF,8482671,O. Power,points,over,0.5,0.471948,0.361965,0.109982,0.250661,2.65,0.642655,0,lost
2026020057,2026-10-08,DAL,BUF,8482671,O. Power,sog,under,1.5,0.616645,0.53389,0.0827548,0.10996,1.8,1.34682,2,lost
2026020057,2026-10-08,DAL,BUF,8482671,O. Power,assists,under,0.5,0.644081,0.70422,-0.0601387,-0.124049,1.36,0.441871,0,won
2026020057,2026-10-08,DAL,BUF,8482671,O. Power,points,under,0.5,0.528052,0.638035,-0.109982,-0.19208,1.53,0.642655,0,won
2026020057,2026-10-08,DAL,BUF,8482740,W. Johnston,assists,over,0.5,0.325578,0.39231,-0.0667316,-0.202334,2.45,0.395455,3,won
2026020057,2026-10-08,DAL,BUF,8482740,W. Johnston,points,over,0.5,0.512461,0.605139,-0.0926782,-0.169814,1.62,0.72357,3,won
2026020057,2026-10-08,DAL,BUF,8482740,W. Johnston,sog,over,2.5,0.383115,0.468455,-0.0853403,-0.195459,2.1,2.24308,1,lost
2026020057,2026-10-08,DAL,BUF,8482740,W. Johnston,goals,over,0.5,0.285915,0.349132,-0.0632164,-0.213733,2.75,0.339605,0,lost
2026020057,2026-10-08,DAL,BUF,8482740,W. Johnston,points,under,0.5,0.487539,0.394861,0.0926782,0.194471,2.45,0.72357,3,lost
2026020057,2026-10-08,DAL,BUF,8482740,W. Johnston,assists,under,0.5,0.674422,0.60769,0.0667316,0.0858196,1.61,0.395455,3,lost
2026020057,2026-10-08,DAL,BUF,8482740,W. Johnston,sog,under,2.5,0.616885,0.531545,0.0853403,0.153575,1.87,2.24308,1,won
2026020057,2026-10-08,DAL,BUF,8482803,O. Zellweger,goals,over,0.5,0.0420325,0.0873643,-0.0453319,-0.453578,13,0.0429875,0,lost
2026020057,2026-10-08,DAL,BUF,8482803,O. Zellweger,assists,over,0.5,0.1256,0.17265,-0.0470497,-0.372001,5,0.134398,0,lost
2026020057,2026-10-08,DAL,BUF,8482803,O. Zellweger,points,over,0.5,0.164247,0.236508,-0.0722609,-0.384073,3.75,0.179745,0,lost
2026020057,2026-10-08,DAL,BUF,8482803,O. Zellweger,assists,under,0.5,0.8744,0.82735,0.0470497,0.0230481,1.17,0.134398,0,won
2026020057,2026-10-08,DAL,BUF,8482803,O. Zellweger,points,under,0.5,0.835753,0.763492,0.0722609,0.0530487,1.26,0.179745,0,won
2026020057,2026-10-08,DAL,BUF,8483425,L. Bichsel,points,over,0.5,0.160014,0.165217,-0.00520305,-0.199928,5,0.174675,0,lost
2026020057,2026-10-08,DAL,BUF,8483425,L. Bichsel,assists,over,0.5,0.11567,0.107951,0.00771934,-0.132472,7.5,0.123077,0,lost
2026020057,2026-10-08,DAL,BUF,8483425,L. Bichsel,goals,over,0.5,0.0752067,0.0728847,0.00232196,0.428927,19,0.078338,0,lost
2026020057,2026-10-08,DAL,BUF,8483425,L. Bichsel,assists,under,0.5,0.88433,0.892049,-0.00771934,-0.0360807,1.09,0.123077,0,won
2026020057,2026-10-08,DAL,BUF,8483425,L. Bichsel,points,under,0.5,0.839986,0.834783,0.00520305,-0.0340165,1.15,0.174675,0,won
2026020057,2026-10-08,DAL,BUF,8483468,J.Kulich,assists,over,0.5,0.217323,0.203056,0.0142666,-0.0655131,4.3,0.245636,0,lost
2026020057,2026-10-08,DAL,BUF,8483468,J.Kulich,points,over,0.5,0.35278,0.308634,0.0441457,0.0406996,2.95,0.436967,0,lost
2026020057,2026-10-08,DAL,BUF,8483468,J.Kulich,goals,over,0.5,0.18674,0.162804,0.0239354,0.120438,6,0.207776,0,lost
2026020057,2026-10-08,DAL,BUF,8483468,J.Kulich,sog,over,1.5,0.449977,0.425183,0.0247938,-0.00105091,2.22,1.55593,0,lost
2026020057,2026-10-08,DAL,BUF,8483468,J.Kulich,assists,under,0.5,0.782677,0.796944,-0.0142666,-0.0529603,1.21,0.245636,0,won
2026020057,2026-10-08,DAL,BUF,8483468,J.Kulich,points,under,0.5,0.64722,0.691366,-0.0441457,-0.106836,1.38,0.436967,0,won
2026020057,2026-10-08,DAL,BUF,8483468,J.Kulich,sog,under,1.5,0.550023,0.574817,-0.0247938,-0.0814617,1.67,1.55593,0,won
2026020057,2026-10-08,DAL,BUF,8483500,N. Ostlund,points,over,0.5,0.408714,0.403375,0.00533878,-0.0190867,2.4,0.528226,0,lost
2026020057,2026-10-08,DAL,BUF,8483500,N. Ostlund,assists,over,0.5,0.287697,0.29907,-0.0113734,-0.136909,3,0.340405,0,lost
2026020057,2026-10-08,DAL,BUF,8483500,N. Ostlund,goals,over,0.5,0.170861,0.198913,-0.0280523,-0.145697,5,0.188247,0,lost
2026020057,2026-10-08,DAL,BUF,8483500,N. Ostlund,points,under,0.5,0.591286,0.596625,-0.00533878,-0.0243779,1.65,0.528226,0,won
2026020057,2026-10-08,DAL,BUF,8483500,N. Ostlund,assists,under,0.5,0.712303,0.70093,0.0113734,-0.0312679,1.36,0.340405,0,won
2026020057,2026-10-08,DAL,BUF,8484145,Z. Benson,sog,over,1.5,0.541463,0.532897,0.00856676,0.0341949,1.91,1.87472,4,won
2026020057,2026-10-08,DAL,BUF,8484145,Z. Benson,goals,over,0.5,0.218485,0.231754,-0.0132692,-0.0605154,4.3,0.248046,0,lost
2026020057,2026-10-08,DAL,BUF,8484145,Z. Benson,points,over,0.5,0.476734,0.463304,0.0134293,0.0011406,2.1,0.651877,0,lost
2026020057,2026-10-08,DAL,BUF,8484145,Z. Benson,assists,over,0.5,0.332005,0.292308,0.039697,0.0458149,3.15,0.405106,0,lost
2026020057,2026-10-08,DAL,BUF,8484145,Z. Benson,sog,under,1.5,0.458537,0.467103,-0.00856676,-0.0370729,2.1,1.87472,4,lost
2026020057,2026-10-08,DAL,BUF,8484145,Z. Benson,points,under,0.5,0.523266,0.536696,-0.0134293,-0.0424225,1.83,0.651877,0,won
2026020057,2026-10-08,DAL,BUF,8484145,Z. Benson,assists,under,0.5,0.667995,0.707692,-0.039697,-0.0915264,1.36,0.405106,0,won
2026020057,2026-10-08,DAL,BUF,8484305,Z. Metsa,assists,over,0.5,0.131185,0.126473,0.00471285,-0.147294,6.5,0.140824,0,lost
2026020057,2026-10-08,DAL,BUF,8484305,Z. Metsa,points,over,0.5,0.172943,0.17265,0.000293804,-0.135283,5,0.190243,0,lost
2026020057,2026-10-08,DAL,BUF,8484305,Z. Metsa,goals,over,0.5,0.0455113,0.0739132,-0.0284019,-0.249063,16.5,0.0466338,0,lost
2026020057,2026-10-08,DAL,BUF,8484305,Z. Metsa,assists,under,0.5,0.868815,0.873527,-0.00471285,-0.0356159,1.11,0.140824,0,won
2026020057,2026-10-08,DAL,BUF,8484305,Z. Metsa,points,under,0.5,0.827057,0.82735,-0.000293804,-0.0323438,1.17,0.190243,0,won
2026020057,2026-10-08,DAL,BUF,8484797,K. Helenius,assists,over,0.5,0.163665,0.17469,-0.011025,-0.19804,4.9,0.179046,0,lost
2026020057,2026-10-08,DAL,BUF,8484797,K. Helenius,points,over,0.5,0.268808,0.295231,-0.0264224,-0.169382,3.09,0.314062,0,lost
2026020057,2026-10-08,DAL,BUF,8484797,K. Helenius,goals,over,0.5,0.135177,0.183325,-0.048148,-0.256527,5.5,0.145759,0,lost
2026020057,2026-10-08,DAL,BUF,8484797,K. Helenius,assists,under,0.5,0.836335,0.82531,0.011025,-0.0214885,1.17,0.179046,0,won
2026020057,2026-10-08,DAL,BUF,8484797,K. Helenius,points,under,0.5,0.731192,0.704769,0.0264224,-0.00557937,1.36,0.314062,0,won
2026020057,2026-10-08,DAL,BUF,8484829,J. Hryckowian,goals,over,0.5,0.169081,0.169678,-0.000597313,0.0313916,6.1,0.186083,0,lost
2026020057,2026-10-08,DAL,BUF,8484829,J. Hryckowian,points,over,0.5,0.327089,0.405341,-0.0782524,-0.247695,2.3,0.397716,0,lost
2026020057,2026-10-08,DAL,BUF,8484829,J. Hryckowian,assists,over,0.5,0.210395,0.29092,-0.0805251,-0.347776,3.1,0.236781,0,lost
2026020057,2026-10-08,DAL,BUF,8484829,J. Hryckowian,points,under,0.5,0.672911,0.594659,0.0782524,0.0699286,1.59,0.397716,0,won
2026020057,2026-10-08,DAL,BUF,8484829,J. Hryckowian,assists,under,0.5,0.789605,0.70908,0.0805251,0.0659669,1.35,0.236781,0,won
2026020057,2026-10-08,DAL,BUF,8484938,A. Hyry,points,over,0.5,0.224269,0.182654,0.0416152,0.054066,4.7,0.254596,0,lost
2026020057,2026-10-08,DAL,BUF,8484938,A. Hyry,goals,over,0.5,0.127134,0.105657,0.0214763,0.144202,9,0.136436,0,lost
2026020057,2026-10-08,DAL,BUF,8484938,A. Hyry,assists,over,0.5,0.128588,0.107951,0.0206374,-0.0355867,7.5,0.137831,0,lost
2026020057,2026-10-08,DAL,BUF,8484938,A. Hyry,points,under,0.5,0.775731,0.817346,-0.0416152,-0.0846378,1.18,0.254596,0,won
2026020057,2026-10-08,DAL,BUF,8484938,A. Hyry,assists,under,0.5,0.871412,0.892049,-0.0206374,-0.0501614,1.09,0.137831,0,won
2026020061,2026-10-08,VAN,CAR,8473533,J. Staal,points,over,0.5,0.406625,0.496165,-0.0895405,-0.227413,1.9,0.524662,0,lost
2026020061,2026-10-08,VAN,CAR,8473533,J. Staal,sog,over,1.5,0.493891,0.5055,-0.0116082,-0.0369116,1.95,1.70345,0,lost
2026020061,2026-10-08,VAN,CAR,8473533,J. Staal,goals,over,0.5,0.205539,0.275974,-0.0704353,-0.260059,3.6,0.23142,0,lost
2026020061,2026-10-08,VAN,CAR,8473533,J. Staal,assists,over,0.5,0.268754,0.30597,-0.0372159,-0.207176,2.95,0.313987,0,lost
2026020061,2026-10-08,VAN,CAR,8473533,J. Staal,points,under,0.5,0.593375,0.503835,0.0895405,0.109611,1.87,0.524662,0,won
2026020061,2026-10-08,VAN,CAR,8473533,J. Staal,sog,under,1.5,0.506109,0.4945,0.0116082,-0.0130884,1.95,1.70345,0,won
2026020061,2026-10-08,VAN,CAR,8473533,J. Staal,assists,under,0.5,0.731246,0.69403,0.0372159,0.00911971,1.38,0.313987,0,won
2026020061,2026-10-08,VAN,CAR,8475791,T. Hall,points,over,0.5,0.477637,0.497128,-0.0194918,-0.0877139,1.91,0.653627,2,won
2026020061,2026-10-08,VAN,CAR,8475791,T. Hall,goals,over,0.5,0.246469,0.267797,-0.0213282,-0.13736,3.5,0.284996,0,lost
2026020061,2026-10-08,VAN,CAR,8475791,T. Hall,sog,over,1.5,0.552019,0.588703,-0.036684,-0.0615672,1.7,1.91465,2,won
2026020061,2026-10-08,VAN,CAR,8475791,T. Hall,assists,over,0.5,0.295882,0.328788,-0.0329055,-0.141942,2.9,0.352043,2,won
2026020061,2026-10-08,VAN,CAR,8475791,T. Hall,points,under,0.5,0.522363,0.502872,0.0194918,-0.0127334,1.89,0.653627,2,lost
2026020061,2026-10-08,VAN,CAR,8475791,T. Hall,assists,under,0.5,0.704118,0.671212,0.0329055,0.0209711,1.45,0.352043,2,lost
2026020061,2026-10-08,VAN,CAR,8475791,T. Hall,sog,under,1.5,0.447981,0.411297,0.036684,0.0527546,2.35,1.91465,2,lost
2026020061,2026-10-08,VAN,CAR,8475848,B. Gallagher,goals,over,0.5,0.0788571,0.120717,-0.0418594,-0.369144,8,0.082309,,void
2026020061,2026-10-08,VAN,CAR,8476422,M. Reilly,goals,over,0.5,0.0287434,0.0738413,-0.0450979,-0.511362,17,0.0291859,0,lost
2026020061,2026-10-08,VAN,CAR,8476467,J. Oleksiak,assists,over,0.5,0.207061,0.116883,0.0901778,0.449426,7,0.232548,0,lost
2026020061,2026-10-08,VAN,CAR,8476467,J. Oleksiak,points,over,0.5,0.286684,0.136905,0.149779,0.720104,6,0.338975,0,lost
2026020061,2026-10-08,VAN,CAR,8476467,J. Oleksiak,goals,over,0.5,0.108066,0.0639583,0.0441074,1.48551,23,0.11469,0,lost
2026020061,2026-10-08,VAN,CAR,8476467,J. Oleksiak,assists,under,0.5,0.792939,0.883117,-0.0901778,-0.127767,1.1,0.232548,0,won
2026020061,2026-10-08,VAN,CAR,8476467,J. Oleksiak,points,under,0.5,0.713316,0.863095,-0.149779,-0.201086,1.12,0.338975,0,won
2026020061,2026-10-08,VAN,CAR,8476873,M. Jankowski,goals,over,0.5,0.191574,0.17563,0.0159433,0.101549,5.75,0.213801,1,won
2026020061,2026-10-08,VAN,CAR,8476906,S. Gostisbehere,points,over,0.5,0.439687,0.542909,-0.103222,-0.208563,1.8,0.582628,2,won
2026020061,2026-10-08,VAN,CAR,8476906,S. Gostisbehere,assists,over,0.5,0.296079,0.45408,-0.158001,-0.363429,2.15,0.352325,2,won
2026020061,2026-10-08,VAN,CAR,8476906,S. Gostisbehere,goals,over,0.5,0.187861,0.160852,0.0270087,0.17413,6.25,0.20917,0,lost
2026020061,2026-10-08,VAN,CAR,8476906,S. Gostisbehere,sog,over,1.5,0.526869,0.545536,-0.018667,-0.0674412,1.77,1.82074,2,won
2026020061,2026-10-08,VAN,CAR,8476906,S. Gostisbehere,points,under,0.5,0.560313,0.457091,0.103222,0.204673,2.15,0.582628,2,lost
2026020061,2026-10-08,VAN,CAR,8476906,S. Gostisbehere,assists,under,0.5,0.703921,0.54592,0.158001,0.267057,1.8,0.352325,2,lost
2026020061,2026-10-08,VAN,CAR,8476906,S. Gostisbehere,sog,under,1.5,0.473131,0.454464,0.018667,0.0219621,2.16,1.82074,2,lost
2026020061,2026-10-08,VAN,CAR,8476921,J. Martinook,assists,over,0.5,0.238454,0.247985,-0.0095314,-0.105799,3.75,0.273147,0,lost
2026020061,2026-10-08,VAN,CAR,8476921,J. Martinook,goals,over,0.5,0.155404,0.194865,-0.0394608,-0.222981,5,0.169612,0,lost
2026020061,2026-10-08,VAN,CAR,8476921,J. Martinook,points,over,0.5,0.344539,0.382793,-0.0382541,-0.138652,2.5,0.424206,0,lost
2026020061,2026-10-08,VAN,CAR,8476921,J. Martinook,sog,over,1.5,0.480302,0.520688,-0.0403861,-0.0970331,1.88,1.65683,3,won
2026020061,2026-10-08,VAN,CAR,8476921,J. Martinook,assists,under,0.5,0.761546,0.752015,0.0095314,-0.0176051,1.29,0.273147,0,won
2026020061,2026-10-08,VAN,CAR,8476921,J. Martinook,points,under,0.5,0.655461,0.617207,0.0382541,0.0290733,1.57,0.424206,0,won
2026020061,2026-10-08,VAN,CAR,8476921,J. Martinook,sog,under,1.5,0.519698,0.479312,0.0403861,0.013412,1.95,1.65683,3,lost
2026020061,2026-10-08,VAN,CAR,8476958,J. Slavin,points,over,0.5,0.395143,0.303059,0.0920842,0.303972,3.3,0.505299,0,lost
2026020061,2026-10-08,VAN,CAR,8476958,J. Slavin,sog,over,1.5,0.536497,0.43651,0.0999873,0.153469,2.15,1.8562,0,lost
2026020061,2026-10-08,VAN,CAR,8476958,J. Slavin,goals,over,0.5,0.107151,0.0863887,0.0207623,0.285812,12,0.11366,0,lost
2026020061,2026-10-08,VAN,CAR,8476958,J. Slavin,assists,over,0.5,0.319452,0.276313,0.0431391,0.054192,3.3,0.386342,0,lost
2026020061,2026-10-08,VAN,CAR,8476958,J. Slavin,points,under,0.5,0.604857,0.696941,-0.0920842,-0.135054,1.43,0.505299,0,won
2026020061,2026-10-08,VAN,CAR,8476958,J. Slavin,sog,under,1.5,0.463503,0.56349,-0.0999873,-0.20741,1.71,1.8562,0,won
2026020061,2026-10-08,VAN,CAR,8476958,J. Slavin,assists,under,0.5,0.680548,0.723687,-0.0431391,-0.0948713,1.33,0.386342,0,won
2026020061,2026-10-08,VAN,CAR,8477478,W. Carrier,points,over,0.5,0.25768,0.351803,-0.0941233,-0.327455,2.61,0.298864,1,won
2026020061,2026-10-08,VAN,CAR,8477478,W. Carrier,goals,over,0.5,0.0817817,0.186944,-0.105162,-0.529755,5.75,0.0855024,0,lost
2026020061,2026-10-08,VAN,CAR,8477478,W. Carrier,sog,over,1.5,0.285812,0.441336,-0.155523,-0.399794,2.1,1.06166,1,lost
2026020061,2026-10-08,VAN,CAR,8477478,W. Carrier,points,under,0.5,0.74232,0.648197,0.0941233,0.0912106,1.47,0.298864,1,lost
2026020061,2026-10-08,VAN,CAR,8477478,W. Carrier,sog,under,1.5,0.714188,0.558664,0.155523,0.214119,1.7,1.06166,1,won
2026020061,2026-10-08,VAN,CAR,8477940,N. Ehlers,goals,over,0.5,0.227646,0.321439,-0.0937937,-0.305681,3.05,0.259987,0,lost
2026020061,2026-10-08,VAN,CAR,8477940,N. Ehlers,sog,over,2.5,0.453157,0.462557,-0.00940087,-0.0257134,2.15,2.53813,1,lost
2026020061,2026-10-08,VAN,CAR,8477940,N. Ehlers,points,over,0.5,0.533082,0.609627,-0.0765443,-0.141737,1.61,0.767432,0,lost
2026020061,2026-10-08,VAN,CAR,8477940,N. Ehlers,assists,over,0.5,0.368389,0.413392,-0.0450035,-0.134286,2.35,0.461599,0,lost
2026020061,2026-10-08,VAN,CAR,8477940,N. Ehlers,points,under,0.5,0.466918,0.390373,0.0765443,0.143948,2.45,0.767432,0,won
2026020061,2026-10-08,VAN,CAR,8477940,N. Ehlers,sog,under,2.5,0.546843,0.537443,0.00940087,-0.0156818,1.8,2.53813,1,won
2026020061,2026-10-08,VAN,CAR,8477940,N. Ehlers,assists,under,0.5,0.631611,0.586608,0.0450035,0.0547907,1.67,0.461599,0,won
2026020061,2026-10-08,VAN,CAR,8478427,S. Aho,assists,over,0.5,0.444819,0.518071,-0.0732516,-0.185981,1.83,0.591938,1,won
2026020061,2026-10-08,VAN,CAR,8478427,S. Aho,sog,over,2.5,0.565442,0.498655,0.0667866,0.130883,2,3.06339,1,lost
2026020061,2026-10-08,VAN,CAR,8478427,S. Aho,points,over,1.5,0.286502,0.344193,-0.0576907,-0.24077,2.65,1.06122,1,lost
2026020061,2026-10-08,VAN,CAR,8478427,S. Aho,goals,over,0.5,0.3345,0.367968,-0.0334681,-0.147026,2.55,0.41139,0,lost
2026020061,2026-10-08,VAN,CAR,8478427,S. Aho,assists,under,0.5,0.555181,0.481929,0.0732516,0.0826024,1.95,0.591938,1,lost
2026020061,2026-10-08,VAN,CAR,8478427,S. Aho,sog,under,2.5,0.434558,0.501345,-0.0667866,-0.169994,1.91,3.06339,1,won
2026020061,2026-10-08,VAN,CAR,8478427,S. Aho,points,under,1.5,0.713498,0.655807,0.0576907,0.0417071,1.46,1.06122,1,won
2026020061,2026-10-08,VAN,CAR,8478444,B. Boeser,sog,over,1.5,0.539897,0.566856,-0.0269596,-0.0767769,1.71,1.86886,1,lost
2026020061,2026-10-08,VAN,CAR,8478444,B. Boeser,goals,over,0.5,0.243728,0.237029,0.00669857,0.0236563,4.2,0.281314,0,lost
2026020061,2026-10-08,VAN,CAR,8478444,B. Boeser,assists,over,0.5,0.350665,0.302109,0.0485556,0.104595,3.15,0.433677,0,lost
2026020061,2026-10-08,VAN,CAR,8478444,B. Boeser,points,over,0.5,0.505318,0.461498,0.0438199,0.0611679,2.1,0.708817,0,lost
2026020061,2026-10-08,VAN,CAR,8478444,B. Boeser,sog,under,1.5,0.460103,0.433144,0.0269596,0.0122276,2.2,1.86886,1,won
2026020061,2026-10-08,VAN,CAR,8478444,B. Boeser,assists,under,0.5,0.649335,0.697891,-0.0485556,-0.090931,1.4,0.433677,0,won
2026020061,2026-10-08,VAN,CAR,8478444,B. Boeser,points,under,0.5,0.494682,0.538502,-0.0438199,-0.094732,1.83,0.708817,0,won
2026020061,2026-10-08,VAN,CAR,8478498,J. DeBrusk,goals,over,0.5,0.253294,0.232798,0.0204964,0.0638355,4.2,0.294227,2,won
2026020061,2026-10-08,VAN,CAR,8478498,J. DeBrusk,points,over,0.5,0.411729,0.423966,-0.0122371,-0.077728,2.24,0.533392,2,won
2026020061,2026-10-08,VAN,CAR,8478498,J. DeBrusk,sog,over,1.5,0.651136,0.608204,0.0429324,0.0287949,1.58,2.33505,4,won
2026020061,2026-10-08,VAN,CAR,8478498,J. DeBrusk,assists,over,0.5,0.217596,0.258998,-0.0414022,-0.260174,3.4,0.245987,0,lost
2026020061,2026-10-08,VAN,CAR,8478498,J. DeBrusk,points,under,0.5,0.588271,0.576034,0.0122371,-0.0175867,1.67,0.533392,2,lost
2026020061,2026-10-08,VAN,CAR,8478498,J. DeBrusk,sog,under,1.5,0.348864,0.391796,-0.0429324,-0.162726,2.4,2.33505,4,lost
2026020061,2026-10-08,VAN,CAR,8478498,J. DeBrusk,assists,under,0.5,0.782404,0.741002,0.0414022,0.0171252,1.3,0.245987,0,won
2026020061,2026-10-08,VAN,CAR,8478970,J. Chatfield,goals,over,0.5,0.0766209,0.0845133,-0.00789233,-0.00392809,13,0.0798745,0,lost
2026020061,2026-10-08,VAN,CAR,8478970,J. Chatfield,points,over,0.5,0.273106,0.308615,-0.0355092,-0.194339,2.95,0.319994,0,lost
2026020061,2026-10-08,VAN,CAR,8478970,J. Chatfield,assists,over,0.5,0.228071,0.262443,-0.0343726,-0.224559,3.4,0.259534,0,lost
2026020061,2026-10-08,VAN,CAR,8478970,J. Chatfield,points,under,0.5,0.726894,0.691385,0.0355092,0.0103833,1.39,0.319994,0,won
2026020061,2026-10-08,VAN,CAR,8478970,J. Chatfield,assists,under,0.5,0.771929,0.737557,0.0343726,0.00350793,1.3,0.259534,0,won
2026020061,2026-10-08,VAN,CAR,8479425,F. Hronek,points,over,0.5,0.533545,0.445536,0.0880089,0.147122,2.15,0.768439,0,lost
2026020061,2026-10-08,VAN,CAR,8479425,F. Hronek,sog,over,1.5,0.5595,0.469125,0.0903752,0.141381,2.04,1.94342,1,lost
2026020061,2026-10-08,VAN,CAR,8479425,F. Hronek,goals,over,0.5,0.10982,0.0999567,0.0098631,0.372747,12.5,0.11667,0,lost
2026020061,2026-10-08,VAN,CAR,8479425,F. Hronek,assists,over,0.5,0.440259,0.39153,0.0487285,0.100647,2.5,0.583661,0,lost
2026020061,2026-10-08,VAN,CAR,8479425,F. Hronek,sog,under,1.5,0.4405,0.530875,-0.0903752,-0.193886,1.83,1.94342,1,won
2026020061,2026-10-08,VAN,CAR,8479425,F. Hronek,points,under,0.5,0.466455,0.554464,-0.0880089,-0.174375,1.77,0.768439,0,won
2026020061,2026-10-08,VAN,CAR,8479425,F. Hronek,assists,under,0.5,0.559741,0.60847,-0.0487285,-0.093219,1.62,0.583661,0,won
2026020061,2026-10-08,VAN,CAR,8480336,S. Walker,points,over,0.5,0.414733,0.389027,0.0257059,-0.00464151,2.4,0.538567,4,won
2026020061,2026-10-08,VAN,CAR,8480336,S. Walker,sog,over,2.5,0.364547,0.381855,-0.0173083,-0.0813411,2.52,2.16744,0,lost
2026020061,2026-10-08,VAN,CAR,8480336,S. Walker,goals,over,0.5,0.163376,0.123427,0.0399496,0.347856,8.25,0.179179,0,lost
2026020061,2026-10-08,VAN,CAR,8480336,S. Walker,assists,over,0.5,0.305195,0.30597,-0.000774433,-0.0996739,2.95,0.365454,4,won
2026020061,2026-10-08,VAN,CAR,8480336,S. Walker,points,under,0.5,0.585267,0.610973,-0.0257059,-0.0811303,1.57,0.538567,4,lost
2026020061,2026-10-08,VAN,CAR,8480336,S. Walker,sog,under,2.5,0.635453,0.618145,0.0173083,-0.0214026,1.54,2.16744,0,won
2026020061,2026-10-08,VAN,CAR,8480336,S. Walker,assists,under,0.5,0.694805,0.69403,0.000774433,-0.0411695,1.38,0.365454,4,lost
2026020061,2026-10-08,VAN,CAR,8480762,E. Robinson,goals,over,0.5,0.129881,0.155763,-0.0258819,-0.123301,6.75,0.139611,0,lost
2026020061,2026-10-08,VAN,CAR,8480817,K. Miller,points,over,0.5,0.419264,0.396847,0.0224174,0.0020416,2.39,0.546424,1,won
2026020061,2026-10-08,VAN,CAR,8480817,K. Miller,assists,over,0.5,0.309816,0.338593,-0.0287766,-0.148005,2.75,0.372176,0,lost
2026020061,2026-10-08,VAN,CAR,8480817,K. Miller,sog,over,1.5,0.489509,0.464013,0.0254965,-0.0454573,1.95,1.68832,1,lost
2026020061,2026-10-08,VAN,CAR,8480817,K. Miller,goals,over,0.5,0.17325,0.121901,0.0513488,0.472624,8.5,0.191161,1,won
2026020061,2026-10-08,VAN,CAR,8480817,K. Miller,points,under,0.5,0.580736,0.603153,-0.0224174,-0.0650155,1.61,0.546424,1,lost
2026020061,2026-10-08,VAN,CAR,8480817,K. Miller,assists,under,0.5,0.690184,0.661407,0.0287766,0.000766454,1.45,0.372176,0,won
2026020061,2026-10-08,VAN,CAR,8480817,K. Miller,sog,under,1.5,0.510491,0.535987,-0.0254965,-0.127061,1.71,1.68832,1,won
2026020061,2026-10-08,VAN,CAR,8480829,J. Kotkaniemi,goals,over,0.5,0.0598898,0.126484,-0.0665944,-0.460992,9,0.0618536,0,lost
2026020061,2026-10-08,VAN,CAR,8480830,A. Svechnikov,goals,over,0.5,0.296423,0.382874,-0.0864508,-0.247085,2.54,0.354687,2,won
2026020061,2026-10-08,VAN,CAR,8480830,A. Svechnikov,assists,over,0.5,0.36216,0.428662,-0.0665023,-0.203248,2.2,0.451696,0,lost
2026020061,2026-10-08,VAN,CAR,8480830,A. Svechnikov,points,over,0.5,0.567083,0.622569,-0.0554856,-0.109679,1.57,0.844258,2,won
2026020061,2026-10-08,VAN,CAR,8480830,A. Svechnikov,sog,over,2.5,0.500062,0.543922,-0.0438595,-0.0998881,1.8,2.74777,4,won
2026020061,2026-10-08,VAN,CAR,8480830,A. Svechnikov,points,under,0.5,0.432917,0.377431,0.0554856,0.103938,2.55,0.844258,2,lost
2026020061,2026-10-08,VAN,CAR,8480830,A. Svechnikov,assists,under,0.5,0.63784,0.571338,0.0665023,0.0651926,1.67,0.451696,0,won
2026020061,2026-10-08,VAN,CAR,8480830,A. Svechnikov,sog,under,2.5,0.499938,0.456078,0.0438595,0.0748664,2.15,2.74777,4,lost
2026020061,2026-10-08,VAN,CAR,8481024,L. Karlsson,points,over,0.5,0.35255,0.329115,0.0234352,-0.00580872,2.82,0.436609,0,lost
2026020061,2026-10-08,VAN,CAR,8481024,L. Karlsson,assists,over,0.5,0.250013,0.224979,0.0250334,-0.0249505,3.9,0.288528,0,lost
2026020061,2026-10-08,VAN,CAR,8481024,L. Karlsson,goals,over,0.5,0.120704,0.164025,-0.0433213,-0.245603,6.25,0.129048,0,lost
2026020061,2026-10-08,VAN,CAR,8481024,L. Karlsson,points,under,0.5,0.64745,0.670885,-0.0234352,-0.0741466,1.43,0.436609,0,won
2026020061,2026-10-08,VAN,CAR,8481024,L. Karlsson,assists,under,0.5,0.749987,0.775021,-0.0250334,-0.0700157,1.24,0.288528,0,won
2026020061,2026-10-08,VAN,CAR,8481032,P. Cotter,goals,over,0.5,0.177066,0.184106,-0.00703954,0.062399,6,0.195832,0,lost
2026020061,2026-10-08,VAN,CAR,8481032,P. Cotter,points,over,0.5,0.292287,0.33593,-0.0436428,-0.199133,2.74,0.346915,0,lost
2026020061,2026-10-08,VAN,CAR,8481032,P. Cotter,points,under,0.5,0.707713,0.66407,0.0436428,0.0120291,1.43,0.346915,0,won
2026020061,2026-10-08,VAN,CAR,8482055,D. O'Connor,goals,over,0.5,0.149514,0.12431,0.0252042,0.233493,8.25,0.162605,0,lost
2026020061,2026-10-08,VAN,CAR,8482079,M. Rossi,points,over,0.5,0.455318,0.428461,0.0268568,-0.00740715,2.18,0.611259,0,lost
2026020061,2026-10-08,VAN,CAR,8482079,M. Rossi,goals,over,0.5,0.244002,0.213496,0.0305065,0.220012,5,0.281682,0,lost
2026020061,2026-10-08,VAN,CAR,8482079,M. Rossi,sog,over,1.5,0.391581,0.443978,-0.0523968,-0.17768,2.1,1.37185,3,won
2026020061,2026-10-08,VAN,CAR,8482079,M. Rossi,assists,over,0.5,0.281561,0.314602,-0.0330406,-0.169395,2.95,0.33177,0,lost
2026020061,2026-10-08,VAN,CAR,8482079,M. Rossi,points,under,0.5,0.544682,0.571539,-0.0268568,-0.101274,1.65,0.611259,0,won
2026020061,2026-10-08,VAN,CAR,8482079,M. Rossi,assists,under,0.5,0.718439,0.685398,0.0330406,0.00581452,1.4,0.33177,0,won
2026020061,2026-10-08,VAN,CAR,8482079,M. Rossi,sog,under,1.5,0.608419,0.556022,0.0523968,0.0343127,1.7,1.37185,3,lost
2026020061,2026-10-08,VAN,CAR,8482691,A. Räty,goals,over,0.5,0.0959744,0.103842,-0.00786776,-0.040256,10,0.101153,0,lost
2026020061,2026-10-08,VAN,CAR,8482702,L. Stankoven,sog,over,2.5,0.407059,0.43237,-0.0253118,-0.0841179,2.25,2.34201,5,won
2026020061,2026-10-08,VAN,CAR,8482702,L. Stankoven,goals,over,0.5,0.291244,0.303454,-0.01221,-0.0971433,3.1,0.347224,3,won
2026020061,2026-10-08,VAN,CAR,8482702,L. Stankoven,points,over,0.5,0.510361,0.493314,0.0170469,-0.0252109,1.91,0.71921,3,won
2026020061,2026-10-08,VAN,CAR,8482702,L. Stankoven,assists,over,0.5,0.30775,0.293639,0.0141112,-0.0459758,3.1,0.369164,0,lost
2026020061,2026-10-08,VAN,CAR,8482702,L. Stankoven,sog,under,2.5,0.592941,0.56763,0.0253118,0.0139296,1.71,2.34201,5,lost
2026020061,2026-10-08,VAN,CAR,8482702,L. Stankoven,points,under,0.5,0.489639,0.506686,-0.0170469,-0.0745819,1.89,0.71921,3,lost
2026020061,2026-10-08,VAN,CAR,8482702,L. Stankoven,assists,under,0.5,0.69225,0.706361,-0.0141112,-0.0654622,1.35,0.369164,0,won
2026020061,2026-10-08,VAN,CAR,8482809,J. Blake,goals,over,0.5,0.179546,0.325018,-0.145473,-0.479318,2.9,0.198879,0,lost
2026020061,2026-10-08,VAN,CAR,8482809,J. Blake,sog,over,2.5,0.398026,0.393583,0.00444343,-0.0487175,2.39,2.30448,5,won
2026020061,2026-10-08,VAN,CAR,8482809,J. Blake,assists,over,0.5,0.407933,0.390228,0.0177051,-0.0209606,2.4,0.526892,2,won
2026020061,2026-10-08,VAN,CAR,8482809,J. Blake,points,over,0.5,0.537582,0.577121,-0.039539,-0.112989,1.65,0.777266,2,won
2026020061,2026-10-08,VAN,CAR,8482809,J. Blake,sog,under,2.5,0.601974,0.606417,-0.00444343,-0.0549011,1.57,2.30448,5,lost
2026020061,2026-10-08,VAN,CAR,8482809,J. Blake,assists,under,0.5,0.592067,0.609772,-0.0177051,-0.0704549,1.57,0.526892,2,lost
2026020061,2026-10-08,VAN,CAR,8482809,J. Blake,points,under,0.5,0.462418,0.422879,0.039539,0.0173191,2.2,0.777266,2,lost
2026020061,2026-10-08,VAN,CAR,8483395,A. Bains,goals,over,0.5,0.0889439,0.0908198,-0.00187591,0.245214,14,0.0933681,0,lost
2026020061,2026-10-08,VAN,CAR,8483476,J. Lekkerimäki,goals,over,0.5,0.140754,0.151786,-0.011032,0.126034,8,0.152277,0,lost
2026020061,2026-10-08,VAN,CAR,8483476,J. Lekkerimäki,points,over,0.5,0.243764,0.295195,-0.0514313,-0.25652,3.05,0.280184,1,won
2026020061,2026-10-08,VAN,CAR,8483476,J. Lekkerimäki,assists,over,0.5,0.127919,0.182654,-0.0547349,-0.39878,4.7,0.137061,1,won
2026020061,2026-10-08,VAN,CAR,8483476,J. Lekkerimäki,points,under,0.5,0.756236,0.704805,0.0514313,0.0284809,1.36,0.280184,1,lost
2026020061,2026-10-08,VAN,CAR,8483476,J. Lekkerimäki,assists,under,0.5,0.872081,0.817346,0.0547349,0.0290553,1.18,0.137061,1,lost
2026020061,2026-10-08,VAN,CAR,8483499,L. Ohgren,goals,over,0.5,0.158438,0.140032,0.0184057,0.188287,7.5,0.173242,0,lost
2026020061,2026-10-08,VAN,CAR,8483499,L. Ohgren,assists,over,0.5,0.279184,0.22987,0.0493135,0.0748569,3.85,0.328445,0,lost
2026020061,2026-10-08,VAN,CAR,8483499,L. Ohgren,points,over,0.5,0.385708,0.323694,0.0620136,0.103123,2.86,0.489666,0,lost
2026020061,2026-10-08,VAN,CAR,8483499,L. Ohgren,assists,under,0.5,0.720816,0.77013,-0.0493135,-0.0989795,1.25,0.328445,0,won
2026020061,2026-10-08,VAN,CAR,8483499,L. Ohgren,points,under,0.5,0.614292,0.676306,-0.0620136,-0.127705,1.42,0.489666,0,won
2026020061,2026-10-08,VAN,CAR,8484136,M. Sasson,assists,over,0.5,0.16614,0.140855,0.0252842,-0.00316206,6,0.18202,0,lost
2026020061,2026-10-08,VAN,CAR,8484136,M. Sasson,goals,over,0.5,0.14575,0.116827,0.0289229,0.311746,9,0.158153,0,lost
2026020061,2026-10-08,VAN,CAR,8484136,M. Sasson,points,over,0.5,0.276668,0.221774,0.0548942,0.106674,4,0.324939,0,lost
2026020061,2026-10-08,VAN,CAR,8484136,M. Sasson,assists,under,0.5,0.83386,0.859145,-0.0252842,-0.0577378,1.13,0.18202,0,won
2026020061,2026-10-08,VAN,CAR,8484136,M. Sasson,points,under,0.5,0.723332,0.778226,-0.0548942,-0.103069,1.24,0.324939,0,won
2026020061,2026-10-08,VAN,CAR,8484240,T. Willander,assists,over,0.5,0.249567,0.22987,0.0196964,-0.0391688,3.85,0.28793,0,lost
2026020061,2026-10-08,VAN,CAR,8484240,T. Willander,goals,over,0.5,0.0795484,0.0665603,0.0129882,0.431872,18,0.0830629,0,lost
2026020061,2026-10-08,VAN,CAR,8484240,T. Willander,points,over,0.5,0.314438,0.263758,0.0506799,0.0659436,3.39,0.378945,0,lost
2026020061,2026-10-08,VAN,CAR,8484240,T. Willander,assists,under,0.5,0.750433,0.77013,-0.0196964,-0.0619582,1.25,0.28793,0,won
2026020061,2026-10-08,VAN,CAR,8484240,T. Willander,points,under,0.5,0.685562,0.736242,-0.0506799,-0.108769,1.3,0.378945,0,won
2026020061,2026-10-08,VAN,CAR,8484798,Z. Buium,goals,over,0.5,0.0984491,0.0739875,0.0244616,0.575185,16,0.103908,0,lost
2026020061,2026-10-08,VAN,CAR,8484798,Z. Buium,points,over,0.5,0.255354,0.262658,-0.00730394,-0.106262,3.5,0.295717,1,won
2026020061,2026-10-08,VAN,CAR,8484798,Z. Buium,assists,over,0.5,0.204684,0.192201,0.0124829,-0.0584559,4.6,0.22954,1,won
2026020061,2026-10-08,VAN,CAR,8484798,Z. Buium,points,under,0.5,0.744646,0.737342,0.00730394,-0.0245135,1.31,0.295717,1,lost
2026020061,2026-10-08,VAN,CAR,8484798,Z. Buium,assists,under,0.5,0.795316,0.807799,-0.0124829,-0.037667,1.21,0.22954,1,lost
